13107
12910
12713
12516
12319
12122
11925
11728
11524
10979
10434
9889
9344
8799
8254
7709
7159
6398
5637
4876
4115
3354
2593
1832
1065
272
-521
-1314
-2107
-2900
-3693
-4486
-5285
-5919
-6553
-7187
-7821
-8455
-9089
-9723
-10360
-10681
-11002
-11323
-11644
-11965
-12286
-12607
-12934
-12866
-12798
-12730
-12662
-12594
-12526
-12458
-12383
-11941
-11499
-11057
-10615
-10173
-9731
-9289
-8843
-8134
-7425
-6716
-6007
-5298
-4589
-3880
-3167
-2362
-1557
-752
53
858
1663
2468
3273
3979
4685
5391
6097
6803
7509
8215
8924
9360
9796
10232
10668
11104
11540
11976
12419
12481
12543
12605
12667
12729
12791
12853
12915
12588
12261
11934
11607
11280
10953
10626
10292
9654
9016
8378
7740
7102
6464
5826
5184
4389
3594
2799
2004
1209
414
-381
-1176
-1935
-2694
-3453
-4212
-4971
-5730
-6489
-7252
-7792
-8332
-8872
-9412
-9952
-10492
-11032
-11577
-11768
-11959
-12150
-12341
-12532
-12723
-12914
-13106
-12902
-12698
-12494
-12290
-12086
-11882
-11678
-11470
-10920
-10370
-9820
-9270
-8720
-8170
-7620
-7063
-6299
-5535
-4771
-4007
-3243
-2479
-1715
-950
-158
634
1426
2218
3010
3802
4594
5391
6021
6651
7281
7911
8541
9171
9801
10431
10746
11061
11376
11691
12006
12321
12636
12952
12876
12800
12724
12648
12572
12496
12420
12344
11896
11448
11000
10552
10104
9656
9208
8755
8042
7329
6616
5903
5190
4477
3764
3051
2246
1441
636
-169
-974
-1779
-2584
-3389
-4091
-4793
-5495
-6197
-6899
-7601
-8303
-9011
-9441
-9871
-10301
-10731
-11161
-11591
-12021
-12457
-12511
-12565
-12619
-12673
-12727
-12781
-12835
-12894
-12560
-12226
-11892
-11558
-11224
-10890
-10556
-10216
-9573
-8930
-8287
-7644
-7001
-6358
-5715
-5071
-4275
-3479
-2683
-1887
-1091
-295
501
1298
2055
2812
3569
4326
5083
5840
6597
7355
7890
8425
8960
9495
10030
10565
11100
11635
11818
12001
12184
12367
12550
12733
12916
13105
12893
12681
12469
12257
12045
11833
11621
11408
10852
10296
9740
9184
8628
8072
7516
6956
6190
5424
4658
3892
3126
2360
1594
824
33
-758
-1549
-2340
-3131
-3922
-4713
-5507
-6132
-6757
-7382
-8007
-8632
-9257
-9882
-10508
-10815
-11122
-11429
-11736
-12043
-12350
-12657
-12971
-12888
-12805
-12722
-12639
-12556
-12473
-12390
-12300
-11845
-11390
-10935
-10480
-10025
-9570
-9115
-8658
-7942
-7226
-6510
-5794
-5078
-4362
-3646
-2924
-2120
-1316
-512
292
1096
1900
2704
3515
4213
4911
5609
6307
7005
7703
8401
9106
9530
9954
10378
10802
11226
11650
12074
12498
12544
12590
12636
12682
12728
12774
12820
12869
12527
12185
11843
11501
11159
10817
10475
10132
9484
8836
8188
7540
6892
6244
5596
4947
4150
3353
2556
1759
962
165
-632
-1433
-2187
-2941
-3695
-4449
-5203
-5957
-6711
-7467
-7995
-8523
-9051
-9579
-10107
-10635
-11163
-11697
-11872
-12047
-12222
-12397
-12572
-12747
-12922
-13101
-12881
-12661
-12441
-12221
-12001
-11781
-11561
-11340
-10778
-10216
-9654
-9092
-8530
-7968
-7406
-6839
-6070
-5301
-4532
-3763
-2994
-2225
-1456
-685
104
893
1682
2471
3260
4049
4838
5633
6252
6871
7490
8109
8728
9347
9966
10591
10890
11189
11488
11787
12086
12385
12684
12990
12898
12806
12714
12622
12530
12438
12346
12251
11789
11327
10865
10403
9941
9479
9017
8551
7831
7111
6391
5671
4951
4231
3511
2785
1981
1177
373
-431
-1235
-2039
-2843
-3653
-4347
-5041
-5735
-6429
-7123
-7817
-8511
-9209
-9625
-10041
-10457
-10873
-11289
-11705
-12121
-12540
-12577
-12614
-12651
-12688
-12725
-12762
-12799
-12841
-12491
-12141
-11791
-11441
-11091
-10741
-10391
-10039
-9386
-8733
-8080
-7427
-6774
-6121
-5468
-4811
-4013
-3215
-2417
-1619
-821
-23
775
1579
2330
3081
3832
4583
5334
6085
6836
7588
8109
8630
9151
9672
10193
10714
11235
11763
11929
12095
12261
12427
12593
12759
12925
13096
12867
12638
12409
12180
11951
11722
11493
11264
10695
10126
9557
8988
8419
7850
7281
6711
5939
5167
4395
3623
2851
2079
1307
535
-253
-1041
-1829
-2617
-3405
-4193
-4981
-5769
-6382
-6995
-7608
-8221
-8834
-9447
-10060
-10680
-10971
-11262
-11553
-11844
-12135
-12426
-12717
-13010
-12909
-12808
-12707
-12606
-12505
-12404
-12303
-12196
-11726
-11256
-10786
-10316
-9846
-9376
-8906
-8434
-7709
-6984
-6259
-5534
-4809
-4084
-3359
-2634
-1830
-1026
-222
582
1386
2190
2994
3801
4490
5179
5868
6557
7246
7935
8624
9319
9727
10135
10543
10951
11359
11767
12175
12585
12613
12641
12669
12697
12725
12753
12781
12809
12450
12091
11732
11373
11014
10655
10296
9937
9278
8619
7960
7301
6642
5983
5324
4664
3864
3064
2264
1464
664
-136
-936
-1736
-2483
-3230
-3977
-4724
-5471
-6218
-6965
-7717
-8231
-8745
-9259
-9773
-10287
-10801
-11315
-11833
-11990
-12147
-12304
-12461
-12618
-12775
-12932
-13089
-12851
-12613
-12375
-12137
-11899
-11661
-11423
-11181
-10605
-10029
-9453
-8877
-8301
-7725
-7149
-6571
-5797
-5023
-4249
-3475
-2701
-1927
-1153
-372
413
1198
1983
2768
3553
4338
5123
5915
6522
7129
7736
8343
8950
9557
10164
10774
11055
11336
11617
11898
12179
12460
12741
13029
12918
12807
12696
12585
12474
12363
12252
12134
11656
11178
10700
10222
9744
9266
8788
8307
7578
6849
6120
5391
4662
3933
3204
2471
1667
863
59
-745
-1549
-2353
-3157
-3961
-4645
-5329
-6013
-6697
-7381
-8065
-8749
-9436
-9835
-10234
-10633
-11032
-11431
-11830
-12229
-12631
-12648
-12665
-12682
-12699
-12716
-12733
-12750
-12772
-12404
-12036
-11668
-11300
-10932
-10564
-10196
-9826
-9161
-8496
-7831
-7166
-6501
-5836
-5171
-4504
-3703
-2902
-2101
-1300
-499
302
1103
1905
2648
3391
4134
4877
5620
6363
7106
7855
8361
8867
9373
9879
10385
10891
11397
11906
12052
12198
12344
12490
12636
12782
12928
13079
12831
12583
12335
12087
11839
11591
11343
11090
10507
9924
9341
8758
8175
7592
7009
6420
5643
4866
4089
3312
2535
1758
981
198
-585
-1368
-2151
-2934
-3717
-4500
-5283
-6071
-6671
-7271
-7871
-8471
-9071
-9671
-10271
-10873
-11144
-11415
-11686
-11957
-12228
-12499
-12770
-13047
-12925
-12803
-12681
-12559
-12437
-12315
-12193
-12066
-11579
-11092
-10605
-10118
-9631
-9144
-8657
-8169
-7435
-6701
-5967
-5233
-4499
-3765
-3031
-2296
-1493
-690
113
916
1719
2522
3325
4131
4809
5487
6165
6843
7521
8199
8877
9560
9949
10338
10727
11116
11505
11894
12283
12678
12684
12690
12696
12702
12708
12714
12720
12730
12352
11974
11596
11218
10840
10462
10084
9705
9034
8363
7692
7021
6350
5679
5008
4333
3531
2729
1927
1125
323
-479
-1281
-2085
-2824
-3563
-4302
-5041
-5780
-6519
-7258
-8001
-8498
-8995
-9492
-9989
-10486
-10983
-11480
-11982
-12117
-12252
-12387
-12522
-12657
-12792
-12927
-13065
-12806
-12547
-12288
-12029
-11770
-11511
-11252
-10990
-10399
-9808
-9217
-8626
-8035
-7444
-6853
-6258
-5478
-4698
-3918
-3138
-2358
-1578
-798
-12
769
1550
2331
3112
3893
4674
5455
6236
6828
7420
8012
8604
9196
9788
10380
10977
11237
11497
11757
12017
12277
12537
12797
13063
12929
12795
12661
12527
12393
12259
12125
11991
11495
10999
10503
10007
9511
9015
8519
8020
7282
6544
5806
5068
4330
3592
2854
2109
1307
505
-297
-1099
-1901
-2703
-3505
-4311
-4983
-5655
-6327
-6999
-7671
-8343
-9015
-9690
-10069
-10448
-10827
-11206
-11585
-11964
-12343
-12725
-12720
-12715
-12710
-12705
-12700
-12695
-12690
-12683
-12295
-11907
-11519
-11131
-10743
-10355
-9967
-9574
-8896
-8218
-7540
-6862
-6184
-5506
-4828
-4150
-3347
-2544
-1741
-938
-135
668
1471
2277
3011
3745
4479
5213
5947
6681
7415
8154
8642
9130
9618
10106
10594
11082
11570
12059
12182
12305
12428
12551
12674
12797
12920
13048
12778
12508
12238
11968
11698
11428
11158
10882
10283
9684
9085
8486
7887
7288
6689
6083
5300
4517
3734
2951
2168
1385
602
-185
-963
-1741
-2519
-3297
-4075
-4853
-5631
-6410
-6994
-7578
-8162
-8746
-9330
-9914
-10498
-11084
-11333
-11582
-11831
-12080
-12329
-12578
-12827
-13078
-12932
-12786
-12640
-12494
-12348
-12202
-12056
-11909
-11403
-10897
-10391
-9885
-9379
-8873
-8367
-7859
-7116
-6373
-5630
-4887
-4144
-3401
-2658
-1909
-1108
-307
494
1295
2096
2897
3698
4502
5167
5832
6497
7162
7827
8492
9157
9825
10193
10561
10929
11297
11665
12033
12401
12772
12755
12738
12721
12704
12687
12670
12653
12630
12231
11832
11433
11034
10635
10236
9837
9433
8749
8065
7381
6697
6013
5329
4645
3954
3150
2346
1542
738
-66
-870
-1674
-2480
-3209
-3938
-4667
-5396
-6125
-6854
-7583
-8315
-8793
-9271
-9749
-10227
-10705
-11183
-11661
-12139
-12250
-12361
-12472
-12583
-12694
-12805
-12916
-13027
-12745
-12463
-12181
-11899
-11617
-11335
-11053
-10764
-10156
-9548
-8940
-8332
-7724
-7116
-6508
-5897
-5111
-4325
-3539
-2753
-1967
-1181
-395
395
1169
1943
2717
3491
4265
5039
5813
6593
7168
7743
8318
8893
9468
10043
10618
11196
11432
11668
11904
12140
12376
12612
12848
13090
12932
12774
12616
12458
12300
12142
11984
11819
11303
10787
10271
9755
9239
8723
8207
7688
6940
6192
5444
4696
3948
3200
2452
1697
897
97
-703
-1503
-2303
-3103
-3903
-4703
-5360
-6017
-6674
-7331
-7988
-8645
-9302
-9966
-10322
-10678
-11034
-11390
-11746
-12102
-12458
-12819
-12788
-12757
-12726
-12695
-12664
-12633
-12602
-12570
-12159
-11748
-11337
-10926
-10515
-10104
-9693
-9281
-8590
-7899
-7208
-6517
-5826
-5135
-4444
-3746
-2941
-2136
-1331
-526
279
1084
1889
2694
3417
4140
4863
5586
6309
7032
7755
8483
8950
9417
9884
10351
10818
11285
11752
12220
12317
12414
12511
12608
12705
12802
12899
13001
12706
12411
12116
11821
11526
11231
10936
10636
10019
9402
8785
8168
7551
6934
6317
5698
4909
4120
3331
2542
1753
964
175
-617
-1387
-2157
-2927
-3697
-4467
-5237
-6007
-6784
-7349
-7914
-8479
-9044
-9609
-10174
-10739
-11310
-11533
-11756
-11979
-12202
-12425
-12648
-12871
-13100
-12928
-12756
-12584
-12412
-12240
-12068
-11896
-11720
-11193
-10666
-10139
-9612
-9085
-8558
-8031
-7504
-6751
-5998
-5245
-4492
-3739
-2986
-2233
-1473
-675
123
921
1719
2517
3315
4113
4914
5563
6212
6861
7510
8159
8808
9457
10112
10456
10800
11144
11488
11832
12176
12520
12864
12819
12774
12729
12684
12639
12594
12549
12504
12081
11658
11235
10812
10389
9966
9543
9118
8419
7720
7021
6322
5623
4924
4225
3526
2721
1916
1111
306
-499
-1304
-2109
-2919
-3636
-4353
-5070
-5787
-6504
-7221
-7938
-8658
-9113
-9568
-10023
-10478
-10933
-11388
-11843
-12302
-12385
-12468
-12551
-12634
-12717
-12800
-12883
-12970
-12662
-12354
-12046
-11738
-11430
-11122
-10814
-10499
-9873
-9247
-8621
-7995
-7369
-6743
-6117
-5488
-4696
-3904
-3112
-2320
-1528
-736
56
851
1617
2383
3149
3915
4681
5447
6213
6984
7539
8094
8649
9204
9759
10314
10869
11427
11636
11845
12054
12263
12472
12681
12890
13105
12919
12733
12547
12361
12175
11989
11803
11612
11075
10538
10001
9464
8927
8390
7853
7309
6550
5791
5032
4273
3514
2755
1996
1237
441
-355
-1151
-1947
-2743
-3539
-4335
-5134
-5775
-6416
-7057
-7698
-8339
-8980
-9621
-10263
-10593
-10923
-11253
-11583
-11913
-12243
-12573
-12908
-12849
-12790
-12731
-12672
-12613
-12554
-12495
-12430
-11995
-11560
-11125
-10690
-10255
-9820
-9385
-8944
-8238
-7532
-6826
-6120
-5414
-4708
-4002
-3293
-2488
-1683
-878
-73
732
1537
2342
3154
3864
4574
5284
5994
6704
7414
8124
8839
9282
9725
10168
10611
11054
11497
11940
12384
12452
12520
12588
12656
12724
12792
12860
12932
12610
12288
11966
11644
11322
11000
10678
10351
9716
9081
8446
7811
7176
6541
5906
5264
4469
3674
2879
2084
1289
494
-301
-1096
-1857
-2618
-3379
-4140
-4901
-5662
-6423
-7191
-7735
-8279
-8823
-9367
-9911
-10455
-10999
-11546
-11741
-11936
-12131
-12326
-12521
-12716
-12911
-13107
-12906
-12705
-12504
-12303
-12102
-11901
-11700
-11495
-10946
-10397
-9848
-9299
-8750
-8201
-7652
-7101
-6337
-5573
-4809
-4045
-3281
-2517
-1753
-988
-195
598
1391
2184
2977
3770
4563
5363
5994
6625
7256
7887
8518
9149
9780
10417
10733
11049
11365
11681
11997
12313
12629
12949
12874
12799
12724
12649
12574
12499
12424
12348
11900
11452
11004
10556
10108
9660
9212
8757
8044
7331
6618
5905
5192
4479
3766
3047
2242
1437
632
-173
-978
-1783
-2588
-3400
-4103
-4806
-5509
-6212
-6915
-7618
-8321
-9025
-9455
-9885
-10315
-10745
-11175
-11605
-12035
-12465
-12517
-12569
-12621
-12673
-12725
-12777
-12829
-12888
-12551
-12214
-11877
-11540
-11203
-10866
-10529
-10191
-9546
-8901
-8256
-7611
-6966
-6321
-5676
-5028
-4231
-3434
-2637
-1840
-1043
-246
551
1352
2108
2864
3620
4376
5132
5888
6644
7406
7938
8470
9002
9534
10066
10598
11130
11666
11845
12024
12203
12382
12561
12740
12919
13103
12887
12671
12455
12239
12023
11807
11591
11368
10807
10246
9685
9124
8563
8002
7441
6880
6111
5342
4573
3804
3035
2266
1497
727
-64
-855
-1646
-2437
-3228
-4019
-4810
-5601
-6222
-6843
-7464
-8085
-8706
-9327
-9948
-10574
-10875
-11176
-11477
-11778
-12079
-12380
-12681
-12987
-12896
-12805
-12714
-12623
-12532
-12441
-12350
-12257
-11795
-11333
-10871
-10409
-9947
-9485
-9023
-8559
-7838
-7117
-6396
-5675
-4954
-4233
-3512
-2788
-1983
-1178
-373
432
1237
2042
2847
3656
4351
5046
5741
6436
7131
7826
8521
9216
9632
10048
10464
10880
11296
11712
12128
12545
12581
12617
12653
12689
12725
12761
12797
12837
12485
12133
11781
11429
11077
10725
10373
10020
9365
8710
8055
7400
6745
6090
5435
4778
3979
3180
2381
1582
783
-16
-815
-1620
-2370
-3120
-3870
-4620
-5370
-6120
-6870
-7627
-8147
-8667
-9187
-9707
-10227
-10747
-11267
-11787
-11950
-12113
-12276
-12439
-12602
-12765
-12928
-13094
-12861
-12628
-12395
-12162
-11929
-11696
-11463
-11230
-10658
-10086
-9514
-8942
-8370
-7798
-7226
-6647
-5873
-5099
-4325
-3551
-2777
-2003
-1229
-454
333
1120
1907
2694
3481
4268
5055
5847
6457
7067
7677
8287
8897
9507
10117
10734
11020
11306
11592
11878
12164
12450
12736
13022
12914
12806
12698
12590
12482
12374
12266
12156
11680
11204
10728
10252
9776
9300
8824
8347
7619
6891
6163
5435
4707
3979
3251
2517
1713
909
105
-699
-1503
-2307
-3111
-3922
-4608
-5294
-5980
-6666
-7352
-8038
-8724
-9412
-9813
-10214
-10615
-11016
-11417
-11818
-12219
-12623
-12642
-12661
-12680
-12699
-12718
-12737
-12756
-12777
-12410
-12043
-11676
-11309
-10942
-10575
-10208
-9838
-9173
-8508
-7843
-7178
-6513
-5848
-5183
-4516
-3715
-2914
-2113
-1312
-511
290
1091
1899
2643
3387
4131
4875
5619
6363
7107
7855
8361
8867
9373
9879
10385
10891
11397
11908
12054
12200
12346
12492
12638
12784
12930
13078
12829
12580
12331
12082
11833
11584
11335
11081
10496
9911
9326
8741
8156
7571
6986
6400
5622
4844
4066
3288
2510
1732
954
169
-614
-1397
-2180
-2963
-3746
-4529
-5312
-6102
-6701
-7300
-7899
-8498
-9097
-9696
-10295
-10896
-11165
-11434
-11703
-11972
-12241
-12510
-12779
-13051
-12926
-12801
-12676
-12551
-12426
-12301
-12176
-12046
-11556
-11066
-10576
-10086
-9596
-9106
-8616
-8123
-7387
-6651
-5915
-5179
-4443
-3707
-2971
-2233
-1430
-627
176
979
1782
2585
3388
4197
4873
5549
6225
6901
7577
8253
8929
9612
9997
10382
10767
11152
11537
11922
12307
12698
12699
12700
12701
12702
12703
12704
12705
12709
12326
11943
11560
11177
10794
10411
10028
9642
8967
8292
7617
6942
6267
5592
4917
4240
3437
2634
1831
1028
225
-578
-1381
-2189
-2926
-3663
-4400
-5137
-5874
-6611
-7348
-8088
-8580
-9072
-9564
-10056
-10548
-11040
-11532
-12028
-12156
-12284
-12412
-12540
-12668
-12796
-12924
-13055
-12789
-12523
-12257
-11991
-11725
-11459
-11193
-10920
-10323
-9726
-9129
-8532
-7935
-7338
-6741
-6140
-5357
-4574
-3791
-3008
-2225
-1442
-659
127
906
1685
2464
3243
4022
4801
5580
6364
6950
7536
8122
8708
9294
9880
10466
11059
11311
11563
11815
12067
12319
12571
12823
13075
12932
12789
12646
12503
12360
12217
12074
11924
11420
10916
10412
9908
9404
8900
8396
7885
7142
6399
5656
4913
4170
3427
2684
1936
1134
332
-470
-1272
-2074
-2876
-3678
-4482
-5148
-5814
-6480
-7146
-7812
-8478
-9144
-9814
-10183
-10552
-10921
-11290
-11659
-12028
-12397
-12770
-12753
-12736
-12719
-12702
-12685
-12668
-12651
-12632
-12233
-11834
-11435
-11036
-10637
-10238
-9839
-9434
-8749
-8064
-7379
-6694
-6009
-5324
-4639
-3950
-3146
-2342
-1538
-734
70
874
1678
2489
3218
3947
4676
5405
6134
6863
7592
8327
8804
9281
9758
10235
10712
11189
11666
12147
12256
12365
12474
12583
12692
12801
12910
13024
12740
12456
12172
11888
11604
11320
11036
10747
10137
9527
8917
8307
7697
7087
6477
5865
5078
4291
3504
2717
1930
1143
356
-436
-1210
-1984
-2758
-3532
-4306
-5080
-5854
-6633
-7206
-7779
-8352
-8925
-9498
-10071
-10644
-11222
-11455
-11688
-11921
-12154
-12387
-12620
-12853
-13093
-12931
-12769
-12607
-12445
-12283
-12121
-11959
-11792
-11273
-10754
-10235
-9716
-9197
-8678
-8159
-7634
-6883
-6132
-5381
-4630
-3879
-3128
-2377
-1626
-826
-26
774
1574
2374
3174
3974
4775
5430
6085
6740
7395
8050
8705
9360
10020
10372
10724
11076
11428
11780
12132
12484
12837
12801
12765
12729
12693
12657
12621
12585
12544
12128
11712
11296
10880
10464
10048
9632
9212
8517
7822
7127
6432
5737
5042
4347
3647
2842
2037
1232
427
-378
-1183
-1988
-2800
-3521
-4242
-4963
-5684
-6405
-7126
-7847
-8569
-9030
-9491
-9952
-10413
-10874
-11335
-11796
-12263
-12353
-12443
-12533
-12623
-12713
-12803
-12893
-12985
-12682
-12379
-12076
-11773
-11470
-11167
-10864
-10560
-9938
-9316
-8694
-8072
-7450
-6828
-6206
-5577
-4786
-3995
-3204
-2413
-1622
-831
-40
756
1525
2294
3063
3832
4601
5370
6139
6908
7467
8026
8585
9144
9703
10262
10821
11385
11599
11813
12027
12241
12455
12669
12883
13104
12922
12740
12558
12376
12194
12012
11830
11647
11113
10579
10045
9511
8977
8443
7909
7368
6610
5852
5094
4336
3578
2820
2062
1303
506
-291
-1088
-1885
-2682
-3479
-4276
-5076
-5719
-6362
-7005
-7648
-8291
-8934
-9577
-10227
-10561
-10895
-11229
-11563
-11897
-12231
-12565
-12899
-12843
-12787
-12731
-12675
-12619
-12563
-12507
-12445
-12012
-11579
-11146
-10713
-10280
-9847
-9414
-8976
-8271
-7566
-6861
-6156
-5451
-4746
-4041
-3331
-2525
-1719
-913
-107
699
1505
2311
3120
3832
4544
5256
5968
6680
7392
8104
8816
9260
9704
10148
10592
11036
11480
11924
12375
12445
12515
12585
12655
12725
12795
12865
12936
12615
12294
11973
11652
11331
11010
10689
10361
9726
9091
8456
7821
7186
6551
5916
5275
4480
3685
2890
2095
1300
505
-290
-1088
-1850
-2612
-3374
-4136
-4898
-5660
-6422
-7189
-7733
-8277
-8821
-9365
-9909
-10453
-10997
-11547
-11742
-11937
-12132
-12327
-12522
-12717
-12912
-13107
-12905
-12703
-12501
-12299
-12097
-11895
-11693
-11490
-10940
-10390
-9840
-9290
-8740
-8190
-7640
-7088
-6323
-5558
-4793
-4028
-3263
-2498
-1733
-968
-174
620
1414
2208
3002
3796
4590
5385
6016
6647
7278
7909
8540
9171
9802
10435
10750
11065
11380
11695
12010
12325
12640
12955
12878
12801
12724
12647
12570
12493
12416
12335
11884
11433
10982
10531
10080
9629
9178
8725
8010
7295
6580
5865
5150
4435
3720
3001
2195
1389
583
-223
-1029
-1835
-2641
-3450
-4152
-4854
-5556
-6258
-6960
-7662
-8364
-9066
-9493
-9920
-10347
-10774
-11201
-11628
-12055
-12484
-12533
-12582
-12631
-12680
-12729
-12778
-12827
-12876
-12535
-12194
-11853
-11512
-11171
-10830
-10489
-10147
-9499
-8851
-8203
-7555
-6907
-6259
-5611
-4958
-4160
-3362
-2564
-1766
-968
-170
628
1432
2187
2942
3697
4452
5207
5962
6717
7475
8004
8533
9062
9591
10120
10649
11178
11707
11881
12055
12229
12403
12577
12751
12925
13100
12878
12656
12434
12212
11990
11768
11546
11318
10753
10188
9623
9058
8493
7928
7363
6793
6022
5251
4480
3709
2938
2167
1396
620
-170
-960
-1750
-2540
-3330
-4120
-4910
-5702
-6319
-6936
-7553
-8170
-8787
-9404
-10021
-10642
-10937
-11232
-11527
-11822
-12117
-12412
-12707
-13003
-12905
-12807
-12709
-12611
-12513
-12415
-12317
-12212
-11743
-11274
-10805
-10336
-9867
-9398
-8929
-8460
-7735
-7010
-6285
-5560
-4835
-4110
-3385
-2657
-1852
-1047
-242
563
1368
2173
2978
3789
4480
5171
5862
6553
7244
7935
8626
9318
9726
10134
10542
10950
11358
11766
12174
12587
12614
12641
12668
12695
12722
12749
12776
12805
12445
12085
11725
11365
11005
10645
10285
9918
9257
8596
7935
7274
6613
5952
5291
4627
3826
3025
2224
1423
622
-179
-980
-1785
-2532
-3279
-4026
-4773
-5520
-6267
-7014
-7766
-8278
-8790
-9302
-9814
-10326
-10838
-11350
-11863
-12015
-12167
-12319
-12471
-12623
-12775
-12927
-13084
-12841
-12598
-12355
-12112
-11869
-11626
-11383
-11133
-10552
-9971
-9390
-8809
-8228
-7647
-7066
-6483
-5706
-4929
-4152
-3375
-2598
-1821
-1044
-260
525
1310
2095
2880
3665
4450
5235
6025
6628
7231
7834
8437
9040
9643
10246
10849
11123
11397
11671
11945
12219
12493
12767
13044
12923
12802
12681
12560
12439
12318
12197
12075
11588
11101
10614
10127
9640
9153
8666
8179
7444
6709
5974
5239
4504
3769
3034
2299
1495
691
-113
-917
-1721
-2525
-3329
-4137
-4816
-5495
-6174
-6853
-7532
-8211
-8890
-9571
-9960
-10349
-10738
-11127
-11516
-11905
-12294
-12684
-12688
-12692
-12696
-12700
-12704
-12708
-12712
-12722
-12341
-11960
-11579
-11198
-10817
-10436
-10055
-9674
-9000
-8326
-7652
-6978
-6304
-5630
-4956
-4281
-3478
-2675
-1872
-1069
-266
537
1340
2150
2888
3626
4364
5102
5840
6578
7316
8060
8554
9048
9542
10036
10530
11024
11518
12016
12146
12276
12406
12536
12666
12796
12926
13058
12793
12528
12263
11998
11733
11468
11203
10933
10336
9739
9142
8545
7948
7351
6754
6157
5374
4591
3808
3025
2242
1459
676
-111
-891
-1671
-2451
-3231
-4011
-4791
-5571
-6353
-6940
-7527
-8114
-8701
-9288
-9875
-10462
-11055
-11307
-11559
-11811
-12063
-12315
-12567
-12819
-13075
-12932
-12789
-12646
-12503
-12360
-12217
-12074
-11925
-11420
-10915
-10410
-9905
-9400
-8895
-8390
-7882
-7138
-6394
-5650
-4906
-4162
-3418
-2674
-1928
-1126
-324
478
1280
2082
2884
3686
4493
5159
5825
6491
7157
7823
8489
9155
9825
10193
10561
10929
11297
11665
12033
12401
12774
12756
12738
12720
12702
12684
12666
12648
12625
12224
11823
11422
11021
10620
10219
9818
9414
8728
8042
7356
6670
5984
5298
4612
3920
3115
2310
1505
700
-105
-910
-1715
-2524
-3253
-3982
-4711
-5440
-6169
-6898
-7627
-8357
-8832
-9307
-9782
-10257
-10732
-11207
-11682
-12163
-12270
-12377
-12484
-12591
-12698
-12805
-12912
-13019
-12732
-12445
-12158
-11871
-11584
-11297
-11010
-10717
-10105
-9493
-8881
-8269
-7657
-7045
-6433
-5816
-5028
-4240
-3452
-2664
-1876
-1088
-300
495
1269
2043
2817
3591
4365
5139
5913
6687
7258
7829
8400
8971
9542
10113
10684
11257
11486
11715
11944
12173
12402
12631
12860
13096
12929
12762
12595
12428
12261
12094
11927
11759
11236
10713
10190
9667
9144
8621
8098
7569
6816
6063
5310
4557
3804
3051
2298
1544
744
-56
-856
-1656
-2456
-3256
-4056
-4856
-5508
-6160
-6812
-7464
-8116
-8768
-9420
-10078
-10425
-10772
-11119
-11466
-11813
-12160
-12507
-12856
-12814
-12772
-12730
-12688
-12646
-12604
-12562
-12515
-12093
-11671
-11249
-10827
-10405
-9983
-9561
-9138
-8439
-7740
-7041
-6342
-5643
-4944
-4245
-3545
-2739
-1933
-1127
-321
485
1291
2097
2908
3626
4344
5062
5780
6498
7216
7934
8656
9112
9568
10024
10480
10936
11392
11848
12304
12386
12468
12550
12632
12714
12796
12878
12967
12657
12347
12037
11727
11417
11107
10797
10485
9857
9229
8601
7973
7345
6717
6089
5459
4666
3873
3080
2287
1494
701
-92
-891
-1657
-2423
-3189
-3955
-4721
-5487
-6253
-7025
-7578
-8131
-8684
-9237
-9790
-10343
-10896
-11455
-11661
-11867
-12073
-12279
-12485
-12691
-12897
-13106
-12915
-12724
-12533
-12342
-12151
-11960
-11769
-11577
-11035
-10493
-9951
-9409
-8867
-8325
-7783
-7240
-6479
-5718
-4957
-4196
-3435
-2674
-1913
-1146
-350
446
1242
2038
2834
3630
4426
5225
5863
6501
7139
7777
8415
9053
9691
10330
10654
10978
11302
11626
11950
12274
12598
12928
12861
12794
12727
12660
12593
12526
12459
12390
11947
11504
11061
10618
10175
9732
9289
8845
8134
7423
6712
6001
5290
4579
3868
3155
2349
1543
737
-69
-875
-1681
-2487
-3300
-4007
-4714
-5421
-6128
-6835
-7542
-8249
-8956
-9391
-9826
-10261
-10696
-11131
-11566
-12001
-12438
-12496
-12554
-12612
-12670
-12728
-12786
-12844
-12902
-12569
-12236
-11903
-11570
-11237
-10904
-10571
-10236
-9593
-8950
-8307
-7664
-7021
-6378
-5735
-5086
-4289
-3492
-2695
-1898
-1101
-304
493
1297
2055
2813
3571
4329
5087
5845
6603
7366
7901
8436
8971
9506
10041
10576
11111
11648
11830
12012
12194
12376
12558
12740
12922
13104
12889
12674
12459
12244
12029
11814
11599
11379
10819
10259
9699
9139
8579
8019
7459
6894
6125
5356
4587
3818
3049
2280
1511
735
-57
-849
-1641
-2433
-3225
-4017
-4809
-5601
-6223
-6845
-7467
-8089
-8711
-9333
-9955
-10579
-10880
-11181
-11482
-11783
-12084
-12385
-12686
-12990
-12898
-12806
-12714
-12622
-12530
-12438
-12346
-12248
-11784
-11320
-10856
-10392
-9928
-9464
-9000
-8535
-7812
-7089
-6366
-5643
-4920
-4197
-3474
-2750
-1944
-1138
-332
474
1280
2086
2892
3701
4395
5089
5783
6477
7171
7865
8559
9255
9668
10081
10494
10907
11320
11733
12146
12563
12595
12627
12659
12691
12723
12755
12787
12822
12466
12110
11754
11398
11042
10686
10330
9969
9310
8651
7992
7333
6674
6015
5356
4697
3896
3095
2294
1493
692
-109
-910
-1714
-2463
-3212
-3961
-4710
-5459
-6208
-6957
-7710
-8225
-8740
-9255
-9770
-10285
-10800
-11315
-11835
-11991
-12147
-12303
-12459
-12615
-12771
-12927
-13088
-12848
-12608
-12368
-12128
-11888
-11648
-11408
-11164
-10585
-10006
-9427
-8848
-8269
-7690
-7111
-6531
-5754
-4977
-4200
-3423
-2646
-1869
-1092
-312
474
1260
2046
2832
3618
4404
5190
5981
6586
7191
7796
8401
9006
9611
10216
10824
11100
11376
11652
11928
12204
12480
12756
13039
12921
12803
12685
12567
12449
12331
12213
12090
11605
11120
10635
10150
9665
9180
8695
8206
7472
6738
6004
5270
4536
3802
3068
2331
1526
721
-84
-889
-1694
-2499
-3304
-4110
-4790
-5470
-6150
-6830
-7510
-8190
-8870
-9554
-9944
-10334
-10724
-11114
-11504
-11894
-12284
-12679
-12684
-12689
-12694
-12699
-12704
-12709
-12714
-12726
-12346
-11966
-11586
-11206
-10826
-10446
-10066
-9685
-9011
-8337
-7663
-6989
-6315
-5641
-4967
-4292
-3488
-2684
-1880
-1076
-272
532
1336
2141
2880
3619
4358
5097
5836
6575
7314
8056
8550
9044
9538
10032
10526
11020
11514
12015
12145
12275
12405
12535
12665
12795
12925
13057
12792
12527
12262
11997
11732
11467
11202
10930
10333
9736
9139
8542
7945
7348
6751
6150
5366
4582
3798
3014
2230
1446
662
-122
-902
-1682
-2462
-3242
-4022
-4802
-5582
-6366
-6953
-7540
-8127
-8714
-9301
-9888
-10475
-11064
-11315
-11566
-11817
-12068
-12319
-12570
-12821
-13076
-12931
-12786
-12641
-12496
-12351
-12206
-12061
-11914
-11408
-10902
-10396
-9890
-9384
-8878
-8372
-7860
-7115
-6370
-5625
-4880
-4135
-3390
-2645
-1897
-1095
-293
509
1311
2113
2915
3717
4525
5190
5855
6520
7185
7850
8515
9180
9850
10216
10582
10948
11314
11680
12046
12412
12783
12762
12741
12720
12699
12678
12657
12636
12613
12209
11805
11401
10997
10593
10189
9785
9381
8693
8005
7317
6629
5941
5253
4565
3871
3065
2259
1453
647
-159
-965
-1771
-2578
-3306
-4034
-4762
-5490
-6218
-6946
-7674
-8402
-8875
-9348
-9821
-10294
-10767
-11240
-11713
-12186
-12289
-12392
-12495
-12598
-12701
-12804
-12907
-13011
-12720
-12429
-12138
-11847
-11556
-11265
-10974
-10678
-10063
-9448
-8833
-8218
-7603
-6988
-6373
-5752
-4962
-4172
-3382
-2592
-1802
-1012
-222
570
1343
2116
2889
3662
4435
5208
5981
6754
7322
7890
8458
9026
9594
10162
10730
11298
11523
11748
11973
12198
12423
12648
12873
13099
12927
12755
12583
12411
12239
12067
11895
11720
11192
10664
10136
9608
9080
8552
8024
7495
6740
5985
5230
4475
3720
2965
2210
1450
651
-148
-947
-1746
-2545
-3344
-4143
-4946
-5595
-6244
-6893
-7542
-8191
-8840
-9489
-10142
-10483
-10824
-11165
-11506
-11847
-12188
-12529
-12876
-12827
-12778
-12729
-12680
-12631
-12582
-12533
-12482
-12054
-11626
-11198
-10770
-10342
-9914
-9486
-9058
-8355
-7652
-6949
-6246
-5543
-4840
-4137
-3434
-2627
-1820
-1013
-206
601
1408
2215
3023
3738
4453
5168
5883
6598
7313
8028
8746
9196
9646
10096
10546
10996
11446
11896
12346
12421
12496
12571
12646
12721
12796
12871
12948
12631
12314
11997
11680
11363
11046
10729
10406
9773
9140
8507
7874
7241
6608
5975
5336
4541
3746
2951
2156
1361
566
-229
-1028
-1792
-2556
-3320
-4084
-4848
-5612
-6376
-7144
-7691
-8238
-8785
-9332
-9879
-10426
-10973
-11525
-11722
-11919
-12116
-12313
-12510
-12707
-12904
-13107
-12907
-12707
-12507
-12307
-12107
-11907
-11707
-11506
-10957
-10408
-9859
-9310
-8761
-8212
-7663
-7111
-6346
-5581
-4816
-4051
-3286
-2521
-1756
-989
-194
601
1396
2191
2986
3781
4576
5373
6005
6637
7269
7901
8533
9165
9797
10430
10745
11060
11375
11690
12005
12320
12635
12954
12877
12800
12723
12646
12569
12492
12415
12333
11881
11429
10977
10525
10073
9621
9169
8716
8000
7284
6568
5852
5136
4420
3704
2982
2175
1368
561
-246
-1053
-1860
-2667
-3475
-4176
-4877
-5578
-6279
-6980
-7681
-8382
-9089
-9514
-9939
-10364
-10789
-11214
-11639
-12064
-12496
-12542
-12588
-12634
-12680
-12726
-12772
-12818
-12867
-12523
-12179
-11835
-11491
-11147
-10803
-10459
-10113
-9462
-8811
-8160
-7509
-6858
-6207
-5556
-4903
-4103
-3303
-2503
-1703
-903
-103
697
1497
2251
3005
3759
4513
5267
6021
6775
7535
8060
8585
9110
9635
10160
10685
11210
11742
11911
12080
12249
12418
12587
12756
12925
13097
12869
12641
12413
12185
11957
11729
11501
11272
10702
10132
9562
8992
8422
7852
7282
6708
5934
5160
4386
3612
2838
2064
1290
515
-274
-1063
-1852
-2641
-3430
-4219
-5008
-5803
-6416
-7029
-7642
-8255
-8868
-9481
-10094
-10712
-11000
-11288
-11576
-11864
-12152
-12440
-12728
-13018
-12912
-12806
-12700
-12594
-12488
-12382
-12276
-12163
-11687
-11211
-10735
-10259
-9783
-9307
-8831
-8353
-7624
-6895
-6166
-5437
-4708
-3979
-3250
-2514
-1708
-902
-96
710
1516
2322
3128
3935
4621
5307
5993
6679
7365
8051
8737
9429
9829
10229
10629
11029
11429
11829
12229
12632
12648
12664
12680
12696
12712
12728
12744
12767
12397
12027
11657
11287
10917
10547
10177
9800
9132
8464
7796
7128
6460
5792
5124
4453
3650
2847
2044
1241
438
-365
-1168
-1976
-2719
-3462
-4205
-4948
-5691
-6434
-7177
-7925
-8428
-8931
-9434
-9937
-10440
-10943
-11446
-11949
-12089
-12229
-12369
-12509
-12649
-12789
-12929
-13070
-12814
-12558
-12302
-12046
-11790
-11534
-11278
-11016
-10425
-9834
-9243
-8652
-8061
-7470
-6879
-6285
-5503
-4721
-3939
-3157
-2375
-1593
-811
-28
755
1538
2321
3104
3887
4670
5453
6236
6829
7422
8015
8608
9201
9794
10387
10985
11245
11505
11765
12025
12285
12545
12805
13066
12930
12794
12658
12522
12386
12250
12114
11972
11472
10972
10472
9972
9472
8972
8472
7970
7228
6486
5744
5002
4260
3518
2776
2031
1227
423
-381
-1185
-1989
-2793
-3597
-4401
-5071
-5741
-6411
-7081
-7751
-8421
-9091
-9764
-10137
-10510
-10883
-11256
-11629
-12002
-12375
-12755
-12742
-12729
-12716
-12703
-12690
-12677
-12664
-12646
-12249
-11852
-11455
-11058
-10661
-10264
-9867
-9466
-8781
-8096
-7411
-6726
-6041
-5356
-4671
-3985
-3179
-2373
-1567
-761
45
851
1657
2464
3195
3926
4657
5388
6119
6850
7581
8314
8792
9270
9748
10226
10704
11182
11660
12144
12254
12364
12474
12584
12694
12804
12914
13024
12739
12454
12169
11884
11599
11314
11029
10739
10128
9517
8906
8295
7684
7073
6462
5844
5055
4266
3477
2688
1899
1110
321
-470
-1245
-2020
-2795
-3570
-4345
-5120
-5895
-6670
-7242
-7814
-8386
-8958
-9530
-10102
-10674
-11250
-11480
-11710
-11940
-12170
-12400
-12630
-12860
-13096
-12929
-12762
-12595
-12428
-12261
-12094
-11927
-11759
-11235
-10711
-10187
-9663
-9139
-8615
-8091
-7565
-6811
-6057
-5303
-4549
-3795
-3041
-2287
-1533
-733
67
867
1667
2467
3267
4067
4871
5523
6175
6827
7479
8131
8783
9435
10093
10439
10785
11131
11477
11823
12169
12515
12861
12817
12773
12729
12685
12641
12597
12553
12505
12081
11657
11233
10809
10385
9961
9537
9109
8408
7707
7006
6305
5604
4903
4202
3499
2692
1885
1078
271
-536
-1343
-2150
-2960
-3677
-4394
-5111
-5828
-6545
-7262
-7979
-8700
-9153
-9606
-10059
-10512
-10965
-11418
-11871
-12326
-12404
-12482
-12560
-12638
-12716
-12794
-12872
-12957
-12643
-12329
-12015
-11701
-11387
-11073
-10759
-10439
-9807
-9175
-8543
-7911
-7279
-6647
-6015
-5383
-4588
-3793
-2998
-2203
-1408
-613
182
980
1745
2510
3275
4040
4805
5570
6335
7105
7654
8203
8752
9301
9850
10399
10948
11504
11704
11904
12104
12304
12504
12704
12904
13107
12910
12713
12516
12319
12122
11925
11728
11524
10976
10428
9880
9332
8784
8236
7688
7140
6376
5612
4848
4084
3320
2556
1792
1021
226
-569
-1364
-2159
-2954
-3749
-4544
-5346
-5979
-6612
-7245
-7878
-8511
-9144
-9777
-10414
-10731
-11048
-11365
-11682
-11999
-12316
-12633
-12951
-12875
-12799
-12723
-12647
-12571
-12495
-12419
-12340
-11889
-11438
-10987
-10536
-10085
-9634
-9183
-8730
-8014
-7298
-6582
-5866
-5150
-4434
-3718
-2997
-2190
-1383
-576
231
1038
1845
2652
3462
4164
4866
5568
6270
6972
7674
8376
9082
9508
9934
10360
10786
11212
11638
12064
12493
12539
12585
12631
12677
12723
12769
12815
12868
12524
12180
11836
11492
11148
10804
10460
10115
9464
8813
8162
7511
6860
6209
5558
4903
4103
3303
2503
1703
903
103
-697
-1500
-2254
-3008
-3762
-4516
-5270
-6024
-6778
-7539
-8064
-8589
-9114
-9639
-10164
-10689
-11214
-11746
-11914
-12082
-12250
-12418
-12586
-12754
-12922
-13097
-12868
-12639
-12410
-12181
-11952
-11723
-11494
-11265
-10694
-10123
-9552
-8981
-8410
-7839
-7268
-6694
-5920
-5146
-4372
-3598
-2824
-2050
-1276
-496
293
1082
1871
2660
3449
4238
5027
5822
6435
7048
7661
8274
8887
9500
10113
10726
11012
11298
11584
11870
12156
12442
12728
13021
12913
12805
12697
12589
12481
12373
12265
12152
11674
11196
10718
10240
9762
9284
8806
8328
7597
6866
6135
5404
4673
3942
3211
2479
1673
867
61
-745
-1551
-2357
-3163
-3971
-4656
-5341
-6026
-6711
-7396
-8081
-8766
-9457
-9855
-10253
-10651
-11049
-11447
-11845
-12243
-12644
-12658
-12672
-12686
-12700
-12714
-12728
-12742
-12757
-12384
-12011
-11638
-11265
-10892
-10519
-10146
-9768
-9098
-8428
-7758
-7088
-6418
-5748
-5078
-4404
-3600
-2796
-1992
-1188
-384
420
1224
2029
2771
3513
4255
4997
5739
6481
7223
7970
8470
8970
9470
9970
10470
10970
11470
11974
12110
12246
12382
12518
12654
12790
12926
13065
12805
12545
12285
12025
11765
11505
11245
10981
10387
9793
9199
8605
8011
7417
6823
6226
5443
4660
3877
3094
2311
1528
745
-42
-824
-1606
-2388
-3170
-3952
-4734
-5516
-6300
-6890
-7480
-8070
-8660
-9250
-9840
-10430
-11026
-11281
-11536
-11791
-12046
-12301
-12556
-12811
-13072
-12931
-12790
-12649
-12508
-12367
-12226
-12085
-11939
-11435
-10931
-10427
-9923
-9419
-8915
-8411
-7903
-7159
-6415
-5671
-4927
-4183
-3439
-2695
-1945
-1142
-339
464
1267
2070
2873
3676
4485
5152
5819
6486
7153
7820
8487
9154
9825
10193
10561
10929
11297
11665
12033
12401
12776
12757
12738
12719
12700
12681
12662
12643
12621
12218
11815
11412
11009
10606
10203
9800
9396
8708
8020
7332
6644
5956
5268
4580
3887
3081
2275
1469
663
-143
-949
-1755
-2567
-3295
-4023
-4751
-5479
-6207
-6935
-7663
-8397
-8870
-9343
-9816
-10289
-10762
-11235
-11708
-12186
-12289
-12392
-12495
-12598
-12701
-12804
-12907
-13011
-12719
-12427
-12135
-11843
-11551
-11259
-10967
-10672
-10056
-9440
-8824
-8208
-7592
-6976
-6360
-5737
-4946
-4155
-3364
-2573
-1782
-991
-200
591
1364
2137
2910
3683
4456
5229
6002
6777
7344
7911
8478
9045
9612
10179
10746
11315
11538
11761
11984
12207
12430
12653
12876
13100
12925
12750
12575
12400
12225
12050
11875
11700
11170
10640
10110
9580
9050
8520
7990
7455
6698
5941
5184
4427
3670
2913
2156
1396
597
-202
-1001
-1800
-2599
-3398
-4197
-5002
-5649
-6296
-6943
-7590
-8237
-8884
-9531
-10184
-10522
-10860
-11198
-11536
-11874
-12212
-12550
-12889
-12836
-12783
-12730
-12677
-12624
-12571
-12518
-12459
-12027
-11595
-11163
-10731
-10299
-9867
-9435
-8999
-8293
-7587
-6881
-6175
-5469
-4763
-4057
-3351
-2544
-1737
-930
-123
684
1491
2298
3112
3825
4538
5251
5964
6677
7390
8103
8819
9264
9709
10154
10599
11044
11489
11934
12381
12449
12517
12585
12653
12721
12789
12857
12931
12607
12283
11959
11635
11311
10987
10663
10336
9698
9060
8422
7784
7146
6508
5870
5227
4430
3633
2836
2039
1242
445
-352
-1152
-1914
-2676
-3438
-4200
-4962
-5724
-6486
-7252
-7794
-8336
-8878
-9420
-9962
-10504
-11046
-11588
-11777
-11966
-12155
-12344
-12533
-12722
-12911
-13106
-12898
-12690
-12482
-12274
-12066
-11858
-11650
-11435
-10879
-10323
-9767
-9211
-8655
-8099
-7543
-6983
-6215
-5447
-4679
-3911
-3143
-2375
-1607
-832
-38
756
1550
2344
3138
3932
4726
5520
6146
6772
7398
8024
8650
9276
9902
10531
10837
11143
11449
11755
12061
12367
12673
12980
12892
12804
12716
12628
12540
12452
12364
12271
11810
11349
10888
10427
9966
9505
9044
8577
7855
7133
6411
5689
4967
4245
3523
2797
1990
1183
376
-431
-1238
-2045
-2852
-3663
-4359
-5055
-5751
-6447
-7143
-7839
-8535
-9233
-9648
-10063
-10478
-10893
-11308
-11723
-12138
-12556
-12589
-12622
-12655
-12688
-12721
-12754
-12787
-12825
-12469
-12113
-11757
-11401
-11045
-10689
-10333
-9974
-9315
-8656
-7997
-7338
-6679
-6020
-5361
-4697
-3895
-3093
-2291
-1489
-687
115
917
1722
2472
3222
3972
4722
5472
6222
6972
7724
8239
8754
9269
9784
10299
10814
11329
11846
12001
12156
12311
12466
12621
12776
12931
13086
12844
12602
12360
12118
11876
11634
11392
11143
10562
9981
9400
8819
8238
7657
7076
6488
5709
4930
4151
3372
2593
1814
1035
255
-531
-1317
-2103
-2889
-3675
-4461
-5247
-6039
-6642
-7245
-7848
-8451
-9054
-9657
-10260
-10865
-11137
-11409
-11681
-11953
-12225
-12497
-12769
-13047
-12923
-12799
-12675
-12551
-12427
-12303
-12179
-12055
-11565
-11075
-10585
-10095
-9605
-9115
-8625
-8130
-7393
-6656
-5919
-5182
-4445
-3708
-2971
-2227
-1422
-617
188
993
1798
2603
3408
4218
4895
5572
6249
6926
7603
8280
8957
9637
10021
10405
10789
11173
11557
11941
12325
12711
12709
12707
12705
12703
12701
12699
12697
12692
12304
11916
11528
11140
10752
10364
9976
9585
8906
8227
7548
6869
6190
5511
4832
4146
3341
2536
1731
926
121
-684
-1489
-2301
-3037
-3773
-4509
-5245
-5981
-6717
-7453
-8190
-8676
-9162
-9648
-10134
-10620
-11106
-11592
-12085
-12204
-12323
-12442
-12561
-12680
-12799
-12918
-13040
-12763
-12486
-12209
-11932
-11655
-11378
-11101
-10822
-10216
-9610
-9004
-8398
-7792
-7186
-6580
-5970
-5183
-4396
-3609
-2822
-2035
-1248
-461
333
1111
1889
2667
3445
4223
5001
5779
6557
7135
7713
8291
8869
9447
10025
10603
11184
11422
11660
11898
12136
12374
12612
12850
13090
12931
12772
12613
12454
12295
12136
11977
11811
11292
10773
10254
9735
9216
8697
8178
7657
6905
6153
5401
4649
3897
3145
2393
1640
838
36
-766
-1568
-2370
-3172
-3974
-4776
-5432
-6088
-6744
-7400
-8056
-8712
-9368
-10030
-10381
-10732
-11083
-11434
-11785
-12136
-12487
-12843
-12804
-12765
-12726
-12687
-12648
-12609
-12570
-12531
-12111
-11691
-11271
-10851
-10431
-10011
-9591
-9169
-8470
-7771
-7072
-6373
-5674
-4975
-4276
-3576
-2769
-1962
-1155
-348
459
1266
2073
2887
3607
4327
5047
5767
6487
7207
7927
8648
9105
9562
10019
10476
10933
11390
11847
12304
12386
12468
12550
12632
12714
12796
12878
12966
12655
12344
12033
11722
11411
11100
10789
10472
9842
9212
8582
7952
7322
6692
6062
5429
4634
3839
3044
2249
1454
659
-136
-934
-1701
-2468
-3235
-4002
-4769
-5536
-6303
-7071
-7623
-8175
-8727
-9279
-9831
-10383
-10935
-11487
-11689
-11891
-12093
-12295
-12497
-12699
-12901
-13107
-12911
-12715
-12519
-12323
-12127
-11931
-11735
-11536
-10989
-10442
-9895
-9348
-8801
-8254
-7707
-7158
-6393
-5628
-4863
-4098
-3333
-2568
-1803
-1038
-242
554
1350
2146
2942
3738
4534
5334
5968
6602
7236
7870
8504
9138
9772
10409
10726
11043
11360
11677
11994
12311
12628
12950
12874
12798
12722
12646
12570
12494
12418
12339
11888
11437
10986
10535
10084
9633
9182
8725
8008
7291
6574
5857
5140
4423
3706
2986
2178
1370
562
-246
-1054
-1862
-2670
-3478
-4180
-4882
-5584
-6286
-6988
-7690
-8392
-9097
-9522
-9947
-10372
-10797
-11222
-11647
-12072
-12501
-12546
-12591
-12636
-12681
-12726
-12771
-12816
-12862
-12516
-12170
-11824
-11478
-11132
-10786
-10440
-10092
-9439
-8786
-8133
-7480
-6827
-6174
-5521
-4866
-4065
-3264
-2463
-1662
-861
-60
741
1545
2299
3053
3807
4561
5315
6069
6823
7580
8103
8626
9149
9672
10195
10718
11241
11770
11935
12100
12265
12430
12595
12760
12925
13095
12863
12631
12399
12167
11935
11703
11471
11232
10658
10084
9510
8936
8362
7788
7214
6634
5858
5082
4306
3530
2754
1978
1202
422
-367
-1156
-1945
-2734
-3523
-4312
-5101
-5893
-6503
-7113
-7723
-8333
-8943
-9553
-10163
-10773
-11055
-11337
-11619
-11901
-12183
-12465
-12747
-13031
-12917
-12803
-12689
-12575
-12461
-12347
-12233
-12117
-11634
-11151
-10668
-10185
-9702
-9219
-8736
-8252
-7518
-6784
-6050
-5316
-4582
-3848
-3114
-2379
-1573
-767
39
845
1651
2457
3263
4073
4755
5437
6119
6801
7483
8165
8847
9534
9926
10318
10710
11102
11494
11886
12278
12674
12680
12686
12692
12698
12704
12710
12716
12728
12348
11968
11588
11208
10828
10448
10068
9683
9008
8333
7658
6983
6308
5633
4958
4280
3475
2670
1865
1060
255
-550
-1355
-2163
-2902
-3641
-4380
-5119
-5858
-6597
-7336
-8082
-8575
-9068
-9561
-10054
-10547
-11040
-11533
-12032
-12159
-12286
-12413
-12540
-12667
-12794
-12921
-13053
-12784
-12515
-12246
-11977
-11708
-11439
-11170
-10895
-10294
-9693
-9092
-8491
-7890
-7289
-6688
-6085
-5299
-4513
-3727
-2941
-2155
-1369
-583
206
986
1766
2546
3326
4106
4886
5666
6448
7032
7616
8200
8784
9368
9952
10536
11120
11365
11610
11855
12100
12345
12590
12835
13084
12932
12780
12628
12476
12324
12172
12020
11862
11349
10836
10323
9810
9297
8784
8271
7752
7003
6254
5505
4756
4007
3258
2509
1754
951
148
-655
-1458
-2261
-3064
-3867
-4670
-5331
-5992
-6653
-7314
-7975
-8636
-9297
-9958
-10315
-10672
-11029
-11386
-11743
-12100
-12457
-12821
-12789
-12757
-12725
-12693
-12661
-12629
-12597
-12562
-12148
-11734
-11320
-10906
-10492
-10078
-9664
-9243
-8547
-7851
-7155
-6459
-5763
-5067
-4371
-3674
-2867
-2060
-1253
-446
361
1168
1975
2789
3512
4235
4958
5681
6404
7127
7850
8574
9036
9498
9960
10422
10884
11346
11808
12271
12359
12447
12535
12623
12711
12799
12887
12979
12673
12367
12061
11755
11449
11143
10837
10527
9900
9273
8646
8019
7392
6765
6138
5511
4717
3923
3129
2335
1541
747
-47
-846
-1615
-2384
-3153
-3922
-4691
-5460
-6229
-6998
-7554
-8110
-8666
-9222
-9778
-10334
-10890
-11446
-11653
-11860
-12067
-12274
-12481
-12688
-12895
-13106
-12915
-12724
-12533
-12342
-12151
-11960
-11769
-11574
-11031
-10488
-9945
-9402
-8859
-8316
-7773
-7223
-6460
-5697
-4934
-4171
-3408
-2645
-1882
-1113
-316
481
1278
2075
2872
3669
4466
5267
5904
6541
7178
7815
8452
9089
9726
10366
10687
11008
11329
11650
11971
12292
12613
12940
12868
12796
12724
12652
12580
12508
12436
12362
11914
11466
11018
10570
10122
9674
9226
8773
8058
7343
6628
5913
5198
4483
3768
3047
2239
1431
623
-185
-993
-1801
-2609
-3420
-4124
-4828
-5532
-6236
-6940
-7644
-8348
-9055
-9483
-9911
-10339
-10767
-11195
-11623
-12051
-12484
-12532
-12580
-12628
-12676
-12724
-12772
-12820
-12873
-12530
-12187
-11844
-11501
-11158
-10815
-10472
-10126
-9475
-8824
-8173
-7522
-6871
-6220
-5569
-4913
-4112
-3311
-2510
-1709
-908
-107
694
1496
2251
3006
3761
4516
5271
6026
6781
7542
8068
8594
9120
9646
10172
10698
11224
11750
11918
12086
12254
12422
12590
12758
12926
13096
12866
12636
12406
12176
11946
11716
11486
11252
10679
10106
9533
8960
8387
7814
7241
6667
5891
5115
4339
3563
2787
2011
1235
458
-332
-1122
-1912
-2702
-3492
-4282
-5072
-5862
-6473
-7084
-7695
-8306
-8917
-9528
-10139
-10755
-11039
-11323
-11607
-11891
-12175
-12459
-12743
-13028
-12916
-12804
-12692
-12580
-12468
-12356
-12244
-12127
-11646
-11165
-10684
-10203
-9722
-9241
-8760
-8272
-7539
-6806
-6073
-5340
-4607
-3874
-3141
-2402
-1596
-790
16
822
1628
2434
3240
4053
4736
5419
6102
6785
7468
8151
8834
9521
9914
10307
10700
11093
11486
11879
12272
12670
12677
12684
12691
12698
12705
12712
12719
12732
12352
11972
11592
11212
10832
10452
10072
9692
9017
8342
7667
6992
6317
5642
4967
4291
3486
2681
1876
1071
266
-539
-1344
-2155
-2895
-3635
-4375
-5115
-5855
-6595
-7335
-8076
-8570
-9064
-9558
-10052
-10546
-11040
-11534
-12030
-12157
-12284
-12411
-12538
-12665
-12792
-12919
-13053
-12784
-12515
-12246
-11977
-11708
-11439
-11170
-10896
-10295
-9694
-9093
-8492
-7891
-7290
-6689
-6084
-5298
-4512
-3726
-2940
-2154
-1368
-582
210
990
1770
2550
3330
4110
4890
5670
6453
7036
7619
8202
8785
9368
9951
10534
11124
11369
11614
11859
12104
12349
12594
12839
13084
12931
12778
12625
12472
12319
12166
12013
11857
11343
10829
10315
9801
9287
8773
8259
7740
6990
6240
5490
4740
3990
3240
2490
1738
935
132
-671
-1474
-2277
-3080
-3883
-4687
-5347
-6007
-6667
-7327
-7987
-8647
-9307
-9971
-10327
-10683
-11039
-11395
-11751
-12107
-12463
-12825
-12792
-12759
-12726
-12693
-12660
-12627
-12594
-12555
-12139
-11723
-11307
-10891
-10475
-10059
-9643
-9225
-8528
-7831
-7134
-6437
-5740
-5043
-4346
-3647
-2839
-2031
-1223
-415
393
1201
2009
2819
3541
4263
4985
5707
6429
7151
7873
8598
9058
9518
9978
10438
10898
11358
11818
12283
12369
12455
12541
12627
12713
12799
12885
12974
12666
12358
12050
11742
11434
11126
10818
10504
9876
9248
8620
7992
7364
6736
6108
5474
4679
3884
3089
2294
1499
704
-91
-889
-1657
-2425
-3193
-3961
-4729
-5497
-6265
-7036
-7590
-8144
-8698
-9252
-9806
-10360
-10914
-11469
-11673
-11877
-12081
-12285
-12489
-12693
-12897
-13106
-12912
-12718
-12524
-12330
-12136
-11942
-11748
-11550
-11004
-10458
-9912
-9366
-8820
-8274
-7728
-7179
-6414
-5649
-4884
-4119
-3354
-2589
-1824
-1058
-261
536
1333
2130
2927
3724
4521
5320
5955
6590
7225
7860
8495
9130
9765
10402
10720
11038
11356
11674
11992
12310
12628
12949
12873
12797
12721
12645
12569
12493
12417
12340
11888
11436
10984
10532
10080
9628
9176
8724
8007
7290
6573
5856
5139
4422
3705
2981
2173
1365
557
-251
-1059
-1867
-2675
-3487
-4189
-4891
-5593
-6295
-6997
-7699
-8401
-9106
-9531
-9956
-10381
-10806
-11231
-11656
-12081
-12506
-12550
-12594
-12638
-12682
-12726
-12770
-12814
-12858
-12511
-12164
-11817
-11470
-11123
-10776
-10429
-10076
-9422
-8768
-8114
-7460
-6806
-6152
-5498
-4838
-4036
-3234
-2432
-1630
-828
-26
776
1578
2332
3086
3840
4594
5348
6102
6856
7611
8133
8655
9177
9699
10221
10743
11265
11788
11951
12114
12277
12440
12603
12766
12929
13093
12857
12621
12385
12149
11913
11677
11441
11205
10628
10051
9474
8897
8320
7743
7166
6587
5809
5031
4253
3475
2697
1919
1141
363
-426
-1215
-2004
-2793
-3582
-4371
-5160
-5949
-6556
-7163
-7770
-8377
-8984
-9591
-10198
-10811
-11089
-11367
-11645
-11923
-12201
-12479
-12757
-13039
-12921
-12803
-12685
-12567
-12449
-12331
-12213
-12088
-11601
-11114
-10627
-10140
-9653
-9166
-8679
-8190
-7454
-6718
-5982
-5246
-4510
-3774
-3038
-2296
-1490
-684
122
928
1734
2540
3346
4157
4837
5517
6197
6877
7557
8237
8917
9597
9984
10371
10758
11145
11532
11919
12306
12698
12698
12698
12698
12698
12698
12698
12698
12704
12318
11932
11546
11160
10774
10388
10002
9612
8933
8254
7575
6896
6217
5538
4859
4178
3372
2566
1760
954
148
-658
-1464
-2275
-3012
-3749
-4486
-5223
-5960
-6697
-7434
-8173
-8661
-9149
-9637
-10125
-10613
-11101
-11589
-12079
-12199
-12319
-12439
-12559
-12679
-12799
-12919
-13041
-12764
-12487
-12210
-11933
-11656
-11379
-11102
-10823
-10216
-9609
-9002
-8395
-7788
-7181
-6574
-5966
-5178
-4390
-3602
-2814
-2026
-1238
-450
344
1122
1900
2678
3456
4234
5012
5790
6571
7149
7727
8305
8883
9461
10039
10617
11196
11433
11670
11907
12144
12381
12618
12855
13092
12930
12768
12606
12444
12282
12120
11958
11795
11274
10753
10232
9711
9190
8669
8148
7623
6870
6117
5364
4611
3858
3105
2352
1592
790
-12
-814
-1616
-2418
-3220
-4022
-4826
-5481
-6136
-6791
-7446
-8101
-8756
-9411
-10068
-10416
-10764
-11112
-11460
-11808
-12156
-12504
-12856
-12813
-12770
-12727
-12684
-12641
-12598
-12555
-12509
-12085
-11661
-11237
-10813
-10389
-9965
-9541
-9112
-8410
-7708
-7006
-6304
-5602
-4900
-4198
-3494
-2686
-1878
-1070
-262
546
1354
2162
2976
3694
4412
5130
5848
6566
7284
8002
8721
9173
9625
10077
10529
10981
11433
11885
12340
12416
12492
12568
12644
12720
12796
12872
12949
12631
12313
11995
11677
11359
11041
10723
10402
9767
9132
8497
7862
7227
6592
5957
5317
4520
3723
2926
2129
1332
535
-262
-1062
-1827
-2592
-3357
-4122
-4887
-5652
-6417
-7184
-7730
-8276
-8822
-9368
-9914
-10460
-11006
-11554
-11748
-11942
-12136
-12330
-12524
-12718
-12912
-13106
-12901
-12696
-12491
-12286
-12081
-11876
-11671
-11463
-10909
-10355
-9801
-9247
-8693
-8139
-7585
-7024
-6255
-5486
-4717
-3948
-3179
-2410
-1641
-872
-77
718
1513
2308
3103
3898
4693
5491
6119
6747
7375
8003
8631
9259
9887
10517
10824
11131
11438
11745
12052
12359
12666
12978
12890
12802
12714
12626
12538
12450
12362
12274
11812
11350
10888
10426
9964
9502
9040
8576
7853
7130
6407
5684
4961
4238
3515
2788
1980
1172
364
-444
-1252
-2060
-2868
-3680
-4376
-5072
-5768
-6464
-7160
-7856
-8552
-9251
-9665
-10079
-10493
-10907
-11321
-11735
-12149
-12566
-12597
-12628
-12659
-12690
-12721
-12752
-12783
-12817
-12458
-12099
-11740
-11381
-11022
-10663
-10304
-9941
-9279
-8617
-7955
-7293
-6631
-5969
-5307
-4641
-3838
-3035
-2232
-1429
-626
177
980
1790
2539
3288
4037
4786
5535
6284
7033
7785
8297
8809
9321
9833
10345
10857
11369
11882
12031
12180
12329
12478
12627
12776
12925
13081
12832
12583
12334
12085
11836
11587
11338
11089
10502
9915
9328
8741
8154
7567
6980
6393
5611
4829
4047
3265
2483
1701
919
137
-649
-1435
-2221
-3007
-3793
-4579
-5365
-6151
-6749
-7347
-7945
-8543
-9141
-9739
-10337
-10940
-11205
-11470
-11735
-12000
-12265
-12530
-12795
-13060
-12927
-12794
-12661
-12528
-12395
-12262
-12129
-11995
-11497
-10999
-10501
-10003
-9505
-9007
-8509
-8005
-7262
-6519
-5776
-5033
-4290
-3547
-2804
-2061
-1256
-451
354
1159
1964
2769
3574
4384
5056
5728
6400
7072
7744
8416
9088
9761
10135
10509
10883
11257
11631
12005
12379
12757
12743
12729
12715
12701
12687
12673
12659
12641
12242
11843
11444
11045
10646
10247
9848
9442
8755
8068
7381
6694
6007
5320
4633
3939
3132
2325
1518
711
-96
-903
-1710
-2523
-3254
-3985
-4716
-5447
-6178
-6909
-7640
-8371
-8846
-9321
-9796
-10271
-10746
-11221
-11696
-12177
-12281
-12385
-12489
-12593
-12697
-12801
-12905
-13012
-12720
-12428
-12136
-11844
-11552
-11260
-10968
-10674
-10057
-9440
-8823
-8206
-7589
-6972
-6355
-5731
-4939
-4147
-3355
-2563
-1771
-979
-187
609
1383
2157
2931
3705
4479
5253
6027
6801
7367
7933
8499
9065
9631
10197
10763
11334
11555
11776
11997
12218
12439
12660
12881
13102
12924
12746
12568
12390
12212
12034
11856
11674
11140
10606
10072
9538
9004
8470
7936
7398
6638
5878
5118
4358
3598
2838
2078
1317
517
-283
-1083
-1883
-2683
-3483
-4283
-5085
-5730
-6375
-7020
-7665
-8310
-8955
-9600
-10246
-10578
-10910
-11242
-11574
-11906
-12238
-12570
-12908
-12848
-12788
-12728
-12668
-12608
-12548
-12488
-12421
-11982
-11543
-11104
-10665
-10226
-9787
-9348
-8903
-8192
-7481
-6770
-6059
-5348
-4637
-3926
-3213
-2404
-1595
-786
23
832
1641
2450
3260
3969
4678
5387
6096
6805
7514
8223
8938
9375
9812
10249
10686
11123
11560
11997
12436
12494
12552
12610
12668
12726
12784
12842
12900
12565
12230
11895
11560
11225
10890
10555
10216
9569
8922
8275
7628
6981
6334
5687
5040
4240
3440
2640
1840
1040
240
-560
-1366
-2125
-2884
-3643
-4402
-5161
-5920
-6679
-7438
-7970
-8502
-9034
-9566
-10098
-10630
-11162
-11696
-11871
-12046
-12221
-12396
-12571
-12746
-12921
-13100
-12876
-12652
-12428
-12204
-11980
-11756
-11532
-11308
-10739
-10170
-9601
-9032
-8463
-7894
-7325
-6756
-5981
-5206
-4431
-3656
-2881
-2106
-1331
-556
235
1026
1817
2608
3399
4190
4981
5779
6394
7009
7624
8239
8854
9469
10084
10705
10994
11283
11572
11861
12150
12439
12728
13019
12912
12805
12698
12591
12484
12377
12270
12156
11678
11200
10722
10244
9766
9288
8810
8326
7594
6862
6130
5398
4666
3934
3202
2465
1658
851
44
-763
-1570
-2377
-3184
-3997
-4682
-5367
-6052
-6737
-7422
-8107
-8792
-9484
-9880
-10276
-10672
-11068
-11464
-11860
-12256
-12657
-12667
-12677
-12687
-12697
-12707
-12717
-12727
-12742
-12364
-11986
-11608
-11230
-10852
-10474
-10096
-9716
-9042
-8368
-7694
-7020
-6346
-5672
-4998
-4320
-3514
-2708
-1902
-1096
-290
516
1322
2130
2871
3612
4353
5094
5835
6576
7317
8061
8556
9051
9546
10041
10536
11031
11526
12024
12152
12280
12408
12536
12664
12792
12920
13054
12785
12516
12247
11978
11709
11440
11171
10897
10295
9693
9091
8489
7887
7285
6683
6081
5294
4507
3720
2933
2146
1359
572
-218
-998
-1778
-2558
-3338
-4118
-4898
-5678
-6465
-7048
-7631
-8214
-8797
-9380
-9963
-10546
-11134
-11378
-11622
-11866
-12110
-12354
-12598
-12842
-13086
-12931
-12776
-12621
-12466
-12311
-12156
-12001
-11844
-11328
-10812
-10296
-9780
-9264
-8748
-8232
-7711
-6960
-6209
-5458
-4707
-3956
-3205
-2454
-1696
-893
-90
713
1516
2319
3122
3925
4732
5391
6050
6709
7368
8027
8686
9345
10006
10359
10712
11065
11418
11771
12124
12477
12837
12800
12763
12726
12689
12652
12615
12578
12536
12116
11696
11276
10856
10436
10016
9596
9175
8475
7775
7075
6375
5675
4975
4275
3574
2765
1956
1147
338
-471
-1280
-2089
-2898
-3618
-4338
-5058
-5778
-6498
-7218
-7938
-8664
-9120
-9576
-10032
-10488
-10944
-11400
-11856
-12315
-12395
-12475
-12555
-12635
-12715
-12795
-12875
-12960
-12646
-12332
-12018
-11704
-11390
-11076
-10762
-10442
-9809
-9176
-8543
-7910
-7277
-6644
-6011
-5374
-4577
-3780
-2983
-2186
-1389
-592
205
1004
1770
2536
3302
4068
4834
5600
6366
7138
7686
8234
8782
9330
9878
10426
10974
11529
11726
11923
12120
12317
12514
12711
12908
13107
12905
12703
12501
12299
12097
11895
11693
11484
10931
10378
9825
9272
8719
8166
7613
7059
6291
5523
4755
3987
3219
2451
1683
910
114
-682
-1478
-2274
-3070
-3866
-4662
-5460
-6089
-6718
-7347
-7976
-8605
-9234
-9863
-10498
-10807
-11116
-11425
-11734
-12043
-12352
-12661
-12974
-12888
-12802
-12716
-12630
-12544
-12458
-12372
-12282
-11821
-11360
-10899
-10438
-9977
-9516
-9055
-8592
-7869
-7146
-6423
-5700
-4977
-4254
-3531
-2804
-1996
-1188
-380
428
1236
2044
2852
3667
4364
5061
5758
6455
7152
7849
8546
9244
9659
10074
10489
10904
11319
11734
12149
12564
12595
12626
12657
12688
12719
12750
12781
12817
12458
12099
11740
11381
11022
10663
10304
9941
9278
8615
7952
7289
6626
5963
5300
4637
3833
3029
2225
1421
617
-187
-991
-1798
-2547
-3296
-4045
-4794
-5543
-6292
-7041
-7794
-8305
-8816
-9327
-9838
-10349
-10860
-11371
-11888
-12036
-12184
-12332
-12480
-12628
-12776
-12924
-13079
-12829
-12579
-12329
-12079
-11829
-11579
-11329
-11077
-10489
-9901
-9313
-8725
-8137
-7549
-6961
-6370
-5588
-4806
-4024
-3242
-2460
-1678
-896
-108
678
1464
2250
3036
3822
4608
5394
6180
6777
7374
7971
8568
9165
9762
10359
10960
11222
11484
11746
12008
12270
12532
12794
13063
12928
12793
12658
12523
12388
12253
12118
11978
11477
10976
10475
9974
9473
8972
8471
7967
7223
6479
5735
4991
4247
3503
2759
2012
1207
402
-403
-1208
-2013
-2818
-3623
-4435
-5105
-5775
-6445
-7115
-7785
-8455
-9125
-9799
-10170
-10541
-10912
-11283
-11654
-12025
-12396
-12770
-12752
-12734
-12716
-12698
-12680
-12662
-12644
-12624
-12221
-11818
-11415
-11012
-10609
-10206
-9803
-9394
-8704
-8014
-7324
-6634
-5944
-5254
-4564
-3871
-3063
-2255
-1447
-639
169
977
1785
2597
3326
4055
4784
5513
6242
6971
7700
8431
8903
9375
9847
10319
10791
11263
11735
12207
12306
12405
12504
12603
12702
12801
12900
13002
12705
12408
12111
11814
11517
11220
10923
10622
10001
9380
8759
8138
7517
6896
6275
5648
4854
4060
3266
2472
1678
884
90
-705
-1477
-2249
-3021
-3793
-4565
-5337
-6109
-6886
-7448
-8010
-8572
-9134
-9696
-10258
-10820
-11385
-11599
-11813
-12027
-12241
-12455
-12669
-12883
-13104
-12919
-12734
-12549
-12364
-12179
-11994
-11809
-11623
-11083
-10543
-10003
-9463
-8923
-8383
-7843
-7303
-6541
-5779
-5017
-4255
-3493
-2731
-1969
-1200
-401
398
1197
1996
2795
3594
4393
5196
5836
6476
7116
7756
8396
9036
9676
10323
10648
10973
11298
11623
11948
12273
12598
12930
12861
12792
12723
12654
12585
12516
12447
12378
11932
11486
11040
10594
10148
9702
9256
8804
8089
7374
6659
5944
5229
4514
3799
3079
2270
1461
652
-157
-966
-1775
-2584
-3397
-4102
-4807
-5512
-6217
-6922
-7627
-8332
-9044
-9473
-9902
-10331
-10760
-11189
-11618
-12047
-12483
-12531
-12579
-12627
-12675
-12723
-12771
-12819
-12872
-12528
-12184
-11840
-11496
-11152
-10808
-10464
-10118
-9465
-8812
-8159
-7506
-6853
-6200
-5547
-4892
-4090
-3288
-2486
-1684
-882
-80
722
1528
2283
3038
3793
4548
5303
6058
6813
7575
8099
8623
9147
9671
10195
10719
11243
11772
11937
12102
12267
12432
12597
12762
12927
13094
12860
12626
12392
12158
11924
11690
11456
11217
10640
10063
9486
8909
8332
7755
7178
6601
5823
5045
4267
3489
2711
1933
1155
371
-418
-1207
-1996
-2785
-3574
-4363
-5152
-5947
-6555
-7163
-7771
-8379
-8987
-9595
-10203
-10815
-11093
-11371
-11649
-11927
-12205
-12483
-12761
-13040
-12920
-12800
-12680
-12560
-12440
-12320
-12200
-12080
-11592
-11104
-10616
-10128
-9640
-9152
-8664
-8169
-7431
-6693
-5955
-5217
-4479
-3741
-3003
-2263
-1456
-649
158
965
1772
2579
3386
4196
4875
5554
6233
6912
7591
8270
8949
9630
10015
10400
10785
11170
11555
11940
12325
12712
12709
12706
12703
12700
12697
12694
12691
12688
12298
11908
11518
11128
10738
10348
9958
9565
8883
8201
7519
6837
6155
5473
4791
4105
3298
2491
1684
877
70
-737
-1544
-2357
-3092
-3827
-4562
-5297
-6032
-6767
-7502
-8244
-8728
-9212
-9696
-10180
-10664
-11148
-11632
-12117
-12231
-12345
-12459
-12573
-12687
-12801
-12915
-13030
-12747
-12464
-12181
-11898
-11615
-11332
-11049
-10760
-10148
-9536
-8924
-8312
-7700
-7088
-6476
-5861
-5070
-4279
-3488
-2697
-1906
-1115
-324
469
1246
2023
2800
3577
4354
5131
5908
6685
7257
7829
8401
8973
9545
10117
10689
11268
11496
11724
11952
12180
12408
12636
12864
13098
12927
12756
12585
12414
12243
12072
11901
11728
11199
10670
10141
9612
9083
8554
8025
7492
6734
5976
5218
4460
3702
2944
2186
1426
625
-176
-977
-1778
-2579
-3380
-4181
-4988
-5637
-6286
-6935
-7584
-8233
-8882
-9531
-10184
-10522
-10860
-11198
-11536
-11874
-12212
-12550
-12892
-12837
-12782
-12727
-12672
-12617
-12562
-12507
-12449
-12014
-11579
-11144
-10709
-10274
-9839
-9404
-8965
-8256
-7547
-6838
-6129
-5420
-4711
-4002
-3291
-2482
-1673
-864
-55
754
1563
2372
3187
3899
4611
5323
6035
6747
7459
8171
8887
9328
9769
10210
10651
11092
11533
11974
12416
12477
12538
12599
12660
12721
12782
12843
12910
12578
12246
11914
11582
11250
10918
10586
10250
9605
8960
8315
7670
7025
6380
5735
5086
4286
3486
2686
1886
1086
286
-514
-1321
-2081
-2841
-3601
-4361
-5121
-5881
-6641
-7406
-7940
-8474
-9008
-9542
-10076
-10610
-11144
-11681
-11858
-12035
-12212
-12389
-12566
-12743
-12920
-13101
-12879
-12657
-12435
-12213
-11991
-11769
-11547
-11321
-10753
-10185
-9617
-9049
-8481
-7913
-7345
-6773
-5998
-5223
-4448
-3673
-2898
-2123
-1348
-571
221
1013
1805
2597
3389
4181
4973
5770
6386
7002
7618
8234
8850
9466
10082
10702
10991
11280
11569
11858
12147
12436
12725
13019
12911
12803
12695
12587
12479
12371
12263
12154
11675
11196
10717
10238
9759
9280
8801
8319
7586
6853
6120
5387
4654
3921
3188
2451
1643
835
27
-781
-1589
-2397
-3205
-4016
-4701
-5386
-6071
-6756
-7441
-8126
-8811
-9501
-9896
-10291
-10686
-11081
-11476
-11871
-12266
-12665
-12673
-12681
-12689
-12697
-12705
-12713
-12721
-12733
-12353
-11973
-11593
-11213
-10833
-10453
-10073
-9690
-9014
-8338
-7662
-6986
-6310
-5634
-4958
-4278
-3471
-2664
-1857
-1050
-243
564
1371
2179
2919
3659
4399
5139
5879
6619
7359
8104
8597
9090
9583
10076
10569
11062
11555
12048
12173
12298
12423
12548
12673
12798
12923
13048
12775
12502
12229
11956
11683
11410
11137
10859
10254
9649
9044
8439
7834
7229
6624
6015
5226
4437
3648
2859
2070
1281
492
-297
-1077
-1857
-2637
-3417
-4197
-4977
-5757
-6538
-7118
-7698
-8278
-8858
-9438
-10018
-10598
-11181
-11419
-11657
-11895
-12133
-12371
-12609
-12847
-13091
-12930
-12769
-12608
-12447
-12286
-12125
-11964
-11801
-11280
-10759
-10238
-9717
-9196
-8675
-8154
-7627
-6873
-6119
-5365
-4611
-3857
-3103
-2349
-1588
-785
18
821
1624
2427
3230
4033
4838
5493
6148
6803
7458
8113
8768
9423
10082
10429
10776
11123
11470
11817
12164
12511
12862
12817
12772
12727
12682
12637
12592
12547
12498
12071
11644
11217
10790
10363
9936
9509
9079
8375
7671
6967
6263
5559
4855
4151
3440
2631
1822
1013
204
-605
-1414
-2223
-3038
-3755
-4472
-5189
-5906
-6623
-7340
-8057
-8775
-9224
-9673
-10122
-10571
-11020
-11469
-11918
-12367
-12438
-12509
-12580
-12651
-12722
-12793
-12864
-12935
-12611
-12287
-11963
-11639
-11315
-10991
-10667
-10342
-9702
-9062
-8422
-7782
-7142
-6502
-5862
-5220
-4421
-3622
-2823
-2024
-1225
-426
373
1177
1940
2703
3466
4229
4992
5755
6518
7287
7828
8369
8910
9451
9992
10533
11074
11616
11802
11988
12174
12360
12546
12732
12918
13105
12891
12677
12463
12249
12035
11821
11607
11390
10828
10266
9704
9142
8580
8018
7456
6890
6117
5344
4571
3798
3025
2252
1479
706
-88
-882
-1676
-2470
-3264
-4058
-4852
-5649
-6271
-6893
-7515
-8137
-8759
-9381
-10003
-10625
-10922
-11219
-11516
-11813
-12110
-12407
-12704
-13003
-12903
-12803
-12703
-12603
-12503
-12403
-12303
-12202
-11729
-11256
-10783
-10310
-9837
-9364
-8891
-8418
-7688
-6958
-6228
-5498
-4768
-4038
-3308
-2575
-1767
-959
-151
657
1465
2273
3081
3896
4586
5276
5966
6656
7346
8036
8726
9416
9818
10220
10622
11024
11426
11828
12230
12633
12649
12665
12681
12697
12713
12729
12745
12762
12388
12014
11640
11266
10892
10518
10144
9770
9098
8426
7754
7082
6410
5738
5066
4390
3584
2778
1972
1166
360
-446
-1252
-2063
-2806
-3549
-4292
-5035
-5778
-6521
-7264
-8013
-8511
-9009
-9507
-10005
-10503
-11001
-11499
-12003
-12134
-12265
-12396
-12527
-12658
-12789
-12920
-13058
-12791
-12524
-12257
-11990
-11723
-11456
-11189
-10920
-10319
-9718
-9117
-8516
-7915
-7314
-6713
-6112
-5325
-4538
-3751
-2964
-2177
-1390
-603
189
971
1753
2535
3317
4099
4881
5663
6445
7030
7615
8200
8785
9370
9955
10540
11126
11370
11614
11858
12102
12346
12590
12834
13085
12930
12775
12620
12465
12310
12155
12000
11845
11328
10811
10294
9777
9260
8743
8226
7708
6956
6204
5452
4700
3948
3196
2444
1687
883
79
-725
-1529
-2333
-3137
-3941
-4747
-5406
-6065
-6724
-7383
-8042
-8701
-9360
-10020
-10372
-10724
-11076
-11428
-11780
-12132
-12484
-12843
-12804
-12765
-12726
-12687
-12648
-12609
-12570
-12526
-12104
-11682
-11260
-10838
-10416
-9994
-9572
-9145
-8443
-7741
-7039
-6337
-5635
-4933
-4231
-3528
-2719
-1910
-1101
-292
517
1326
2135
2951
3670
4389
5108
5827
6546
7265
7984
8710
9163
9616
10069
10522
10975
11428
11881
12338
12414
12490
12566
12642
12718
12794
12870
12949
12630
12311
11992
11673
11354
11035
10716
10393
9756
9119
8482
7845
7208
6571
5934
5295
4496
3697
2898
2099
1300
501
-298
-1097
-1862
-2627
-3392
-4157
-4922
-5687
-6452
-7221
-7765
-8309
-8853
-9397
-9941
-10485
-11029
-11579
-11769
-11959
-12149
-12339
-12529
-12719
-12909
-13106
-12897
-12688
-12479
-12270
-12061
-11852
-11643
-11427
-10868
-10309
-9750
-9191
-8632
-8073
-7514
-6953
-6182
-5411
-4640
-3869
-3098
-2327
-1556
-778
17
812
1607
2402
3197
3992
4787
5586
6210
6834
7458
8082
8706
9330
9954
10584
10885
11186
11487
11788
12089
12390
12691
12994
12898
12802
12706
12610
12514
12418
12322
12226
11757
11288
10819
10350
9881
9412
8943
8467
7739
7011
6283
5555
4827
4099
3371
2637
1828
1019
210
-599
-1408
-2217
-3026
-3837
-4529
-5221
-5913
-6605
-7297
-7989
-8681
-9373
-9778
-10183
-10588
-10993
-11398
-11803
-12208
-12617
-12636
-12655
-12674
-12693
-12712
-12731
-12750
-12775
-12404
-12033
-11662
-11291
-10920
-10549
-10178
-9807
-9137
-8467
-7797
-7127
-6457
-5787
-5117
-4441
-3635
-2829
-2023
-1217
-411
395
1201
2011
2756
3501
4246
4991
5736
6481
7226
7972
8473
8974
9475
9976
10477
10978
11479
11982
12117
12252
12387
12522
12657
12792
12927
13062
12798
12534
12270
12006
11742
11478
11214
10946
10347
9748
9149
8550
7951
7352
6753
6153
5366
4579
3792
3005
2218
1431
644
-145
-927
-1709
-2491
-3273
-4055
-4837
-5619
-6408
-6995
-7582
-8169
-8756
-9343
-9930
-10517
-11104
-11351
-11598
-11845
-12092
-12339
-12586
-12833
-13083
-12931
-12779
-12627
-12475
-12323
-12171
-12019
-11861
-11346
-10831
-10316
-9801
-9286
-8771
-8256
-7738
-6986
-6234
-5482
-4730
-3978
-3226
-2474
-1722
-918
-114
690
1494
2298
3102
3906
4715
5375
6035
6695
7355
8015
8675
9335
9999
10353
10707
11061
11415
11769
12123
12477
12837
12800
12763
12726
12689
12652
12615
12578
12534
12113
11692
11271
10850
10429
10008
9587
9165
8464
7763
7062
6361
5660
4959
4258
3554
2744
1934
1124
314
-496
-1306
-2116
-2927
-3647
-4367
-5087
-5807
-6527
-7247
-7967
-8692
-9146
-9600
-10054
-10508
-10962
-11416
-11870
-12330
-12407
-12484
-12561
-12638
-12715
-12792
-12869
-12952
-12634
-12316
-11998
-11680
-11362
-11044
-10726
-10405
-9769
-9133
-8497
-7861
-7225
-6589
-5953
-5312
-4513
-3714
-2915
-2116
-1317
-518
281
1080
1846
2612
3378
4144
4910
5676
6442
7208
7753
8298
8843
9388
9933
10478
11023
11573
11764
11955
12146
12337
12528
12719
12910
13106
12897
12688
12479
12270
12061
11852
11643
11432
10874
10316
9758
9200
8642
8084
7526
6961
6190
5419
4648
3877
3106
2335
1564
786
-9
-804
-1599
-2394
-3189
-3984
-4779
-5580
-6205
-6830
-7455
-8080
-8705
-9330
-9955
-10581
-10882
-11183
-11484
-11785
-12086
-12387
-12688
-12994
-12899
-12804
-12709
-12614
-12519
-12424
-12329
-12227
-11758
-11289
-10820
-10351
-9882
-9413
-8944
-8468
-7740
-7012
-6284
-5556
-4828
-4100
-3372
-2637
-1828
-1019
-210
599
1408
2217
3026
3839
4531
5223
5915
6607
7299
7991
8683
9376
9781
10186
10591
10996
11401
11806
12211
12618
12637
12656
12675
12694
12713
12732
12751
12773
12402
12031
11660
11289
10918
10547
10176
9802
9131
8460
7789
7118
6447
5776
5105
4432
3626
2820
2014
1208
402
-404
-1210
-2021
-2766
-3511
-4256
-5001
-5746
-6491
-7236
-7981
-8481
-8981
-9481
-9981
-10481
-10981
-11481
-11988
-12122
-12256
-12390
-12524
-12658
-12792
-12926
-13061
-12796
-12531
-12266
-12001
-11736
-11471
-11206
-10937
-10337
-9737
-9137
-8537
-7937
-7337
-6737
-6137
-5350
-4563
-3776
-2989
-2202
-1415
-628
164
946
1728
2510
3292
4074
4856
5638
6426
7012
7598
8184
8770
9356
9942
10528
11115
11361
11607
11853
12099
12345
12591
12837
13084
12930
12776
12622
12468
12314
12160
12006
11851
11335
10819
10303
9787
9271
8755
8239
7717
6965
6213
5461
4709
3957
3205
2453
1694
890
86
-718
-1522
-2326
-3130
-3934
-4742
-5401
-6060
-6719
-7378
-8037
-8696
-9355
-10019
-10372
-10725
-11078
-11431
-11784
-12137
-12490
-12844
-12804
-12764
-12724
-12684
-12644
-12604
-12564
-12524
-12101
-11678
-11255
-10832
-10409
-9986
-9563
-9140
-8438
-7736
-7034
-6332
-5630
-4928
-4226
-3518
-2708
-1898
-1088
-278
532
1342
2152
2964
3683
4402
5121
5840
6559
7278
7997
8721
9173
9625
10077
10529
10981
11433
11885
12344
12419
12494
12569
12644
12719
12794
12869
12945
12625
12305
11985
11665
11345
11025
10705
10378
9740
9102
8464
7826
7188
6550
5912
5270
4471
3672
2873
2074
1275
476
-323
-1127
-1892
-2657
-3422
-4187
-4952
-5717
-6482
-7249
-7792
-8335
-8878
-9421
-9964
-10507
-11050
-11596
-11784
-11972
-12160
-12348
-12536
-12724
-12912
-13105
-12893
-12681
-12469
-12257
-12045
-11833
-11621
-11406
-10845
-10284
-9723
-9162
-8601
-8040
-7479
-6915
-6142
-5369
-4596
-3823
-3050
-2277
-1504
-731
64
859
1654
2449
3244
4039
4834
5631
6254
6877
7500
8123
8746
9369
9992
10616
10914
11212
11510
11808
12106
12404
12702
13002
12903
12804
12705
12606
12507
12408
12309
12204
11731
11258
10785
10312
9839
9366
8893
8420
7690
6960
6230
5500
4770
4040
3310
2573
1764
955
146
-663
-1472
-2281
-3090
-3902
-4592
-5282
-5972
-6662
-7352
-8042
-8732
-9423
-9824
-10225
-10626
-11027
-11428
-11829
-12230
-12637
-12652
-12667
-12682
-12697
-12712
-12727
-12742
-12757
-12382
-12007
-11632
-11257
-10882
-10507
-10132
-9754
-9081
-8408
-7735
-7062
-6389
-5716
-5043
-4363
-3556
-2749
-1942
-1135
-328
479
1286
2095
2838
3581
4324
5067
5810
6553
7296
8041
8538
9035
9532
10029
10526
11023
11520
12019
12148
12277
12406
12535
12664
12793
12922
13054
12784
12514
12244
11974
11704
11434
11164
10893
10290
9687
9084
8481
7878
7275
6672
6065
5276
4487
3698
2909
2120
1331
542
-247
-1028
-1809
-2590
-3371
-4152
-4933
-5714
-6500
-7082
-7664
-8246
-8828
-9410
-9992
-10574
-11161
-11402
-11643
-11884
-12125
-12366
-12607
-12848
-13089
-12930
-12771
-12612
-12453
-12294
-12135
-11976
-11812
-11291
-10770
-10249
-9728
-9207
-8686
-8165
-7643
-6888
-6133
-5378
-4623
-3868
-3113
-2358
-1603
-799
5
809
1613
2417
3221
4025
4829
5485
6141
6797
7453
8109
8765
9421
10080
10427
10774
11121
11468
11815
12162
12509
12862
12817
12772
12727
12682
12637
12592
12547
12495
12067
11639
11211
10783
10355
9927
9499
9068
8363
7658
6953
6248
5543
4838
4133
3421
2611
1801
991
181
-629
-1439
-2249
-3063
-3779
-4495
-5211
-5927
-6643
-7359
-8075
-8798
-9245
-9692
-10139
-10586
-11033
-11480
-11927
-12379
-12447
-12515
-12583
-12651
-12719
-12787
-12855
-12928
-12601
-12274
-11947
-11620
-11293
-10966
-10639
-10312
-9670
-9028
-8386
-7744
-7102
-6460
-5818
-5170
-4370
-3570
-2770
-1970
-1170
-370
430
1237
2000
2763
3526
4289
5052
5815
6578
7342
7880
8418
8956
9494
10032
10570
11108
11649
11830
12011
12192
12373
12554
12735
12916
13103
12884
12665
12446
12227
12008
11789
11570
11348
10782
10216
9650
9084
8518
7952
7386
6814
6039
5264
4489
3714
2939
2164
1389
611
-182
-975
-1768
-2561
-3354
-4147
-4940
-5740
-6358
-6976
-7594
-8212
-8830
-9448
-10066
-10687
-10978
-11269
-11560
-11851
-12142
-12433
-12724
-13017
-12910
-12803
-12696
-12589
-12482
-12375
-12268
-12158
-11679
-11200
-10721
-10242
-9763
-9284
-8805
-8322
-7588
-6854
-6120
-5386
-4652
-3918
-3184
-2448
-1639
-830
-21
788
1597
2406
3215
4025
4711
5397
6083
6769
7455
8141
8827
9513
9907
10301
10695
11089
11483
11877
12271
12671
12677
12683
12689
12695
12701
12707
12713
12726
12344
11962
11580
11198
10816
10434
10052
9663
8985
8307
7629
6951
6273
5595
4917
4234
3426
2618
1810
1002
194
-614
-1422
-2231
-2971
-3711
-4451
-5191
-5931
-6671
-7411
-8151
-8641
-9131
-9621
-10111
-10601
-11091
-11581
-12075
-12195
-12315
-12435
-12555
-12675
-12795
-12915
-13040
-12762
-12484
-12206
-11928
-11650
-11372
-11094
-10812
-10203
-9594
-8985
-8376
-7767
-7158
-6549
-5935
-5144
-4353
-3562
-2771
-1980
-1189
-398
394
1173
1952
2731
3510
4289
5068
5847
6628
7204
7780
8356
8932
9508
10084
10660
11239
11471
11703
11935
12167
12399
12631
12863
13096
12928
12760
12592
12424
12256
12088
11920
11745
11217
10689
10161
9633
9105
8577
8049
7518
6760
6002
5244
4486
3728
2970
2212
1448
646
-156
-958
-1760
-2562
-3364
-4166
-4975
-5625
-6275
-6925
-7575
-8225
-8875
-9525
-10181
-10519
-10857
-11195
-11533
-11871
-12209
-12547
-12892
-12837
-12782
-12727
-12672
-12617
-12562
-12507
-12446
-12009
-11572
-11135
-10698
-10261
-9824
-9387
-8950
-8239
-7528
-6817
-6106
-5395
-4684
-3973
-3262
-2452
-1642
-832
-22
788
1598
2408
3224
3936
4648
5360
6072
6784
7496
8208
8922
9360
9798
10236
10674
11112
11550
11988
12433
12491
12549
12607
12665
12723
12781
12839
12899
12563
12227
11891
11555
11219
10883
10547
10205
9556
8907
8258
7609
6960
6311
5662
5010
4208
3406
2604
1802
1000
198
-604
-1411
-2170
-2929
-3688
-4447
-5206
-5965
-6724
-7487
-8017
-8547
-9077
-9607
-10137
-10667
-11197
-11729
-11900
-12071
-12242
-12413
-12584
-12755
-12926
-13097
-12867
-12637
-12407
-12177
-11947
-11717
-11487
-11257
-10683
-10109
-9535
-8961
-8387
-7813
-7239
-6658
-5880
-5102
-4324
-3546
-2768
-1990
-1212
-428
363
1154
1945
2736
3527
4318
5109
5906
6517
7128
7739
8350
8961
9572
10183
10794
11074
11354
11634
11914
12194
12474
12754
13037
12919
12801
12683
12565
12447
12329
12211
12086
11597
11108
10619
10130
9641
9152
8663
8174
7435
6696
5957
5218
4479
3740
3001
2259
1451
643
-165
-973
-1781
-2589
-3397
-4209
-4888
-5567
-6246
-6925
-7604
-8283
-8962
-9646
-10030
-10414
-10798
-11182
-11566
-11950
-12334
-12720
-12715
-12710
-12705
-12700
-12695
-12690
-12685
-12677
-12284
-11891
-11498
-11105
-10712
-10319
-9926
-9528
-8843
-8158
-7473
-6788
-6103
-5418
-4733
-4044
-3235
-2426
-1617
-808
1
810
1619
2430
3165
3900
4635
5370
6105
6840
7575
8310
8790
9270
9750
10230
10710
11190
11670
12153
12261
12369
12477
12585
12693
12801
12909
13018
12728
12438
12148
11858
11568
11278
10988
10693
10075
9457
8839
8221
7603
6985
6367
5748
4954
4160
3366
2572
1778
984
190
-605
-1380
-2155
-2930
-3705
-4480
-5255
-6030
-6811
-7378
-7945
-8512
-9079
-9646
-10213
-10780
-11347
-11566
-11785
-12004
-12223
-12442
-12661
-12880
-13103
-12922
-12741
-12560
-12379
-12198
-12017
-11836
-11648
-11110
-10572
-10034
-9496
-8958
-8420
-7882
-7338
-6575
-5812
-5049
-4286
-3523
-2760
-1997
-1230
-429
372
1173
1974
2775
3576
4377
5179
5821
6463
7105
7747
8389
9031
9673
10319
10645
10971
11297
11623
11949
12275
12601
12931
12862
12793
12724
12655
12586
12517
12448
12373
11925
11477
11029
10581
10133
9685
9237
8783
8066
7349
6632
5915
5198
4481
3764
3041
2231
1421
611
-199
-1009
-1819
-2629
-3446
-4151
-4856
-5561
-6266
-6971
-7676
-8381
-9090
-9516
-9942
-10368
-10794
-11220
-11646
-12072
-12505
-12548
-12591
-12634
-12677
-12720
-12763
-12806
-12856
-12506
-12156
-11806
-11456
-11106
-10756
-10406
-10055
-9397
-8739
-8081
-7423
-6765
-6107
-5449
-4790
-3986
-3182
-2378
-1574
-770
34
838
1648
2402
3156
3910
4664
5418
6172
6926
7683
8202
8721
9240
9759
10278
10797
11316
11835
11991
12147
12303
12459
12615
12771
12927
13086
12842
12598
12354
12110
11866
11622
11378
11130
10545
9960
9375
8790
8205
7620
7035
6446
5663
4880
4097
3314
2531
1748
965
181
-607
-1395
-2183
-2971
-3759
-4547
-5335
-6127
-6727
-7327
-7927
-8527
-9127
-9727
-10327
-10934
-11199
-11464
-11729
-11994
-12259
-12524
-12789
-13061
-12927
-12793
-12659
-12525
-12391
-12257
-12123
-11986
-11485
-10984
-10483
-9982
-9481
-8980
-8479
-7974
-7228
-6482
-5736
-4990
-4244
-3498
-2752
-2006
-1199
-392
415
1222
2029
2836
3643
4452
5123
5794
6465
7136
7807
8478
9149
9820
10190
10560
10930
11300
11670
12040
12410
12780
12759
12738
12717
12696
12675
12654
12633
12608
12201
11794
11387
10980
10573
10166
9759
9345
8651
7957
7263
6569
5875
5181
4487
3791
2981
2171
1361
551
-259
-1069
-1879
-2691
-3419
-4147
-4875
-5603
-6331
-7059
-7787
-8515
-8982
-9449
-9916
-10383
-10850
-11317
-11784
-12251
-12342
-12433
-12524
-12615
-12706
-12797
-12888
-12984
-12678
-12372
-12066
-11760
-11454
-11148
-10842
-10534
-9905
-9276
-8647
-8018
-7389
-6760
-6131
-5501
-4704
-3907
-3110
-2313
-1516
-719
78
879
1649
2419
3189
3959
4729
5499
6269
7045
7599
8153
8707
9261
9815
10369
10923
11484
11686
11888
12090
12292
12494
12696
12898
13107
12909
12711
12513
12315
12117
11919
11721
11516
10965
10414
9863
9312
8761
8210
7659
7103
6334
5565
4796
4027
3258
2489
1720
947
149
-649
-1447
-2245
-3043
-3841
-4639
-5439
-6070
-6701
-7332
-7963
-8594
-9225
-9856
-10493
-10803
-11113
-11423
-11733
-12043
-12353
-12663
-12975
-12888
-12801
-12714
-12627
-12540
-12453
-12366
-12275
-11812
-11349
-10886
-10423
-9960
-9497
-9034
-8565
-7839
-7113
-6387
-5661
-4935
-4209
-3483
-2756
-1946
-1136
-326
484
1294
2104
2914
3729
4425
5121
5817
6513
7209
7905
8601
9300
9711
10122
10533
10944
11355
11766
12177
12591
12616
12641
12666
12691
12716
12741
12766
12794
12428
12062
11696
11330
10964
10598
10232
9861
9192
8523
7854
7185
6516
5847
5178
4509
3702
2895
2088
1281
474
-333
-1140
-1947
-2694
-3441
-4188
-4935
-5682
-6429
-7176
-7927
-8431
-8935
-9439
-9943
-10447
-10951
-11455
-11963
-12100
-12237
-12374
-12511
-12648
-12785
-12922
-13065
-12803
-12541
-12279
-12017
-11755
-11493
-11231
-10964
-10366
-9768
-9170
-8572
-7974
-7376
-6778
-6174
-5387
-4600
-3813
-3026
-2239
-1452
-665
129
913
1697
2481
3265
4049
4833
5617
6401
6988
7575
8162
8749
9336
9923
10510
11104
11351
11598
11845
12092
12339
12586
12833
13083
12930
12777
12624
12471
12318
12165
12012
11855
11338
10821
10304
9787
9270
8753
8236
7719
6966
6213
5460
4707
3954
3201
2448
1690
885
80
-725
-1530
-2335
-3140
-3945
-4752
-5411
-6070
-6729
-7388
-8047
-8706
-9365
-10030
-10382
-10734
-11086
-11438
-11790
-12142
-12494
-12848
-12807
-12766
-12725
-12684
-12643
-12602
-12561
-12515
-12090
-11665
-11240
-10815
-10390
-9965
-9540
-9113
-8409
-7705
-7001
-6297
-5593
-4889
-4185
-3476
-2665
-1854
-1043
-232
579
1390
2201
3013
3731
4449
5167
5885
6603
7321
8039
8764
9214
9664
10114
10564
11014
11464
11914
12365
12436
12507
12578
12649
12720
12791
12862
12934
12609
12284
11959
11634
11309
10984
10659
10331
9689
9047
8405
7763
7121
6479
5837
5193
4392
3591
2790
1989
1188
387
-414
-1217
-1981
-2745
-3509
-4273
-5037
-5801
-6565
-7329
-7868
-8407
-8946
-9485
-10024
-10563
-11102
-11644
-11826
-12008
-12190
-12372
-12554
-12736
-12918
-13103
-12884
-12665
-12446
-12227
-12008
-11789
-11570
-11348
-10781
-10214
-9647
-9080
-8513
-7946
-7379
-6810
-6034
-5258
-4482
-3706
-2930
-2154
-1378
-601
193
987
1781
2575
3369
4163
4957
5754
6372
6990
7608
8226
8844
9462
10080
10699
10989
11279
11569
11859
12149
12439
12729
13020
12911
12802
12693
12584
12475
12366
12257
12147
11666
11185
10704
10223
9742
9261
8780
8294
7559
6824
6089
5354
4619
3884
3149
2407
1598
789
-20
-829
-1638
-2447
-3256
-4070
-4754
-5438
-6122
-6806
-7490
-8174
-8858
-9549
-9941
-10333
-10725
-11117
-11509
-11901
-12293
-12686
-12689
-12692
-12695
-12698
-12701
-12704
-12707
-12711
-12325
-11939
-11553
-11167
-10781
-10395
-10009
-9618
-8937
-8256
-7575
-6894
-6213
-5532
-4851
-4165
-3356
-2547
-1738
-929
-120
689
1498
2308
3046
3784
4522
5260
5998
6736
7474
8216
8702
9188
9674
10160
10646
11132
11618
12109
12224
12339
12454
12569
12684
12799
12914
13031
12747
12463
12179
11895
11611
11327
11043
10756
10142
9528
8914
8300
7686
7072
6458
5843
5050
4257
3464
2671
1878
1085
292
-503
-1280
-2057
-2834
-3611
-4388
-5165
-5942
-6726
-7297
-7868
-8439
-9010
-9581
-10152
-10723
-11300
-11525
-11750
-11975
-12200
-12425
-12650
-12875
-13100
-12924
-12748
-12572
-12396
-12220
-12044
-11868
-11687
-11152
-10617
-10082
-9547
-9012
-8477
-7942
-7407
-6645
-5883
-5121
-4359
-3597
-2835
-2073
-1309
-507
295
1097
1899
2701
3503
4305
5109
5754
6399
7044
7689
8334
8979
9624
10274
10604
10934
11264
11594
11924
12254
12584
12919
12854
12789
12724
12659
12594
12529
12464
12394
11949
11504
11059
10614
10169
9724
9279
8828
8112
7396
6680
5964
5248
4532
3816
3096
2285
1474
663
-148
-959
-1770
-2581
-3395
-4102
-4809
-5516
-6223
-6930
-7637
-8344
-9054
-9483
-9912
-10341
-10770
-11199
-11628
-12057
-12491
-12537
-12583
-12629
-12675
-12721
-12767
-12813
-12864
-12516
-12168
-11820
-11472
-11124
-10776
-10428
-10080
-9423
-8766
-8109
-7452
-6795
-6138
-5481
-4823
-4018
-3213
-2408
-1603
-798
7
812
1617
2372
3127
3882
4637
5392
6147
6902
7660
8180
8700
9220
9740
10260
10780
11300
11825
11982
12139
12296
12453
12610
12767
12924
13087
12844
12601
12358
12115
11872
11629
11386
11139
10554
9969
9384
8799
8214
7629
7044
6457
5674
4891
4108
3325
2542
1759
976
190
-599
-1388
-2177
-2966
-3755
-4544
-5333
-6122
-6723
-7324
-7925
-8526
-9127
-9728
-10329
-10933
-11199
-11465
-11731
-11997
-12263
-12529
-12795
-13061
-12927
-12793
-12659
-12525
-12391
-12257
-12123
-11984
-11482
-10980
-10478
-9976
-9474
-8972
-8470
-7966
-7220
-6474
-5728
-4982
-4236
-3490
-2744
-1993
-1186
-379
428
1235
2042
2849
3656
4468
5138
5808
6478
7148
7818
8488
9158
9833
10202
10571
10940
11309
11678
12047
12416
12786
12763
12740
12717
12694
12671
12648
12625
12600
12191
11782
11373
10964
10555
10146
9737
9323
8628
7933
7238
6543
5848
5153
4458
3757
2947
2137
1327
517
-293
-1103
-1913
-2730
-3457
-4184
-4911
-5638
-6365
-7092
-7819
-8548
-9013
-9478
-9943
-10408
-10873
-11338
-11803
-12268
-12356
-12444
-12532
-12620
-12708
-12796
-12884
-12977
-12668
-12359
-12050
-11741
-11432
-11123
-10814
-10501
-9870
-9239
-8608
-7977
-7346
-6715
-6084
-5448
-4650
-3852
-3054
-2256
-1458
-660
138
941
1710
2479
3248
4017
4786
5555
6324
7100
7652
8204
8756
9308
9860
10412
10964
11517
11715
11913
12111
12309
12507
12705
12903
13107
12904
12701
12498
12295
12092
11889
11686
11480
10925
10370
9815
9260
8705
8150
7595
7035
6264
5493
4722
3951
3180
2409
1638
864
67
-730
-1527
-2324
-3121
-3918
-4715
-5519
-6147
-6775
-7403
-8031
-8659
-9287
-9915
-10548
-10853
-11158
-11463
-11768
-12073
-12378
-12683
-12988
-12895
-12802
-12709
-12616
-12523
-12430
-12337
-12240
-11771
-11302
-10833
-10364
-9895
-9426
-8957
-8487
-7758
-7029
-6300
-5571
-4842
-4113
-3384
-2652
-1842
-1032
-222
588
1398
2208
3018
3834
4527
5220
5913
6606
7299
7992
8685
9380
9785
10190
10595
11000
11405
11810
12215
12623
12641
12659
12677
12695
12713
12731
12749
12767
12394
12021
11648
11275
10902
10529
10156
9778
9105
8432
7759
7086
6413
5740
5067
4388
3580
2772
1964
1156
348
-460
-1268
-2078
-2822
-3566
-4310
-5054
-5798
-6542
-7286
-8035
-8533
-9031
-9529
-10027
-10525
-11023
-11521
-12019
-12148
-12277
-12406
-12535
-12664
-12793
-12922
-13053
-12782
-12511
-12240
-11969
-11698
-11427
-11156
-10883
-10278
-9673
-9068
-8463
-7858
-7253
-6648
-6041
-5251
-4461
-3671
-2881
-2091
-1301
-511
283
1065
1847
2629
3411
4193
4975
5757
6539
7120
7701
8282
8863
9444
10025
10606
11189
11426
11663
11900
12137
12374
12611
12848
13092
12929
12766
12603
12440
12277
12114
11951
11781
11256
10731
10206
9681
9156
8631
8106
7578
6820
6062
5304
4546
3788
3030
2272
1514
710
-94
-898
-1702
-2506
-3310
-4114
-4921
-5574
-6227
-6880
-7533
-8186
-8839
-9492
-10148
-10490
-10832
-11174
-11516
-11858
-12200
-12542
-12884
-12831
-12778
-12725
-12672
-12619
-12566
-12513
-12457
-12022
-11587
-11152
-10717
-10282
-9847
-9412
-8971
-8260
-7549
-6838
-6127
-5416
-4705
-3994
-3283
-2472
-1661
-850
-39
772
1583
2394
3211
3924
4637
5350
6063
6776
7489
8202
8917
9356
9795
10234
10673
11112
11551
11990
12434
12492
12550
12608
12666
12724
12782
12840
12898
12561
12224
11887
11550
11213
10876
10539
10195
9545
8895
8245
7595
6945
6295
5645
4989
4186
3383
2580
1777
974
171
-632
-1441
-2200
-2959
-3718
-4477
-5236
-5995
-6754
-7518
-8046
-8574
-9102
-9630
-10158
-10686
-11214
-11749
-11917
-12085
-12253
-12421
-12589
-12757
-12925
-13095
-12862
-12629
-12396
-12163
-11930
-11697
-11464
-11226
-10648
-10070
-9492
-8914
-8336
-7758
-7180
-6600
-5820
-5040
-4260
-3480
-2700
-1920
-1140
-353
438
1229
2020
2811
3602
4393
5184
5979
6587
7195
7803
8411
9019
9627
10235
10845
11120
11395
11670
11945
12220
12495
12770
13047
12922
12797
12672
12547
12422
12297
12172
12045
11551
11057
10563
10069
9575
9081
8587
8086
7343
6600
5857
5114
4371
3628
2885
2141
1333
525
-283
-1091
-1899
-2707
-3515
-4329
-5005
-5681
-6357
-7033
-7709
-8385
-9061
-9737
-10114
-10491
-10868
-11245
-11622
-11999
-12376
-12754
-12740
-12726
-12712
-12698
-12684
-12670
-12656
-12638
-12236
-11834
-11432
-11030
-10628
-10226
-9824
-9419
-8728
-8037
-7346
-6655
-5964
-5273
-4582
-3887
-3077
-2267
-1457
-647
163
973
1783
2599
3330
4061
4792
5523
6254
6985
7716
8448
8919
9390
9861
10332
10803
11274
11745
12222
12318
12414
12510
12606
12702
12798
12894
12994
12692
12390
12088
11786
11484
11182
10880
10575
9948
9321
8694
8067
7440
6813
6186
5559
4762
3965
3168
2371
1574
777
-20
-822
-1594
-2366
-3138
-3910
-4682
-5454
-6226
-7001
-7558
-8115
-8672
-9229
-9786
-10343
-10900
-11461
-11666
-11871
-12076
-12281
-12486
-12691
-12896
-13106
-12910
-12714
-12518
-12322
-12126
-11930
-11734
-11533
-10983
-10433
-9883
-9333
-8783
-8233
-7683
-7126
-6357
-5588
-4819
-4050
-3281
-2512
-1743
-969
-170
629
1428
2227
3026
3825
4624
5425
6057
6689
7321
7953
8585
9217
9849
10487
10797
11107
11417
11727
12037
12347
12657
12974
12887
12800
12713
12626
12539
12452
12365
12274
11810
11346
10882
10418
9954
9490
9026
8559
7832
7105
6378
5651
4924
4197
3470
2742
1931
1120
309
-502
-1313
-2124
-2935
-3748
-4444
-5140
-5836
-6532
-7228
-7924
-8620
-9318
-9728
-10138
-10548
-10958
-11368
-11778
-12188
-12599
-12622
-12645
-12668
-12691
-12714
-12737
-12760
-12786
-12417
-12048
-11679
-11310
-10941
-10572
-10203
-9832
-9161
-8490
-7819
-7148
-6477
-5806
-5135
-4462
-3654
-2846
-2038
-1230
-422
386
1194
2002
2748
3494
4240
4986
5732
6478
7224
7976
8477
8978
9479
9980
10481
10982
11483
11990
12123
12256
12389
12522
12655
12788
12921
13059
12792
12525
12258
11991
11724
11457
11190
10920
10318
9716
9114
8512
7910
7308
6706
6098
5309
4520
3731
2942
2153
1364
575
-221
-1004
-1787
-2570
-3353
-4136
-4919
-5702
-6486
-7070
-7654
-8238
-8822
-9406
-9990
-10574
-11158
-11399
-11640
-11881
-12122
-12363
-12604
-12845
-13089
-12929
-12769
-12609
-12449
-12289
-12129
-11969
-11805
-11282
-10759
-10236
-9713
-9190
-8667
-8144
-7620
-6863
-6106
-5349
-4592
-3835
-3078
-2321
-1563
-758
47
852
1657
2462
3267
4072
4877
5532
6187
6842
7497
8152
8807
9462
10120
10464
10808
11152
11496
11840
12184
12528
12876
12826
12776
12726
12676
12626
12576
12526
12469
12036
11603
11170
10737
10304
9871
9438
8999
8289
7579
6869
6159
5449
4739
4029
3317
2506
1695
884
73
-738
-1549
-2360
-3178
-3892
-4606
-5320
-6034
-6748
-7462
-8176
-8894
-9335
-9776
-10217
-10658
-11099
-11540
-11981
-12424
-12483
-12542
-12601
-12660
-12719
-12778
-12837
-12902
-12566
-12230
-11894
-11558
-11222
-10886
-10550
-10210
-9560
-8910
-8260
-7610
-6960
-6310
-5660
-5009
-4206
-3403
-2600
-1797
-994
-191
612
1422
2182
2942
3702
4462
5222
5982
6742
7504
8033
8562
9091
9620
10149
10678
11207
11743
11912
12081
12250
12419
12588
12757
12926
13096
12863
12630
12397
12164
11931
11698
11465
11231
10653
10075
9497
8919
8341
7763
7185
6607
5826
5045
4264
3483
2702
1921
1140
359
-432
-1223
-2014
-2805
-3596
-4387
-5178
-5976
-6584
-7192
-7800
-8408
-9016
-9624
-10232
-10844
-11119
-11394
-11669
-11944
-12219
-12494
-12769
-13047
-12922
-12797
-12672
-12547
-12422
-12297
-12172
-12044
-11549
-11054
-10559
-10064
-9569
-9074
-8579
-8082
-7339
-6596
-5853
-5110
-4367
-3624
-2881
-2133
-1324
-515
294
1103
1912
2721
3530
4339
5014
5689
6364
7039
7714
8389
9064
9745
10121
10497
10873
11249
11625
12001
12377
12757
12742
12727
12712
12697
12682
12667
12652
12634
12231
11828
11425
11022
10619
10216
9813
9406
8714
8022
7330
6638
5946
5254
4562
3867
3056
2245
1434
623
-188
-999
-1810
-2622
-3352
-4082
-4812
-5542
-6272
-7002
-7732
-8467
-8937
-9407
-9877
-10347
-10817
-11287
-11757
-12232
-12326
-12420
-12514
-12608
-12702
-12796
-12890
-12990
-12686
-12382
-12078
-11774
-11470
-11166
-10862
-10556
-9928
-9300
-8672
-8044
-7416
-6788
-6160
-5527
-4729
-3931
-3133
-2335
-1537
-739
59
859
1630
2401
3172
3943
4714
5485
6256
7034
7589
8144
8699
9254
9809
10364
10919
11481
11684
11887
12090
12293
12496
12699
12902
13107
12908
12709
12510
12311
12112
11913
11714
11511
10958
10405
9852
9299
8746
8193
7640
7085
6315
5545
4775
4005
3235
2465
1695
919
120
-679
-1478
-2277
-3076
-3875
-4674
-5473
-6103
-6733
-7363
-7993
-8623
-9253
-9883
-10520
-10827
-11134
-11441
-11748
-12055
-12362
-12669
-12982
-12891
-12800
-12709
-12618
-12527
-12436
-12345
-12253
-11786
-11319
-10852
-10385
-9918
-9451
-8984
-8512
-7783
-7054
-6325
-5596
-4867
-4138
-3409
-2679
-1868
-1057
-246
565
1376
2187
2998
3812
4506
5200
5894
6588
7282
7976
8670
9366
9772
10178
10584
10990
11396
11802
12208
12619
12637
12655
12673
12691
12709
12727
12745
12770
12397
12024
11651
11278
10905
10532
10159
9781
9107
8433
7759
7085
6411
5737
5063
4389
3581
2773
1965
1157
349
-459
-1267
-2082
-2826
-3570
-4314
-5058
-5802
-6546
-7290
-8041
-8538
-9035
-9532
-10029
-10526
-11023
-11520
-12024
-12152
-12280
-12408
-12536
-12664
-12792
-12920
-13052
-12780
-12508
-12236
-11964
-11692
-11420
-11148
-10870
-10264
-9658
-9052
-8446
-7840
-7234
-6628
-6017
-5226
-4435
-3644
-2853
-2062
-1271
-480
315
1096
1877
2658
3439
4220
5001
5782
6570
7150
7730
8310
8890
9470
10050
10630
11210
11445
11680
11915
12150
12385
12620
12855
13094
12928
12762
12596
12430
12264
12098
11932
11760
11232
10704
10176
9648
9120
8592
8064
7534
6775
6016
5257
4498
3739
2980
2221
1456
652
-152
-956
-1760
-2564
-3368
-4172
-4979
-5630
-6281
-6932
-7583
-8234
-8885
-9536
-10191
-10529
-10867
-11205
-11543
-11881
-12219
-12557
-12897
-12839
-12781
-12723
-12665
-12607
-12549
-12491
-12433
-11993
-11553
-11113
-10673
-10233
-9793
-9353
-8912
-8198
-7484
-6770
-6056
-5342
-4628
-3914
-3200
-2388
-1576
-764
48
860
1672
2484
3298
4009
4720
5431
6142
6853
7564
8275
8986
9420
9854
10288
10722
11156
11590
12024
12465
12516
12567
12618
12669
12720
12771
12822
12879
12535
12191
11847
11503
11159
10815
10471
10126
9471
8816
8161
7506
6851
6196
5541
4884
4079
3274
2469
1664
859
54
-751
-1558
-2315
-3072
-3829
-4586
-5343
-6100
-6857
-7618
-8141
-8664
-9187
-9710
-10233
-10756
-11279
-11805
-11965
-12125
-12285
-12445
-12605
-12765
-12925
-13089
-12848
-12607
-12366
-12125
-11884
-11643
-11402
-11155
-10571
-9987
-9403
-8819
-8235
-7651
-7067
-6478
-5695
-4912
-4129
-3346
-2563
-1780
-997
-208
582
1372
2162
2952
3742
4532
5322
6112
6714
7316
7918
8520
9122
9724
10326
10930
11196
11462
11728
11994
12260
12526
12792
13061
12926
12791
12656
12521
12386
12251
12116
11980
11477
10974
10471
9968
9465
8962
8459
7953
7206
6459
5712
4965
4218
3471
2724
1971
1163
355
-453
-1261
-2069
-2877
-3685
-4496
-5166
-5836
-6506
-7176
-7846
-8516
-9186
-9857
-10224
-10591
-10958
-11325
-11692
-12059
-12426
-12795
-12769
-12743
-12717
-12691
-12665
-12639
-12613
-12587
-12174
-11761
-11348
-10935
-10522
-10109
-9696
-9283
-8585
-7887
-7189
-6491
-5793
-5095
-4397
-3696
-2885
-2074
-1263
-452
359
1170
1981
2799
3524
4249
4974
5699
6424
7149
7874
8606
9067
9528
9989
10450
10911
11372
11833
12297
12380
12463
12546
12629
12712
12795
12878
12964
12649
12334
12019
11704
11389
11074
10759
10442
9806
9170
8534
7898
7262
6626
5990
5353
4553
3753
2953
2153
1353
553
-247
-1052
-1820
-2588
-3356
-4124
-4892
-5660
-6428
-7199
-7746
-8293
-8840
-9387
-9934
-10481
-11028
-11576
-11767
-11958
-12149
-12340
-12531
-12722
-12913
-13106
-12895
-12684
-12473
-12262
-12051
-11840
-11629
-11412
-10850
-10288
-9726
-9164
-8602
-8040
-7478
-6912
-6137
-5362
-4587
-3812
-3037
-2262
-1487
-711
85
881
1677
2473
3269
4065
4861
5663
6285
6907
7529
8151
8773
9395
10017
10646
10941
11236
11531
11826
12121
12416
12711
13010
12906
12802
12698
12594
12490
12386
12282
12174
11696
11218
10740
10262
9784
9306
8828
8344
7609
6874
6139
5404
4669
3934
3199
2462
1652
842
32
-778
-1588
-2398
-3208
-4025
-4712
-5399
-6086
-6773
-7460
-8147
-8834
-9523
-9917
-10311
-10705
-11099
-11493
-11887
-12281
-12679
-12683
-12687
-12691
-12695
-12699
-12703
-12707
-12716
-12330
-11944
-11558
-11172
-10786
-10400
-10014
-9625
-8943
-8261
-7579
-6897
-6215
-5533
-4851
-4167
-3357
-2547
-1737
-927
-117
693
1503
2316
3055
3794
4533
5272
6011
6750
7489
8229
8715
9201
9687
10173
10659
11145
11631
12119
12232
12345
12458
12571
12684
12797
12910
13027
12740
12453
12166
11879
11592
11305
11018
10731
10114
9497
8880
8263
7646
7029
6412
5795
5000
4205
3410
2615
1820
1025
230
-565
-1342
-2119
-2896
-3673
-4450
-5227
-6004
-6788
-7357
-7926
-8495
-9064
-9633
-10202
-10771
-11340
-11560
-11780
-12000
-12220
-12440
-12660
-12880
-13103
-12921
-12739
-12557
-12375
-12193
-12011
-11829
-11642
-11102
-10562
-10022
-9482
-8942
-8402
-7862
-7318
-6553
-5788
-5023
-4258
-3493
-2728
-1963
-1193
-391
411
1213
2015
2817
3619
4421
5225
5866
6507
7148
7789
8430
9071
9712
10358
10681
11004
11327
11650
11973
12296
12619
12943
12869
12795
12721
12647
12573
12499
12425
12344
11890
11436
10982
10528
10074
9620
9166
8708
7986
7264
6542
5820
5098
4376
3654
2930
2118
1306
494
-318
-1130
-1942
-2754
-3569
-4271
-4973
-5675
-6377
-7079
-7781
-8483
-9190
-9610
-10030
-10450
-10870
-11290
-11710
-12130
-12550
-12584
-12618
-12652
-12686
-12720
-12754
-12788
-12822
-12462
-12102
-11742
-11382
-11022
-10662
-10302
-9940
-9274
-8608
-7942
-7276
-6610
-5944
-5278
-4612
-3805
-2998
-2191
-1384
-577
230
1037
1849
2600
3351
4102
4853
5604
6355
7106
7857
8366
8875
9384
9893
10402
10911
11420
11932
12074
12216
12358
12500
12642
12784
12926
13070
12811
12552
12293
12034
11775
11516
11257
10993
10396
9799
9202
8605
8008
7411
6814
6211
5423
4635
3847
3059
2271
1483
695
-98
-883
-1668
-2453
-3238
-4023
-4808
-5593
-6384
-6973
-7562
-8151
-8740
-9329
-9918
-10507
-11100
-11348
-11596
-11844
-12092
-12340
-12588
-12836
-13084
-12930
-12776
-12622
-12468
-12314
-12160
-12006
-11848
-11330
-10812
-10294
-9776
-9258
-8740
-8222
-7697
-6942
-6187
-5432
-4677
-3922
-3167
-2412
-1652
-846
-40
766
1572
2378
3184
3990
4798
5456
6114
6772
7430
8088
8746
9404
10069
10418
10767
11116
11465
11814
12163
12512
12862
12816
12770
12724
12678
12632
12586
12540
12490
12060
11630
11200
10770
10340
9910
9480
9045
8336
7627
6918
6209
5500
4791
4082
3373
2561
1749
937
125
-687
-1499
-2311
-3127
-3843
-4559
-5275
-5991
-6707
-7423
-8139
-8859
-9303
-9747
-10191
-10635
-11079
-11523
-11967
-12411
-12473
-12535
-12597
-12659
-12721
-12783
-12845
-12909
-12574
-12239
-11904
-11569
-11234
-10899
-10564
-10229
-9580
-8931
-8282
-7633
-6984
-6335
-5686
-5033
-4229
-3425
-2621
-1817
-1013
-209
595
1402
2163
2924
3685
4446
5207
5968
6729
7492
8022
8552
9082
9612
10142
10672
11202
11738
11907
12076
12245
12414
12583
12752
12921
13096
12863
12630
12397
12164
11931
11698
11465
11231
10653
10075
9497
8919
8341
7763
7185
6601
5820
5039
4258
3477
2696
1915
1134
347
-445
-1237
-2029
-2821
-3613
-4405
-5197
-5992
-6600
-7208
-7816
-8424
-9032
-9640
-10248
-10857
-11131
-11405
-11679
-11953
-12227
-12501
-12775
-13050
-12923
-12796
-12669
-12542
-12415
-12288
-12161
-12031
-11534
-11037
-10540
-10043
-9546
-9049
-8552
-8051
-7306
-6561
-5816
-5071
-4326
-3581
-2836
-2089
-1280
-471
338
1147
1956
2765
3574
4385
5059
5733
6407
7081
7755
8429
9103
9782
10155
10528
10901
11274
11647
12020
12393
12771
12752
12733
12714
12695
12676
12657
12638
12616
12209
11802
11395
10988
10581
10174
9767
9356
8661
7966
7271
6576
5881
5186
4491
3793
2982
2171
1360
549
-262
-1073
-1884
-2702
-3431
-4160
-4889
-5618
-6347
-7076
-7805
-8534
-9000
-9466
-9932
-10398
-10864
-11330
-11796
-12265
-12354
-12443
-12532
-12621
-12710
-12799
-12888
-12977
-12667
-12357
-12047
-11737
-11427
-11117
-10807
-10494
-9861
-9228
-8595
-7962
-7329
-6696
-6063
-5429
-4629
-3829
-3029
-2229
-1429
-629
171
972
1742
2512
3282
4052
4822
5592
6362
7135
7685
8235
8785
9335
9885
10435
10985
11541
11736
11931
12126
12321
12516
12711
12906
13106
12899
12692
12485
12278
12071
11864
11657
11445
10886
10327
9768
9209
8650
8091
7532
6966
6192
5418
4644
3870
3096
2322
1548
773
-24
-821
-1618
-2415
-3212
-4009
-4806
-5610
-6235
-6860
-7485
-8110
-8735
-9360
-9985
-10613
-10911
-11209
-11507
-11805
-12103
-12401
-12699
-13003
-12902
-12801
-12700
-12599
-12498
-12397
-12296
-12192
-11716
-11240
-10764
-10288
-9812
-9336
-8860
-8380
-7646
-6912
-6178
-5444
-4710
-3976
-3242
-2504
-1693
-882
-71
740
1551
2362
3173
3987
4675
5363
6051
6739
7427
8115
8803
9498
9894
10290
10686
11082
11478
11874
12270
12670
12676
12682
12688
12694
12700
12706
12712
12723
12338
11953
11568
11183
10798
10413
10028
9643
8962
8281
7600
6919
6238
5557
4876
4190
3380
2570
1760
950
140
-670
-1480
-2295
-3035
-3775
-4515
-5255
-5995
-6735
-7475
-8215
-8702
-9189
-9676
-10163
-10650
-11137
-11624
-12113
-12227
-12341
-12455
-12569
-12683
-12797
-12911
-13028
-12742
-12456
-12170
-11884
-11598
-11312
-11026
-10736
-10119
-9502
-8885
-8268
-7651
-7034
-6417
-5800
-5005
-4210
-3415
-2620
-1825
-1030
-235
563
1341
2119
2897
3675
4453
5231
6009
6788
7357
7926
8495
9064
9633
10202
10771
11342
11562
11782
12002
12222
12442
12662
12882
13103
12920
12737
12554
12371
12188
12005
11822
11638
11097
10556
10015
9474
8933
8392
7851
7307
6541
5775
5009
4243
3477
2711
1945
1177
375
-427
-1229
-2031
-2833
-3635
-4437
-5242
-5883
-6524
-7165
-7806
-8447
-9088
-9729
-10371
-10693
-11015
-11337
-11659
-11981
-12303
-12625
-12947
-12871
-12795
-12719
-12643
-12567
-12491
-12415
-12334
-11878
-11422
-10966
-10510
-10054
-9598
-9142
-8684
-7961
-7238
-6515
-5792
-5069
-4346
-3623
-2896
-2084
-1272
-460
352
1164
1976
2788
3605
4306
5007
5708
6409
7110
7811
8512
9219
9636
10053
10470
10887
11304
11721
12138
12562
12593
12624
12655
12686
12717
12748
12779
12812
12449
12086
11723
11360
10997
10634
10271
9907
9239
8571
7903
7235
6567
5899
5231
4562
3754
2946
2138
1330
522
-286
-1094
-1905
-2655
-3405
-4155
-4905
-5655
-6405
-7155
-7905
-8411
-8917
-9423
-9929
-10435
-10941
-11447
-11957
-12095
-12233
-12371
-12509
-12647
-12785
-12923
-13065
-12802
-12539
-12276
-12013
-11750
-11487
-11224
-10956
-10355
-9754
-9153
-8552
-7951
-7350
-6749
-6148
-5358
-4568
-3778
-2988
-2198
-1408
-618
173
958
1743
2528
3313
4098
4883
5668
6453
7039
7625
8211
8797
9383
9969
10555
11143
11386
11629
11872
12115
12358
12601
12844
13088
12929
12770
12611
12452
12293
12134
11975
11811
11288
10765
10242
9719
9196
8673
8150
7624
6866
6108
5350
4592
3834
3076
2318
1560
754
-52
-858
-1664
-2470
-3276
-4082
-4888
-5543
-6198
-6853
-7508
-8163
-8818
-9473
-10133
-10476
-10819
-11162
-11505
-11848
-12191
-12534
-12882
-12829
-12776
-12723
-12670
-12617
-12564
-12511
-12458
-12022
-11586
-11150
-10714
-10278
-9842
-9406
-8966
-8254
-7542
-6830
-6118
-5406
-4694
-3982
-3265
-2452
-1639
-826
-13
800
1613
2426
3239
3952
4665
5378
6091
6804
7517
8230
8946
9384
9822
10260
10698
11136
11574
12012
12450
12504
12558
12612
12666
12720
12774
12828
12887
12545
12203
11861
11519
11177
10835
10493
10149
9495
8841
8187
7533
6879
6225
5571
4912
4107
3302
2497
1692
887
82
-723
-1534
-2292
-3050
-3808
-4566
-5324
-6082
-6840
-7604
-8128
-8652
-9176
-9700
-10224
-10748
-11272
-11800
-11961
-12122
-12283
-12444
-12605
-12766
-12927
-13090
-12849
-12608
-12367
-12126
-11885
-11644
-11403
-11155
-10570
-9985
-9400
-8815
-8230
-7645
-7060
-6472
-5688
-4904
-4120
-3336
-2552
-1768
-984
-195
595
1385
2175
2965
3755
4545
5335
6129
6731
7333
7935
8537
9139
9741
10343
10945
11209
11473
11737
12001
12265
12529
12793
13064
12927
12790
12653
12516
12379
12242
12105
11965
11460
10955
10450
9945
9440
8935
8430
7918
7169
6420
5671
4922
4173
3424
2675
1920
1112
304
-504
-1312
-2120
-2928
-3736
-4549
-5217
-5885
-6553
-7221
-7889
-8557
-9225
-9899
-10262
-10625
-10988
-11351
-11714
-12077
-12440
-12810
-12780
-12750
-12720
-12690
-12660
-12630
-12600
-12565
-12148
-11731
-11314
-10897
-10480
-10063
-9646
-9225
-8524
-7823
-7122
-6421
-5720
-5019
-4318
-3611
-2799
-1987
-1175
-363
449
1261
2073
2891
3614
4337
5060
5783
6506
7229
7952
8682
9138
9594
10050
10506
10962
11418
11874
12333
12409
12485
12561
12637
12713
12789
12865
12947
12625
12303
11981
11659
11337
11015
10693
10370
9729
9088
8447
7806
7165
6524
5883
5238
4436
3634
2832
2030
1228
426
-376
-1183
-1949
-2715
-3481
-4247
-5013
-5779
-6545
-7314
-7855
-8396
-8937
-9478
-10019
-10560
-11101
-11643
-11825
-12007
-12189
-12371
-12553
-12735
-12917
-13103
-12882
-12661
-12440
-12219
-11998
-11777
-11556
-11334
-10764
-10194
-9624
-9054
-8484
-7914
-7344
-6773
-5995
-5217
-4439
-3661
-2883
-2105
-1327
-543
252
1047
1842
2637
3432
4227
5022
5820
6436
7052
7668
8284
8900
9516
10132
10750
11035
11320
11605
11890
12175
12460
12745
13031
12915
12799
12683
12567
12451
12335
12219
12101
11613
11125
10637
10149
9661
9173
8685
8190
7449
6708
5967
5226
4485
3744
3003
2260
1450
640
-170
-980
-1790
-2600
-3410
-4226
-4906
-5586
-6266
-6946
-7626
-8306
-8986
-9672
-10054
-10436
-10818
-11200
-11582
-11964
-12346
-12734
-12725
-12716
-12707
-12698
-12689
-12680
-12671
-12658
-12259
-11860
-11461
-11062
-10663
-10264
-9865
-9463
-8773
-8083
-7393
-6703
-6013
-5323
-4633
-3936
-3124
-2312
-1500
-688
124
936
1748
2560
3293
4026
4759
5492
6225
6958
7691
8426
8899
9372
9845
10318
10791
11264
11737
12216
12313
12410
12507
12604
12701
12798
12895
12995
12692
12389
12086
11783
11480
11177
10874
10571
9943
9315
8687
8059
7431
6803
6175
5543
4744
3945
3146
2347
1548
749
-50
-851
-1624
-2397
-3170
-3943
-4716
-5489
-6262
-7036
-7592
-8148
-8704
-9260
-9816
-10372
-10928
-11487
-11689
-11891
-12093
-12295
-12497
-12699
-12901
-13107
-12906
-12705
-12504
-12303
-12102
-11901
-11700
-11496
-10941
-10386
-9831
-9276
-8721
-8166
-7611
-7053
-6281
-5509
-4737
-3965
-3193
-2421
-1649
-871
-72
727
1526
2325
3124
3923
4722
5525
6154
6783
7412
8041
8670
9299
9928
10560
10864
11168
11472
11776
12080
12384
12688
12992
12896
12800
12704
12608
12512
12416
12320
12222
11750
11278
10806
10334
9862
9390
8918
8440
7708
6976
6244
5512
4780
4048
3316
2577
1765
953
141
-671
-1483
-2295
-3107
-3920
-4611
-5302
-5993
-6684
-7375
-8066
-8757
-9452
-9852
-10252
-10652
-11052
-11452
-11852
-12252
-12654
-12664
-12674
-12684
-12694
-12704
-12714
-12724
-12737
-12355
-11973
-11591
-11209
-10827
-10445
-10063
-9681
-9001
-8321
-7641
-6961
-6281
-5601
-4921
-4238
-3428
-2618
-1808
-998
-188
622
1432
2248
2989
3730
4471
5212
5953
6694
7435
8181
8670
9159
9648
10137
10626
11115
11604
12098
12214
12330
12446
12562
12678
12794
12910
13032
12748
12464
12180
11896
11612
11328
11044
10754
10138
9522
8906
8290
7674
7058
6442
5825
5030
4235
3440
2645
1850
1055
260
-539
-1318
-2097
-2876
-3655
-4434
-5213
-5992
-6771
-7341
-7911
-8481
-9051
-9621
-10191
-10761
-11334
-11555
-11776
-11997
-12218
-12439
-12660
-12881
-13103
-12921
-12739
-12557
-12375
-12193
-12011
-11829
-11642
-11101
-10560
-10019
-9478
-8937
-8396
-7855
-7310
-6544
-5778
-5012
-4246
-3480
-2714
-1948
-1177
-375
427
1229
2031
2833
3635
4437
5246
5887
6528
7169
7810
8451
9092
9733
10376
10697
11018
11339
11660
11981
12302
12623
12949
12872
12795
12718
12641
12564
12487
12410
12329
11872
11415
10958
10501
10044
9587
9130
8669
7945
7221
6497
5773
5049
4325
3601
2873
2060
1247
434
-379
-1192
-2005
-2818
-3631
-4332
-5033
-5734
-6435
-7136
-7837
-8538
-9241
-9657
-10073
-10489
-10905
-11321
-11737
-12153
-12572
-12601
-12630
-12659
-12688
-12717
-12746
-12775
-12804
-12439
-12074
-11709
-11344
-10979
-10614
-10249
-9879
-9209
-8539
-7869
-7199
-6529
-5859
-5189
-4518
-3709
-2900
-2091
-1282
-473
336
1145
1956
2705
3454
4203
4952
5701
6450
7199
7948
8452
8956
9460
9964
10468
10972
11476
11981
12115
12249
12383
12517
12651
12785
12919
13060
12793
12526
12259
11992
11725
11458
11191
10919
10315
9711
9107
8503
7899
7295
6691
6085
5294
4503
3712
2921
2130
1339
548
-248
-1032
-1816
-2600
-3384
-4168
-4952
-5736
-6521
-7104
-7687
-8270
-8853
-9436
-10019
-10602
-11186
-11424
-11662
-11900
-12138
-12376
-12614
-12852
-13093
-12928
-12763
-12598
-12433
-12268
-12103
-11938
-11771
-11243
-10715
-10187
-9659
-9131
-8603
-8075
-7547
-6787
-6027
-5267
-4507
-3747
-2987
-2227
-1462
-657
148
953
1758
2563
3368
4173
4983
5635
6287
6939
7591
8243
8895
9547
10200
10537
10874
11211
11548
11885
12222
12559
12902
12842
12782
12722
12662
12602
12542
12482
12422
11980
11538
11096
10654
10212
9770
9328
8879
8163
7447
6731
6015
5299
4583
3867
3147
2334
1521
708
-105
-918
-1731
-2544
-3360
-4070
-4780
-5490
-6200
-6910
-7620
-8330
-9040
-9471
-9902
-10333
-10764
-11195
-11626
-12057
-12491
-12537
-12583
-12629
-12675
-12721
-12767
-12813
-12861
-12511
-12161
-11811
-11461
-11111
-10761
-10411
-10059
-9399
-8739
-8079
-7419
-6759
-6099
-5439
-4777
-3970
-3163
-2356
-1549
-742
65
872
1682
2437
3192
3947
4702
5457
6212
6967
7728
8245
8762
9279
9796
10313
10830
11347
11867
12018
12169
12320
12471
12622
12773
12924
13080
12829
12578
12327
12076
11825
11574
11323
11067
10475
9883
9291
8699
8107
7515
6923
6325
5538
4751
3964
3177
2390
1603
816
22
-766
-1554
-2342
-3130
-3918
-4706
-5494
-6285
-6879
-7473
-8067
-8661
-9255
-9849
-10443
-11043
-11297
-11551
-11805
-12059
-12313
-12567
-12821
-13077
-12929
-12781
-12633
-12485
-12337
-12189
-12041
-11886
-11371
-10856
-10341
-9826
-9311
-8796
-8281
-7764
-7010
-6256
-5502
-4748
-3994
-3240
-2486
-1726
-919
-112
695
1502
2309
3116
3923
4736
5397
6058
6719
7380
8041
8702
9363
10031
10383
10735
11087
11439
11791
12143
12495
12852
12809
12766
12723
12680
12637
12594
12551
12503
12074
11645
11216
10787
10358
9929
9500
9070
8362
7654
6946
6238
5530
4822
4114
3400
2587
1774
961
148
-665
-1478
-2291
-3108
-3825
-4542
-5259
-5976
-6693
-7410
-8127
-8851
-9295
-9739
-10183
-10627
-11071
-11515
-11959
-12410
-12472
-12534
-12596
-12658
-12720
-12782
-12844
-12908
-12573
-12238
-11903
-11568
-11233
-10898
-10563
-10222
-9572
-8922
-8272
-7622
-6972
-6322
-5672
-5015
-4210
-3405
-2600
-1795
-990
-185
620
1429
2190
2951
3712
4473
5234
5995
6756
7521
8050
8579
9108
9637
10166
10695
11224
11757
11924
12091
12258
12425
12592
12759
12926
13094
12858
12622
12386
12150
11914
11678
11442
11200
10618
10036
9454
8872
8290
7708
7126
6544
5761
4978
4195
3412
2629
1846
1063
273
-519
-1311
-2103
-2895
-3687
-4479
-5271
-6065
-6670
-7275
-7880
-8485
-9090
-9695
-10300
-10907
-11175
-11443
-11711
-11979
-12247
-12515
-12783
-13058
-12925
-12792
-12659
-12526
-12393
-12260
-12127
-11988
-11485
-10982
-10479
-9976
-9473
-8970
-8467
-7961
-7212
-6463
-5714
-4965
-4216
-3467
-2718
-1969
-1160
-351
458
1267
2076
2885
3694
4507
5177
5847
6517
7187
7857
8527
9197
9873
10239
10605
10971
11337
11703
12069
12435
12803
12775
12747
12719
12691
12663
12635
12607
12574
12158
11742
11326
10910
10494
10078
9662
9243
8542
7841
7140
6439
5738
5037
4336
3632
2819
2006
1193
380
-433
-1246
-2059
-2875
-3599
-4323
-5047
-5771
-6495
-7219
-7943
-8673
-9130
-9587
-10044
-10501
-10958
-11415
-11872
-12331
-12408
-12485
-12562
-12639
-12716
-12793
-12870
-12947
-12625
-12303
-11981
-11659
-11337
-11015
-10693
-10368
-9726
-9084
-8442
-7800
-7158
-6516
-5874
-5232
-4429
-3626
-2823
-2020
-1217
-414
389
1195
1961
2727
3493
4259
5025
5791
6557
7328
7868
8408
8948
9488
10028
10568
11108
11653
11834
12015
12196
12377
12558
12739
12920
13102
12880
12658
12436
12214
11992
11770
11548
11319
10747
10175
9603
9031
8459
7887
7315
6743
5963
5183
4403
3623
2843
2063
1283
502
-293
-1088
-1883
-2678
-3473
-4268
-5063
-5861
-6475
-7089
-7703
-8317
-8931
-9545
-10159
-10779
-11061
-11343
-11625
-11907
-12189
-12471
-12753
-13037
-12918
-12799
-12680
-12561
-12442
-12323
-12204
-12078
-11586
-11094
-10602
-10110
-9618
-9126
-8634
-8139
-7396
-6653
-5910
-5167
-4424
-3681
-2938
-2191
-1381
-571
239
1049
1859
2669
3479
4296
4974
5652
6330
7008
7686
8364
9042
9724
10102
10480
10858
11236
11614
11992
12370
12753
12739
12725
12711
12697
12683
12669
12655
12635
12231
11827
11423
11019
10615
10211
9807
9398
8704
8010
7316
6622
5928
5234
4540
3843
3030
2217
1404
591
-222
-1035
-1848
-2661
-3391
-4121
-4851
-5581
-6311
-7041
-7771
-8508
-8976
-9444
-9912
-10380
-10848
-11316
-11784
-12256
-12346
-12436
-12526
-12616
-12706
-12796
-12886
-12979
-12669
-12359
-12049
-11739
-11429
-11119
-10809
-10499
-9866
-9233
-8600
-7967
-7334
-6701
-6068
-5428
-4627
-3826
-3025
-2224
-1423
-622
179
982
1753
2524
3295
4066
4837
5608
6379
7150
7700
8250
8800
9350
9900
10450
11000
11554
11748
11942
12136
12330
12524
12718
12912
13106
12896
12686
12476
12266
12056
11846
11636
11424
10862
10300
9738
9176
8614
8052
7490
6922
6146
5370
4594
3818
3042
2266
1490
712
-86
-884
-1682
-2480
-3278
-4076
-4874
-5674
-6297
-6920
-7543
-8166
-8789
-9412
-10035
-10659
-10953
-11247
-11541
-11835
-12129
-12423
-12717
-13014
-12907
-12800
-12693
-12586
-12479
-12372
-12265
-12157
-11675
-11193
-10711
-10229
-9747
-9265
-8783
-8299
-7561
-6823
-6085
-5347
-4609
-3871
-3133
-2393
-1581
-769
43
855
1667
2479
3291
4103
4788
5473
6158
6843
7528
8213
8898
9587
9976
10365
10754
11143
11532
11921
12310
12705
12703
12701
12699
12697
12695
12693
12691
12687
12294
11901
11508
11115
10722
10329
9936
9537
8849
8161
7473
6785
6097
5409
4721
4033
3221
2409
1597
785
-27
-839
-1651
-2466
-3202
-3938
-4674
-5410
-6146
-6882
-7618
-8357
-8835
-9313
-9791
-10269
-10747
-11225
-11703
-12185
-12287
-12389
-12491
-12593
-12695
-12797
-12899
-13005
-12707
-12409
-12111
-11813
-11515
-11217
-10919
-10615
-9989
-9363
-8737
-8111
-7485
-6859
-6233
-5604
-4805
-4006
-3207
-2408
-1609
-810
-11
788
1563
2338
3113
3888
4663
5438
6213
6988
7547
8106
8665
9224
9783
10342
10901
11462
11667
11872
12077
12282
12487
12692
12897
13107
12909
12711
12513
12315
12117
11919
11721
11516
10962
10408
9854
9300
8746
8192
7638
7082
6310
5538
4766
3994
3222
2450
1678
900
100
-700
-1500
-2300
-3100
-3900
-4700
-5504
-6134
-6764
-7394
-8024
-8654
-9284
-9914
-10549
-10854
-11159
-11464
-11769
-12074
-12379
-12684
-12991
-12896
-12801
-12706
-12611
-12516
-12421
-12326
-12225
-11752
-11279
-10806
-10333
-9860
-9387
-8914
-8441
-7708
-6975
-6242
-5509
-4776
-4043
-3310
-2573
-1761
-949
-137
675
1487
2299
3111
3929
4620
5311
6002
6693
7384
8075
8766
9462
9861
10260
10659
11058
11457
11856
12255
12659
12668
12677
12686
12695
12704
12713
12722
12731
12347
11963
11579
11195
10811
10427
10043
9659
8977
8295
7613
6931
6249
5567
4885
4202
3391
2580
1769
958
147
-664
-1475
-2291
-3032
-3773
-4514
-5255
-5996
-6737
-7478
-8219
-8706
-9193
-9680
-10167
-10654
-11141
-11628
-12119
-12232
-12345
-12458
-12571
-12684
-12797
-12910
-13026
-12738
-12450
-12162
-11874
-11586
-11298
-11010
-10716
-10097
-9478
-8859
-8240
-7621
-7002
-6383
-5761
-4964
-4167
-3370
-2573
-1776
-979
-182
616
1394
2172
2950
3728
4506
5284
6062
6841
7408
7975
8542
9109
9676
10243
10810
11378
11593
11808
12023
12238
12453
12668
12883
13105
12917
12729
12541
12353
12165
11977
11789
11596
11050
10504
9958
9412
8866
8320
7774
7224
6455
5686
4917
4148
3379
2610
1841
1067
265
-537
-1339
-2141
-2943
-3745
-4547
-5351
-5988
-6625
-7262
-7899
-8536
-9173
-9810
-10450
-10764
-11078
-11392
-11706
-12020
-12334
-12648
-12968
-12883
-12798
-12713
-12628
-12543
-12458
-12373
-12283
-11819
-11355
-10891
-10427
-9963
-9499
-9035
-8566
-7837
-7108
-6379
-5650
-4921
-4192
-3463
-2733
-1920
-1107
-294
519
1332
2145
2958
3774
4471
5168
5865
6562
7259
7956
8653
9350
9758
10166
10574
10982
11390
11798
12206
12617
12635
12653
12671
12689
12707
12725
12743
12768
12393
12018
11643
11268
10893
10518
10143
9766
9090
8414
7738
7062
6386
5710
5034
4352
3541
2730
1919
1108
297
-514
-1325
-2136
-2881
-3626
-4371
-5116
-5861
-6606
-7351
-8097
-8592
-9087
-9582
-10077
-10572
-11067
-11562
-12058
-12181
-12304
-12427
-12550
-12673
-12796
-12919
-13042
-12763
-12484
-12205
-11926
-11647
-11368
-11089
-10804
-10191
-9578
-8965
-8352
-7739
-7126
-6513
-5898
-5103
-4308
-3513
-2718
-1923
-1128
-333
463
1244
2025
2806
3587
4368
5149
5930
6712
7285
7858
8431
9004
9577
10150
10723
11302
11526
11750
11974
12198
12422
12646
12870
13101
12922
12743
12564
12385
12206
12027
11848
11665
11126
10587
10048
9509
8970
8431
7892
7347
6581
5815
5049
4283
3517
2751
1985
1214
411
-392
-1195
-1998
-2801
-3604
-4407
-5217
-5860
-6503
-7146
-7789
-8432
-9075
-9718
-10361
-10684
-11007
-11330
-11653
-11976
-12299
-12622
-12946
-12870
-12794
-12718
-12642
-12566
-12490
-12414
-12333
-11876
-11419
-10962
-10505
-10048
-9591
-9134
-8674
-7949
-7224
-6499
-5774
-5049
-4324
-3599
-2872
-2059
-1246
-433
380
1193
2006
2819
3638
4339
5040
5741
6442
7143
7844
8545
9251
9666
10081
10496
10911
11326
11741
12156
12578
12605
12632
12659
12686
12713
12740
12767
12799
12432
12065
11698
11331
10964
10597
10230
9858
9186
8514
7842
7170
6498
5826
5154
4481
3671
2861
2051
1241
431
-379
-1189
-2001
-2749
-3497
-4245
-4993
-5741
-6489
-7237
-7990
-8491
-8992
-9493
-9994
-10495
-10996
-11497
-12005
-12136
-12267
-12398
-12529
-12660
-12791
-12922
-13054
-12783
-12512
-12241
-11970
-11699
-11428
-11157
-10879
-10272
-9665
-9058
-8451
-7844
-7237
-6630
-6017
-5224
-4431
-3638
-2845
-2052
-1259
-466
332
1115
1898
2681
3464
4247
5030
5813
6599
7178
7757
8336
8915
9494
10073
10652
11236
11468
11700
11932
12164
12396
12628
12860
13097
12926
12755
12584
12413
12242
12071
11900
11723
11190
10657
10124
9591
9058
8525
7992
7452
6689
5926
5163
4400
3637
2874
2111
1341
536
-269
-1074
-1879
-2684
-3489
-4294
-5101
-5748
-6395
-7042
-7689
-8336
-8983
-9630
-10284
-10614
-10944
-11274
-11604
-11934
-12264
-12594
-12926
-12857
-12788
-12719
-12650
-12581
-12512
-12443
-12374
-11923
-11472
-11021
-10570
-10119
-9668
-9217
-8765
-8044
-7323
-6602
-5881
-5160
-4439
-3718
-2991
-2177
-1363
-549
265
1079
1893
2707
3522
4227
4932
5637
6342
7047
7752
8457
9165
9587
10009
10431
10853
11275
11697
12119
12544
12579
12614
12649
12684
12719
12754
12789
12824
12463
12102
11741
11380
11019
10658
10297
9935
9267
8599
7931
7263
6595
5927
5259
4591
3782
2973
2164
1355
546
-263
-1072
-1886
-2637
-3388
-4139
-4890
-5641
-6392
-7143
-7898
-8405
-8912
-9419
-9926
-10433
-10940
-11447
-11958
-12096
-12234
-12372
-12510
-12648
-12786
-12924
-13064
-12799
-12534
-12269
-12004
-11739
-11474
-11209
-10942
-10339
-9736
-9133
-8530
-7927
-7324
-6721
-6116
-5324
-4532
-3740
-2948
-2156
-1364
-572
220
1005
1790
2575
3360
4145
4930
5715
6503
7087
7671
8255
8839
9423
10007
10591
11179
11418
11657
11896
12135
12374
12613
12852
13092
12927
12762
12597
12432
12267
12102
11937
11770
11242
10714
10186
9658
9130
8602
8074
7540
6779
6018
5257
4496
3735
2974
2213
1446
640
-166
-972
-1778
-2584
-3390
-4196
-5004
-5655
-6306
-6957
-7608
-8259
-8910
-9561
-10219
-10555
-10891
-11227
-11563
-11899
-12235
-12571
-12908
-12846
-12784
-12722
-12660
-12598
-12536
-12474
-12408
-11963
-11518
-11073
-10628
-10183
-9738
-9293
-8841
-8122
-7403
-6684
-5965
-5246
-4527
-3808
-3089
-2275
-1461
-647
167
981
1795
2609
3425
4133
4841
5549
6257
6965
7673
8381
9093
9520
9947
10374
10801
11228
11655
12082
12515
12556
12597
12638
12679
12720
12761
12802
12843
12488
12133
11778
11423
11068
10713
10358
9998
9334
8670
8006
7342
6678
6014
5350
4681
3872
3063
2254
1445
636
-173
-982
-1791
-2544
-3297
-4050
-4803
-5556
-6309
-7062
-7822
-8334
-8846
-9358
-9870
-10382
-10894
-11406
-11920
-12063
-12206
-12349
-12492
-12635
-12778
-12921
-13071
-12812
-12553
-12294
-12035
-11776
-11517
-11258
-10992
-10393
-9794
-9195
-8596
-7997
-7398
-6799
-6197
-5407
-4617
-3827
-3037
-2247
-1457
-667
130
916
1702
2488
3274
4060
4846
5632
6425
7013
7601
8189
8777
9365
9953
10541
11132
11376
11620
11864
12108
12352
12596
12840
13088
12929
12770
12611
12452
12293
12134
11975
11809
11285
10761
10237
9713
9189
8665
8141
7611
6851
6091
5331
4571
3811
3051
2291
1531
724
-83
-890
-1697
-2504
-3311
-4118
-4925
-5580
-6235
-6890
-7545
-8200
-8855
-9510
-10166
-10506
-10846
-11186
-11526
-11866
-12206
-12546
-12893
-12836
-12779
-12722
-12665
-12608
-12551
-12494
-12434
-11993
-11552
-11111
-10670
-10229
-9788
-9347
-8901
-8185
-7469
-6753
-6037
-5321
-4605
-3889
-3168
-2354
-1540
-726
88
902
1716
2530
3348
4059
4770
5481
6192
6903
7614
8325
9036
9467
9898
10329
10760
11191
11622
12053
12491
12537
12583
12629
12675
12721
12767
12813
12859
12508
12157
11806
11455
11104
10753
10402
10047
9386
8725
8064
7403
6742
6081
5420
4752
3944
3136
2328
1520
712
-96
-904
-1717
-2472
-3227
-3982
-4737
-5492
-6247
-7002
-7762
-8277
-8792
-9307
-9822
-10337
-10852
-11367
-11889
-12037
-12185
-12333
-12481
-12629
-12777
-12925
-13076
-12821
-12566
-12311
-12056
-11801
-11546
-11291
-11031
-10435
-9839
-9243
-8647
-8051
-7455
-6859
-6259
-5470
-4681
-3892
-3103
-2314
-1525
-736
60
848
1636
2424
3212
4000
4788
5576
6365
6956
7547
8138
8729
9320
9911
10502
11096
11344
11592
11840
12088
12336
12584
12832
13084
12929
12774
12619
12464
12309
12154
11999
11837
11316
10795
10274
9753
9232
8711
8190
7664
6906
6148
5390
4632
3874
3116
2358
1596
789
-18
-825
-1632
-2439
-3246
-4053
-4866
-5523
-6180
-6837
-7494
-8151
-8808
-9465
-10126
-10470
-10814
-11158
-11502
-11846
-12190
-12534
-12882
-12829
-12776
-12723
-12670
-12617
-12564
-12511
-12453
-12015
-11577
-11139
-10701
-10263
-9825
-9387
-8946
-8231
-7516
-6801
-6086
-5371
-4656
-3941
-3226
-2412
-1598
-784
30
844
1658
2472
3290
4003
4716
5429
6142
6855
7568
8281
8994
9429
9864
10299
10734
11169
11604
12039
12474
12523
12572
12621
12670
12719
12768
12817
12870
12522
12174
11826
11478
11130
10782
10434
10083
9424
8765
8106
7447
6788
6129
5470
4804
3996
3188
2380
1572
764
-44
-852
-1663
-2420
-3177
-3934
-4691
-5448
-6205
-6962
-7719
-8237
-8755
-9273
-9791
-10309
-10827
-11345
-11867
-12018
-12169
-12320
-12471
-12622
-12773
-12924
-13080
-12828
-12576
-12324
-12072
-11820
-11568
-11316
-11059
-10465
-9871
-9277
-8683
-8089
-7495
-6901
-6303
-5514
-4725
-3936
-3147
-2358
-1569
-780
10
799
1588
2377
3166
3955
4744
5533
6322
6915
7508
8101
8694
9287
9880
10473
11070
11321
11572
11823
12074
12325
12576
12827
13081
12928
12775
12622
12469
12316
12163
12010
11857
11338
10819
10300
9781
9262
8743
8224
7701
6944
6187
5430
4673
3916
3159
2402
1640
832
24
-784
-1592
-2400
-3208
-4016
-4825
-5484
-6143
-6802
-7461
-8120
-8779
-9438
-10098
-10445
-10792
-11139
-11486
-11833
-12180
-12527
-12874
-12823
-12772
-12721
-12670
-12619
-12568
-12517
-12466
-12030
-11594
-11158
-10722
-10286
-9850
-9414
-8975
-8262
-7549
-6836
-6123
-5410
-4697
-3984
-3265
-2451
-1637
-823
-9
805
1619
2433
3253
3967
4681
5395
6109
6823
7537
8251
8966
9403
9840
10277
10714
11151
11588
12025
12462
12513
12564
12615
12666
12717
12768
12819
12876
12530
12184
11838
11492
11146
10800
10454
10106
9448
8790
8132
7474
6816
6158
5500
4836
4028
3220
2412
1604
796
-12
-820
-1629
-2386
-3143
-3900
-4657
-5414
-6171
-6928
-7692
-8212
-8732
-9252
-9772
-10292
-10812
-11332
-11853
-12006
-12159
-12312
-12465
-12618
-12771
-12924
-13082
-12832
-12582
-12332
-12082
-11832
-11582
-11332
-11075
-10482
-9889
-9296
-8703
-8110
-7517
-6924
-6329
-5541
-4753
-3965
-3177
-2389
-1601
-813
-18
771
1560
2349
3138
3927
4716
5505
6298
6892
7486
8080
8674
9268
9862
10456
11056
11309
11562
11815
12068
12321
12574
12827
13080
12929
12778
12627
12476
12325
12174
12023
11868
11350
10832
10314
9796
9278
8760
8242
7721
6964
6207
5450
4693
3936
3179
2422
1664
856
48
-760
-1568
-2376
-3184
-3992
-4804
-5464
-6124
-6784
-7444
-8104
-8764
-9424
-10084
-10432
-10780
-11128
-11476
-11824
-12172
-12520
-12870
-12821
-12772
-12723
-12674
-12625
-12576
-12527
-12473
-12038
-11603
-11168
-10733
-10298
-9863
-9428
-8990
-8277
-7564
-6851
-6138
-5425
-4712
-3999
-3283
-2469
-1655
-841
-27
787
1601
2415
3235
3949
4663
5377
6091
6805
7519
8233
8954
9391
9828
10265
10702
11139
11576
12013
12457
12509
12561
12613
12665
12717
12769
12821
12879
12534
12189
11844
11499
11154
10809
10464
10115
9457
8799
8141
7483
6825
6167
5509
4849
4041
3233
2425
1617
809
1
-807
-1616
-2374
-3132
-3890
-4648
-5406
-6164
-6922
-7682
-8202
-8722
-9242
-9762
-10282
-10802
-11322
-11848
-12002
-12156
-12310
-12464
-12618
-12772
-12926
-13082
-12832
-12582
-12332
-12082
-11832
-11582
-11332
-11080
-10488
-9896
-9304
-8712
-8120
-7528
-6936
-6337
-5549
-4761
-3973
-3185
-2397
-1609
-821
-26
763
1552
2341
3130
3919
4708
5497
6291
6886
7481
8076
8671
9266
9861
10456
11052
11305
11558
11811
12064
12317
12570
12823
13079
12928
12777
12626
12475
12324
12173
12022
11870
11352
10834
10316
9798
9280
8762
8244
7724
6967
6210
5453
4696
3939
3182
2425
1667
859
51
-757
-1565
-2373
-3181
-3989
-4801
-5461
-6121
-6781
-7441
-8101
-8761
-9421
-10083
-10431
-10779
-11127
-11475
-11823
-12171
-12519
-12870
-12821
-12772
-12723
-12674
-12625
-12576
-12527
-12473
-12038
-11603
-11168
-10733
-10298
-9863
-9428
-8989
-8276
-7563
-6850
-6137
-5424
-4711
-3998
-3281
-2467
-1653
-839
-25
789
1603
2417
3237
3951
4665
5379
6093
6807
7521
8235
8956
9393
9830
10267
10704
11141
11578
12015
12459
12511
12563
12615
12667
12719
12771
12823
12878
12533
12188
11843
11498
11153
10808
10463
10112
9454
8796
8138
7480
6822
6164
5506
4843
4035
3227
2419
1611
803
-5
-813
-1624
-2382
-3140
-3898
-4656
-5414
-6172
-6930
-7689
-8209
-8729
-9249
-9769
-10289
-10809
-11329
-11852
-12005
-12158
-12311
-12464
-12617
-12770
-12923
-13082
-12832
-12582
-12332
-12082
-11832
-11582
-11332
-11075
-10482
-9889
-9296
-8703
-8110
-7517
-6924
-6327
-5538
-4749
-3960
-3171
-2382
-1593
-804
-13
776
1565
2354
3143
3932
4721
5510
6303
6897
7491
8085
8679
9273
9867
10461
11060
11312
11564
11816
12068
12320
12572
12824
13080
12928
12776
12624
12472
12320
12168
12016
11864
11345
10826
10307
9788
9269
8750
8231
7711
6954
6197
5440
4683
3926
3169
2412
1650
842
34
-774
-1582
-2390
-3198
-4006
-4818
-5477
-6136
-6795
-7454
-8113
-8772
-9431
-10095
-10442
-10789
-11136
-11483
-11830
-12177
-12524
-12874
-12823
-12772
-12721
-12670
-12619
-12568
-12517
-12466
-12030
-11594
-11158
-10722
-10286
-9850
-9414
-8973
-8259
-7545
-6831
-6117
-5403
-4689
-3975
-3260
-2445
-1630
-815
0
815
1630
2445
3260
3974
4688
5402
6116
6830
7544
8258
8973
9409
9845
10281
10717
11153
11589
12025
12466
12517
12568
12619
12670
12721
12772
12823
12874
12527
12180
11833
11486
11139
10792
10445
10095
9436
8777
8118
7459
6800
6141
5482
4817
4009
3201
2393
1585
777
-31
-839
-1651
-2408
-3165
-3922
-4679
-5436
-6193
-6950
-7712
-8231
-8750
-9269
-9788
-10307
-10826
-11345
-11865
-12016
-12167
-12318
-12469
-12620
-12771
-12922
-13080
-12828
-12576
-12324
-12072
-11820
-11568
-11316
-11058
-10464
-9870
-9276
-8682
-8088
-7494
-6900
-6299
-5510
-4721
-3932
-3143
-2354
-1565
-776
19
808
1597
2386
3175
3964
4753
5542
6332
6925
7518
8111
8704
9297
9890
10483
11078
11328
11578
11828
12078
12328
12578
12828
13082
12928
12774
12620
12466
12312
12158
12004
11848
11328
10808
10288
9768
9248
8728
8208
7681
6923
6165
5407
4649
3891
3133
2375
1612
804
-4
-812
-1620
-2428
-3236
-4044
-4854
-5512
-6170
-6828
-7486
-8144
-8802
-9460
-10120
-10465
-10810
-11155
-11500
-11845
-12190
-12535
-12881
-12828
-12775
-12722
-12669
-12616
-12563
-12510
-12453
-12015
-11577
-11139
-10701
-10263
-9825
-9387
-8943
-8228
-7513
-6798
-6083
-5368
-4653
-3938
-3218
-2403
-1588
-773
42
857
1672
2487
3302
4015
4728
5441
6154
6867
7580
8293
9006
9440
9874
10308
10742
11176
11610
12044
12480
12528
12576
12624
12672
12720
12768
12816
12865
12515
12165
11815
11465
11115
10765
10415
10065
9404
8743
8082
7421
6760
6099
5438
4773
3964
3155
2346
1537
728
-81
-890
-1700
-2456
-3212
-3968
-4724
-5480
-6236
-6992
-7752
-8268
-8784
-9300
-9816
-10332
-10848
-11364
-11886
-12034
-12182
-12330
-12478
-12626
-12774
-12922
-13077
-12822
-12567
-12312
-12057
-11802
-11547
-11292
-11030
-10433
-9836
-9239
-8642
-8045
-7448
-6851
-6252
-5462
-4672
-3882
-3092
-2302
-1512
-722
72
860
1648
2436
3224
4012
4800
5588
6380
6971
7562
8153
8744
9335
9926
10517
11108
11355
11602
11849
12096
12343
12590
12837
13086
12929
12772
12615
12458
12301
12144
11987
11824
11301
10778
10255
9732
9209
8686
8163
7634
6874
6114
5354
4594
3834
3074
2314
1554
747
-60
-867
-1674
-2481
-3288
-4095
-4909
-5565
-6221
-6877
-7533
-8189
-8845
-9501
-10158
-10499
-10840
-11181
-11522
-11863
-12204
-12545
-12892
-12835
-12778
-12721
-12664
-12607
-12550
-12493
-12434
-11992
-11550
-11108
-10666
-10224
-9782
-9340
-8897
-8180
-7463
-6746
-6029
-5312
-4595
-3878
-3157
-2342
-1527
-712
103
918
1733
2548
3364
4075
4786
5497
6208
6919
7630
8341
9053
9483
9913
10343
10773
11203
11633
12063
12500
12544
12588
12632
12676
12720
12764
12808
12852
12499
12146
11793
11440
11087
10734
10381
10021
9357
8693
8029
7365
6701
6037
5373
4709
3900
3091
2282
1473
664
-145
-954
-1768
-2523
-3278
-4033
-4788
-5543
-6298
-7053
-7809
-8322
-8835
-9348
-9861
-10374
-10887
-11400
-11915
-12059
-12203
-12347
-12491
-12635
-12779
-12923
-13072
-12812
-12552
-12292
-12032
-11772
-11512
-11252
-10991
-10391
-9791
-9191
-8591
-7991
-7391
-6791
-6188
-5397
-4606
-3815
-3024
-2233
-1442
-651
146
933
1720
2507
3294
4081
4868
5655
6445
7032
7619
8206
8793
9380
9967
10554
11148
11390
11632
11874
12116
12358
12600
12842
13090
12928
12766
12604
12442
12280
12118
11956
11790
11263
10736
10209
9682
9155
8628
8101
7570
6809
6048
5287
4526
3765
3004
2243
1476
669
-138
-945
-1752
-2559
-3366
-4173
-4983
-5636
-6289
-6942
-7595
-8248
-8901
-9554
-10209
-10546
-10883
-11220
-11557
-11894
-12231
-12568
-12907
-12845
-12783
-12721
-12659
-12597
-12535
-12473
-12408
-11962
-11516
-11070
-10624
-10178
-9732
-9286
-8836
-8116
-7396
-6676
-5956
-5236
-4516
-3796
-3075
-2260
-1445
-630
185
1000
1815
2630
3446
4154
4862
5570
6278
6986
7694
8402
9115
9541
9967
10393
10819
11245
11671
12097
12526
12564
12602
12640
12678
12716
12754
12792
12835
12477
12119
11761
11403
11045
10687
10329
9964
9297
8630
7963
7296
6629
5962
5295
4626
3816
3006
2196
1386
576
-234
-1044
-1857
-2610
-3363
-4116
-4869
-5622
-6375
-7128
-7881
-8390
-8899
-9408
-9917
-10426
-10935
-11444
-11953
-12091
-12229
-12367
-12505
-12643
-12781
-12919
-13064
-12799
-12534
-12269
-12004
-11739
-11474
-11209
-10940
-10336
-9732
-9128
-8524
-7920
-7316
-6712
-6105
-5312
-4519
-3726
-2933
-2140
-1347
-554
241
1026
1811
2596
3381
4166
4951
5736
6528
7111
7694
8277
8860
9443
10026
10609
11198
11435
11672
11909
12146
12383
12620
12857
13094
12926
12758
12590
12422
12254
12086
11918
11747
11215
10683
10151
9619
9087
8555
8023
7489
6725
5961
5197
4433
3669
2905
2141
1377
571
-235
-1041
-1847
-2653
-3459
-4265
-5076
-5725
-6374
-7023
-7672
-8321
-8970
-9619
-10273
-10604
-10935
-11266
-11597
-11928
-12259
-12590
-12924
-12856
-12788
-12720
-12652
-12584
-12516
-12448
-12374
-11923
-11472
-11021
-10570
-10119
-9668
-9217
-8759
-8036
-7313
-6590
-5867
-5144
-4421
-3698
-2973
-2158
-1343
-528
287
1102
1917
2732
3548
4253
4958
5663
6368
7073
7778
8483
9191
9611
10031
10451
10871
11291
11711
12131
12557
12588
12619
12650
12681
12712
12743
12774
12812
12448
12084
11720
11356
10992
10628
10264
9893
9222
8551
7880
7209
6538
5867
5196
4523
3712
2901
2090
1279
468
-343
-1154
-1966
-2716
-3466
-4216
-4966
-5716
-6466
-7216
-7970
-8473
-8976
-9479
-9982
-10485
-10988
-11491
-11999
-12131
-12263
-12395
-12527
-12659
-12791
-12923
-13055
-12783
-12511
-12239
-11967
-11695
-11423
-11151
-10877
-10268
-9659
-9050
-8441
-7832
-7223
-6614
-6003
-5209
-4415
-3621
-2827
-2033
-1239
-445
356
1140
1924
2708
3492
4276
5060
5844
6629
7207
7785
8363
8941
9519
10097
10675
11259
11489
11719
11949
12179
12409
12639
12869
13099
12924
12749
12574
12399
12224
12049
11874
11694
11157
10620
10083
9546
9009
8472
7935
7391
6625
5859
5093
4327
3561
2795
2029
1257
452
-353
-1158
-1963
-2768
-3573
-4378
-5188
-5833
-6478
-7123
-7768
-8413
-9058
-9703
-10348
-10672
-10996
-11320
-11644
-11968
-12292
-12616
-12944
-12868
-12792
-12716
-12640
-12564
-12488
-12412
-12333
-11875
-11417
-10959
-10501
-10043
-9585
-9127
-8666
-7940
-7214
-6488
-5762
-5036
-4310
-3584
-2851
-2036
-1221
-406
409
1224
2039
2854
3669
4370
5071
5772
6473
7174
7875
8576
9281
9695
10109
10523
10937
11351
11765
12179
12593
12617
12641
12665
12689
12713
12737
12761
12785
12413
12041
11669
11297
10925
10553
10181
9808
9133
8458
7783
7108
6433
5758
5083
4401
3589
2777
1965
1153
341
-471
-1283
-2096
-2843
-3590
-4337
-5084
-5831
-6578
-7325
-8074
-8571
-9068
-9565
-10062
-10559
-11056
-11553
-12052
-12175
-12298
-12421
-12544
-12667
-12790
-12913
-13042
-12762
-12482
-12202
-11922
-11642
-11362
-11082
-10801
-10187
-9573
-8959
-8345
-7731
-7117
-6503
-5883
-5087
-4291
-3495
-2699
-1903
-1107
-311
492
1273
2054
2835
3616
4397
5178
5959
6746
7318
7890
8462
9034
9606
10178
10750
11328
11549
11770
11991
12212
12433
12654
12875
13103
12919
12735
12551
12367
12183
11999
11815
11630
11086
10542
9998
9454
8910
8366
7822
7275
6506
5737
4968
4199
3430
2661
1892
1117
313
-491
-1295
-2099
-2903
-3707
-4511
-5317
-5956
-6595
-7234
-7873
-8512
-9151
-9790
-10435
-10751
-11067
-11383
-11699
-12015
-12331
-12647
-12966
-12881
-12796
-12711
-12626
-12541
-12456
-12371
-12283
-11818
-11353
-10888
-10423
-9958
-9493
-9028
-8556
-7826
-7096
-6366
-5636
-4906
-4176
-3446
-2709
-1895
-1081
-267
547
1361
2175
2989
3809
4505
5201
5897
6593
7289
7985
8681
9384
9790
10196
10602
11008
11414
11820
12226
12633
12647
12661
12675
12689
12703
12717
12731
12751
12371
11991
11611
11231
10851
10471
10091
9708
9027
8346
7665
6984
6303
5622
4941
4259
3446
2633
1820
1007
194
-619
-1432
-2245
-2988
-3731
-4474
-5217
-5960
-6703
-7446
-8194
-8683
-9172
-9661
-10150
-10639
-11128
-11617
-12111
-12225
-12339
-12453
-12567
-12681
-12795
-12909
-13026
-12737
-12448
-12159
-11870
-11581
-11292
-11003
-10713
-10092
-9471
-8850
-8229
-7608
-6987
-6366
-5743
-4944
-4145
-3346
-2547
-1748
-949
-150
649
1428
2207
2986
3765
4544
5323
6102
6881
7446
8011
8576
9141
9706
10271
10836
11407
11619
11831
12043
12255
12467
12679
12891
13106
12913
12720
12527
12334
12141
11948
11755
11556
11005
10454
9903
9352
8801
8250
7699
7141
6368
5595
4822
4049
3276
2503
1730
956
154
-648
-1450
-2252
-3054
-3856
-4658
-5465
-6098
-6731
-7364
-7997
-8630
-9263
-9896
-10533
-10840
-11147
-11454
-11761
-12068
-12375
-12682
-12989
-12894
-12799
-12704
-12609
-12514
-12419
-12324
-12225
-11751
-11277
-10803
-10329
-9855
-9381
-8907
-8430
-7695
-6960
-6225
-5490
-4755
-4020
-3285
-2546
-1732
-918
-104
710
1524
2338
3152
3969
4660
5351
6042
6733
7424
8115
8806
9501
9898
10295
10692
11089
11486
11883
12280
12677
12681
12685
12689
12693
12697
12701
12705
12711
12322
11933
11544
11155
10766
10377
9988
9593
8906
8219
7532
6845
6158
5471
4784
4096
3283
2470
1657
844
31
-782
-1595
-2415
-3154
-3893
-4632
-5371
-6110
-6849
-7588
-8328
-8809
-9290
-9771
-10252
-10733
-11214
-11695
-12176
-12279
-12382
-12485
-12588
-12691
-12794
-12897
-13006
-12707
-12408
-12109
-11810
-11511
-11212
-10913
-10611
-9983
-9355
-8727
-8099
-7471
-6843
-6215
-5584
-4783
-3982
-3181
-2380
-1579
-778
23
825
1600
2375
3150
3925
4700
5475
6250
7031
7588
8145
8702
9259
9816
10373
10930
11494
11695
11896
12097
12298
12499
12700
12901
13107
12903
12699
12495
12291
12087
11883
11679
11469
10909
10349
9789
9229
8669
8109
7549
6988
6212
5436
4660
3884
3108
2332
1556
774
-26
-826
-1626
-2426
-3226
-4026
-4826
-5631
-6257
-6883
-7509
-8135
-8761
-9387
-10013
-10641
-10937
-11233
-11529
-11825
-12121
-12417
-12713
-13012
-12906
-12800
-12694
-12588
-12482
-12376
-12270
-12157
-11674
-11191
-10708
-10225
-9742
-9259
-8776
-8287
-7547
-6807
-6067
-5327
-4587
-3847
-3107
-2362
-1549
-736
77
890
1703
2516
3329
4148
4833
5518
6203
6888
7573
8258
8943
9630
10016
10402
10788
11174
11560
11946
12332
12724
12717
12710
12703
12696
12689
12682
12675
12663
12263
11863
11463
11063
10663
10263
9863
9461
8768
8075
7382
6689
5996
5303
4610
3913
3099
2285
1471
657
-157
-971
-1785
-2604
-3338
-4072
-4806
-5540
-6274
-7008
-7742
-8477
-8948
-9419
-9890
-10361
-10832
-11303
-11774
-12247
-12338
-12429
-12520
-12611
-12702
-12793
-12884
-12980
-12670
-12360
-12050
-11740
-11430
-11120
-10810
-10494
-9858
-9222
-8586
-7950
-7314
-6678
-6042
-5406
-4603
-3800
-2997
-2194
-1391
-588
215
1023
1794
2565
3336
4107
4878
5649
6420
7198
7746
8294
8842
9390
9938
10486
11034
11589
11778
11967
12156
12345
12534
12723
12912
13105
12889
12673
12457
12241
12025
11809
11593
11371
10802
10233
9664
9095
8526
7957
7388
6817
6037
5257
4477
3697
2917
2137
1357
572
-226
-1024
-1822
-2620
-3418
-4216
-5014
-5814
-6432
-7050
-7668
-8286
-8904
-9522
-10140
-10759
-11043
-11327
-11611
-11895
-12179
-12463
-12747
-13035
-12916
-12797
-12678
-12559
-12440
-12321
-12202
-12078
-11584
-11090
-10596
-10102
-9608
-9114
-8620
-8126
-7380
-6634
-5888
-5142
-4396
-3650
-2904
-2157
-1345
-533
279
1091
1903
2715
3527
4345
5023
5701
6379
7057
7735
8413
9091
9771
10146
10521
10896
11271
11646
12021
12396
12773
12753
12733
12713
12693
12673
12653
12633
12607
12196
11785
11374
10963
10552
10141
9730
9314
8614
7914
7214
6514
5814
5114
4414
3710
2895
2080
1265
450
-365
-1180
-1995
-2813
-3541
-4269
-4997
-5725
-6453
-7181
-7909
-8639
-9099
-9559
-10019
-10479
-10939
-11399
-11859
-12322
-12400
-12478
-12556
-12634
-12712
-12790
-12868
-12948
-12625
-12302
-11979
-11656
-11333
-11010
-10687
-10363
-9719
-9075
-8431
-7787
-7143
-6499
-5855
-5207
-4402
-3597
-2792
-1987
-1182
-377
428
1240
2007
2774
3541
4308
5075
5842
6609
7380
7918
8456
8994
9532
10070
10608
11146
11690
11866
12042
12218
12394
12570
12746
12922
13099
12869
12639
12409
12179
11949
11719
11489
11259
10680
10101
9522
8943
8364
7785
7206
6626
5842
5058
4274
3490
2706
1922
1138
349
-446
-1241
-2036
-2831
-3626
-4421
-5216
-6014
-6623
-7232
-7841
-8450
-9059
-9668
-10277
-10886
-11157
-11428
-11699
-11970
-12241
-12512
-12783
-13057
-12924
-12791
-12658
-12525
-12392
-12259
-12126
-11989
-11484
-10979
-10474
-9969
-9464
-8959
-8454
-7946
-7195
-6444
-5693
-4942
-4191
-3440
-2689
-1932
-1121
-310
501
1312
2123
2934
3745
4560
5230
5900
6570
7240
7910
8580
9250
9922
10284
10646
11008
11370
11732
12094
12456
12823
12788
12753
12718
12683
12648
12613
12578
12541
12117
11693
11269
10845
10421
9997
9573
9149
8442
7735
7028
6321
5614
4907
4200
3486
2671
1856
1041
226
-589
-1404
-2219
-3041
-3762
-4483
-5204
-5925
-6646
-7367
-8088
-8814
-9262
-9710
-10158
-10606
-11054
-11502
-11950
-12400
-12463
-12526
-12589
-12652
-12715
-12778
-12841
-12910
-12574
-12238
-11902
-11566
-11230
-10894
-10558
-10216
-9563
-8910
-8257
-7604
-6951
-6298
-5645
-4987
-4179
-3371
-2563
-1755
-947
-139
669
1478
2240
3002
3764
4526
5288
6050
6812
7577
8104
8631
9158
9685
10212
10739
11266
11796
11957
12118
12279
12440
12601
12762
12923
13089
12845
12601
12357
12113
11869
11625
11381
11133
10544
9955
9366
8777
8188
7599
7010
6415
5627
4839
4051
3263
2475
1687
899
105
-686
-1477
-2268
-3059
-3850
-4641
-5432
-6230
-6828
-7426
-8024
-8622
-9220
-9818
-10416
-11021
-11277
-11533
-11789
-12045
-12301
-12557
-12813
-13076
-12928
-12780
-12632
-12484
-12336
-12188
-12040
-11887
-11370
-10853
-10336
-9819
-9302
-8785
-8268
-7747
-6990
-6233
-5476
-4719
-3962
-3205
-2448
-1686
-876
-66
744
1554
2364
3174
3984
4794
5455
6116
6777
7438
8099
8760
9421
10084
10432
10780
11128
11476
11824
12172
12520
12872
12822
12772
12722
12672
12622
12572
12522
12466
12029
11592
11155
10718
10281
9844
9407
8966
8251
7536
6821
6106
5391
4676
3961
3241
2425
1609
793
-23
-839
-1655
-2471
-3288
-4002
-4716
-5430
-6144
-6858
-7572
-8286
-9001
-9436
-9871
-10306
-10741
-11176
-11611
-12046
-12481
-12528
-12575
-12622
-12669
-12716
-12763
-12810
-12863
-12512
-12161
-11810
-11459
-11108
-10757
-10406
-10053
-9390
-8727
-8064
-7401
-6738
-6075
-5412
-4747
-3937
-3127
-2317
-1507
-697
113
923
1735
2491
3247
4003
4759
5515
6271
7027
7788
8303
8818
9333
9848
10363
10878
11393
11908
12053
12198
12343
12488
12633
12778
12923
13072
12812
12552
12292
12032
11772
11512
11252
10992
10391
9790
9189
8588
7987
7386
6785
6184
5392
4600
3808
3016
2224
1432
640
-159
-947
-1735
-2523
-3311
-4099
-4887
-5675
-6463
-7050
-7637
-8224
-8811
-9398
-9985
-10572
-11162
-11403
-11644
-11885
-12126
-12367
-12608
-12849
-13091
-12926
-12761
-12596
-12431
-12266
-12101
-11936
-11771
-11241
-10711
-10181
-9651
-9121
-8591
-8061
-7529
-6766
-6003
-5240
-4477
-3714
-2951
-2188
-1418
-611
196
1003
1810
2617
3424
4231
5044
5695
6346
6997
7648
8299
8950
9601
10255
10588
10921
11254
11587
11920
12253
12586
12921
12854
12787
12720
12653
12586
12519
12452
12379
11928
11477
11026
10575
10124
9673
9222
8764
8041
7318
6595
5872
5149
4426
3703
2974
2159
1344
529
-286
-1101
-1916
-2731
-3553
-4258
-4963
-5668
-6373
-7078
-7783
-8488
-9200
-9620
-10040
-10460
-10880
-11300
-11720
-12140
-12563
-12593
-12623
-12653
-12683
-12713
-12743
-12773
-12807
-12441
-12075
-11709
-11343
-10977
-10611
-10245
-9872
-9199
-8526
-7853
-7180
-6507
-5834
-5161
-4486
-3674
-2862
-2050
-1238
-426
386
1198
2012
2762
3512
4262
5012
5762
6512
7262
8012
8513
9014
9515
10016
10517
11018
11519
12023
12151
12279
12407
12535
12663
12791
12919
13049
12773
12497
12221
11945
11669
11393
11117
10835
10223
9611
8999
8387
7775
7163
6551
5932
5135
4338
3541
2744
1947
1150
353
-444
-1227
-2010
-2793
-3576
-4359
-5142
-5925
-6710
-7285
-7860
-8435
-9010
-9585
-10160
-10735
-11310
-11534
-11758
-11982
-12206
-12430
-12654
-12878
-13102
-12920
-12738
-12556
-12374
-12192
-12010
-11828
-11642
-11099
-10556
-10013
-9470
-8927
-8384
-7841
-7291
-6521
-5751
-4981
-4211
-3441
-2671
-1901
-1130
-325
480
1285
2090
2895
3700
4505
5311
5951
6591
7231
7871
8511
9151
9791
10434
10750
11066
11382
11698
12014
12330
12646
12967
12881
12795
12709
12623
12537
12451
12365
12279
11812
11345
10878
10411
9944
9477
9010
8543
7811
7079
6347
5615
4883
4151
3419
2686
1871
1056
241
-574
-1389
-2204
-3019
-3837
-4533
-5229
-5925
-6621
-7317
-8013
-8709
-9409
-9813
-10217
-10621
-11025
-11429
-11833
-12237
-12644
-12656
-12668
-12680
-12692
-12704
-12716
-12728
-12740
-12357
-11974
-11591
-11208
-10825
-10442
-10059
-9672
-8989
-8306
-7623
-6940
-6257
-5574
-4891
-4203
-3389
-2575
-1761
-947
-133
681
1495
2309
3051
3793
4535
5277
6019
6761
7503
8249
8735
9221
9707
10193
10679
11165
11651
12140
12249
12358
12467
12576
12685
12794
12903
13017
12723
12429
12135
11841
11547
11253
10959
10661
10036
9411
8786
8161
7536
6911
6286
5658
4858
4058
3258
2458
1658
858
58
-749
-1526
-2303
-3080
-3857
-4634
-5411
-6188
-6971
-7532
-8093
-8654
-9215
-9776
-10337
-10898
-11462
-11667
-11872
-12077
-12282
-12487
-12692
-12897
-13107
-12906
-12705
-12504
-12303
-12102
-11901
-11700
-11496
-10938
-10380
-9822
-9264
-8706
-8148
-7590
-7031
-6255
-5479
-4703
-3927
-3151
-2375
-1599
-820
-19
782
1583
2384
3185
3986
4787
5594
6222
6850
7478
8106
8734
9362
9990
10620
10918
11216
11514
11812
12110
12408
12706
13008
12903
12798
12693
12588
12483
12378
12273
12166
11683
11200
10717
10234
9751
9268
8785
8302
7562
6822
6082
5342
4602
3862
3122
2377
1563
749
-65
-879
-1693
-2507
-3321
-4139
-4825
-5511
-6197
-6883
-7569
-8255
-8941
-9627
-10014
-10401
-10788
-11175
-11562
-11949
-12336
-12724
-12717
-12710
-12703
-12696
-12689
-12682
-12675
-12661
-12261
-11861
-11461
-11061
-10661
-10261
-9861
-9454
-8760
-8066
-7372
-6678
-5984
-5290
-4596
-3898
-3083
-2268
-1453
-638
177
992
1807
2625
3359
4093
4827
5561
6295
7029
7763
8497
8967
9437
9907
10377
10847
11317
11787
12258
12347
12436
12525
12614
12703
12792
12881
12975
12662
12349
12036
11723
11410
11097
10784
10469
9831
9193
8555
7917
7279
6641
6003
5363
4559
3755
2951
2147
1343
539
-265
-1074
-1845
-2616
-3387
-4158
-4929
-5700
-6471
-7246
-7792
-8338
-8884
-9430
-9976
-10522
-11068
-11617
-11802
-11987
-12172
-12357
-12542
-12727
-12912
-13103
-12882
-12661
-12440
-12219
-11998
-11777
-11556
-11335
-10762
-10189
-9616
-9043
-8470
-7897
-7324
-6750
-5968
-5186
-4404
-3622
-2840
-2058
-1276
-489
308
1105
1902
2699
3496
4293
5090
5893
6507
7121
7735
8349
8963
9577
10191
10812
11091
11370
11649
11928
12207
12486
12765
13045
12920
12795
12670
12545
12420
12295
12170
12038
11539
11040
10541
10042
9543
9044
8545
8040
7291
6542
5793
5044
4295
3546
2797
2045
1233
421
-391
-1203
-2015
-2827
-3639
-4457
-5131
-5805
-6479
-7153
-7827
-8501
-9175
-9853
-10221
-10589
-10957
-11325
-11693
-12061
-12429
-12801
-12772
-12743
-12714
-12685
-12656
-12627
-12598
-12569
-12150
-11731
-11312
-10893
-10474
-10055
-9636
-9215
-8510
-7805
-7100
-6395
-5690
-4985
-4280
-3571
-2755
-1939
-1123
-307
509
1325
2141
2959
3683
4407
5131
5855
6579
7303
8027
8755
9207
9659
10111
10563
11015
11467
11919
12375
12443
12511
12579
12647
12715
12783
12851
12922
12589
12256
11923
11590
11257
10924
10591
10258
9607
8956
8305
7654
7003
6352
5701
5045
4237
3429
2621
1813
1005
197
-611
-1420
-2184
-2948
-3712
-4476
-5240
-6004
-6768
-7533
-8063
-8593
-9123
-9653
-10183
-10713
-11243
-11775
-11939
-12103
-12267
-12431
-12595
-12759
-12923
-13091
-12849
-12607
-12365
-12123
-11881
-11639
-11397
-11155
-10567
-9979
-9391
-8803
-8215
-7627
-7039
-6447
-5659
-4871
-4083
-3295
-2507
-1719
-931
-137
655
1447
2239
3031
3823
4615
5407
6206
6806
7406
8006
8606
9206
9806
10406
11008
11266
11524
11782
12040
12298
12556
12814
13075
12928
12781
12634
12487
12340
12193
12046
11893
11376
10859
10342
9825
9308
8791
8274
7756
6998
6240
5482
4724
3966
3208
2450
1692
882
72
-738
-1548
-2358
-3168
-3978
-4791
-5452
-6113
-6774
-7435
-8096
-8757
-9418
-10085
-10433
-10781
-11129
-11477
-11825
-12173
-12521
-12873
-12822
-12771
-12720
-12669
-12618
-12567
-12516
-12463
-12025
-11587
-11149
-10711
-10273
-9835
-9397
-8955
-8239
-7523
-6807
-6091
-5375
-4659
-3943
-3222
-2406
-1590
-774
42
858
1674
2490
3311
4024
4737
5450
6163
6876
7589
8302
9022
9455
9888
10321
10754
11187
11620
12053
12491
12536
12581
12626
12671
12716
12761
12806
12856
12503
12150
11797
11444
11091
10738
10385
10026
9361
8696
8031
7366
6701
6036
5371
4705
3894
3083
2272
1461
650
-161
-972
-1784
-2539
-3294
-4049
-4804
-5559
-6314
-7069
-7831
-8343
-8855
-9367
-9879
-10391
-10903
-11415
-11932
-12074
-12216
-12358
-12500
-12642
-12784
-12926
-13068
-12804
-12540
-12276
-12012
-11748
-11484
-11220
-10956
-10352
-9748
-9144
-8540
-7936
-7332
-6728
-6121
-5327
-4533
-3739
-2945
-2151
-1357
-563
234
1021
1808
2595
3382
4169
4956
5743
6532
7116
7700
8284
8868
9452
10036
10620
11206
11442
11678
11914
12150
12386
12622
12858
13095
12925
12755
12585
12415
12245
12075
11905
11730
11195
10660
10125
9590
9055
8520
7985
7450
6684
5918
5152
4386
3620
2854
2088
1317
510
-297
-1104
-1911
-2718
-3525
-4332
-5141
-5788
-6435
-7082
-7729
-8376
-9023
-9670
-10323
-10650
-10977
-11304
-11631
-11958
-12285
-12612
-12939
-12864
-12789
-12714
-12639
-12564
-12489
-12414
-12339
-11881
-11423
-10965
-10507
-10049
-9591
-9133
-8673
-7946
-7219
-6492
-5765
-5038
-4311
-3584
-2850
-2034
-1218
-402
414
1230
2046
2862
3680
4382
5084
5786
6488
7190
7892
8594
9296
9709
10122
10535
10948
11361
11774
12187
12602
12623
12644
12665
12686
12707
12728
12749
12775
12400
12025
11650
11275
10900
10525
10150
9773
9095
8417
7739
7061
6383
5705
5027
4342
3529
2716
1903
1090
277
-536
-1349
-2168
-2914
-3660
-4406
-5152
-5898
-6644
-7390
-8140
-8633
-9126
-9619
-10112
-10605
-11098
-11591
-12088
-12206
-12324
-12442
-12560
-12678
-12796
-12914
-13032
-12745
-12458
-12171
-11884
-11597
-11310
-11023
-10736
-10116
-9496
-8876
-8256
-7636
-7016
-6396
-5771
-4972
-4173
-3374
-2575
-1776
-977
-178
627
1407
2187
2967
3747
4527
5307
6087
6870
7437
8004
8571
9138
9705
10272
10839
11406
11618
11830
12042
12254
12466
12678
12890
13106
12912
12718
12524
12330
12136
11942
11748
11548
10995
10442
9889
9336
8783
8230
7677
7119
6345
5571
4797
4023
3249
2475
1701
921
118
-685
-1488
-2291
-3094
-3897
-4700
-5506
-6138
-6770
-7402
-8034
-8666
-9298
-9930
-10565
-10869
-11173
-11477
-11781
-12085
-12389
-12693
-12997
-12898
-12799
-12700
-12601
-12502
-12403
-12304
-12198
-11720
-11242
-10764
-10286
-9808
-9330
-8852
-8367
-7629
-6891
-6153
-5415
-4677
-3939
-3201
-2456
-1641
-826
-11
804
1619
2434
3249
4065
4754
5443
6132
6821
7510
8199
8888
9577
9968
10359
10750
11141
11532
11923
12314
12707
12704
12701
12698
12695
12692
12689
12686
12678
12281
11884
11487
11090
10693
10296
9899
9497
8805
8113
7421
6729
6037
5345
4653
3955
3140
2325
1510
695
-120
-935
-1750
-2570
-3305
-4040
-4775
-5510
-6245
-6980
-7715
-8457
-8930
-9403
-9876
-10349
-10822
-11295
-11768
-12241
-12333
-12425
-12517
-12609
-12701
-12793
-12885
-12981
-12671
-12361
-12051
-11741
-11431
-11121
-10811
-10494
-9857
-9220
-8583
-7946
-7309
-6672
-6035
-5398
-4594
-3790
-2986
-2182
-1378
-574
230
1040
1812
2584
3356
4128
4900
5672
6444
7220
7768
8316
8864
9412
9960
10508
11056
11604
11791
11978
12165
12352
12539
12726
12913
13104
12885
12666
12447
12228
12009
11790
11571
11345
10773
10201
9629
9057
8485
7913
7341
6765
5983
5201
4419
3637
2855
2073
1291
503
-295
-1093
-1891
-2689
-3487
-4285
-5083
-5883
-6498
-7113
-7728
-8343
-8958
-9573
-10188
-10808
-11087
-11366
-11645
-11924
-12203
-12482
-12761
-13045
-12920
-12795
-12670
-12545
-12420
-12295
-12170
-12038
-11538
-11038
-10538
-10038
-9538
-9038
-8538
-8038
-7288
-6538
-5788
-5038
-4288
-3538
-2788
-2038
-1225
-412
401
1214
2027
2840
3653
4467
5141
5815
6489
7163
7837
8511
9185
9862
10229
10596
10963
11330
11697
12064
12431
12805
12775
12745
12715
12685
12655
12625
12595
12563
12143
11723
11303
10883
10463
10043
9623
9198
8492
7786
7080
6374
5668
4962
4256
3544
2728
1912
1096
280
-536
-1352
-2168
-2989
-3712
-4435
-5158
-5881
-6604
-7327
-8050
-8780
-9231
-9682
-10133
-10584
-11035
-11486
-11937
-12388
-12453
-12518
-12583
-12648
-12713
-12778
-12843
-12915
-12580
-12245
-11910
-11575
-11240
-10905
-10570
-10230
-9577
-8924
-8271
-7618
-6965
-6312
-5659
-5000
-4191
-3382
-2573
-1764
-955
-146
663
1472
2235
2998
3761
4524
5287
6050
6813
7579
8106
8633
9160
9687
10214
10741
11268
11801
11961
12121
12281
12441
12601
12761
12921
13088
12842
12596
12350
12104
11858
11612
11366
11120
10529
9938
9347
8756
8165
7574
6983
6386
5596
4806
4016
3226
2436
1646
856
64
-728
-1520
-2312
-3104
-3896
-4688
-5480
-6273
-6870
-7467
-8064
-8661
-9258
-9855
-10452
-11051
-11304
-11557
-11810
-12063
-12316
-12569
-12822
-13080
-12927
-12774
-12621
-12468
-12315
-12162
-12009
-11856
-11335
-10814
-10293
-9772
-9251
-8730
-8209
-7683
-6923
-6163
-5403
-4643
-3883
-3123
-2363
-1599
-789
21
831
1641
2451
3261
4071
4882
5540
6198
6856
7514
8172
8830
9488
10150
10492
10834
11176
11518
11860
12202
12544
12893
12835
12777
12719
12661
12603
12545
12487
12429
11985
11541
11097
10653
10209
9765
9321
8873
8153
7433
6713
5993
5273
4553
3833
3110
2294
1478
662
-154
-970
-1786
-2602
-3425
-4135
-4845
-5555
-6265
-6975
-7685
-8395
-9110
-9537
-9964
-10391
-10818
-11245
-11672
-12099
-12528
-12565
-12602
-12639
-12676
-12713
-12750
-12787
-12830
-12469
-12108
-11747
-11386
-11025
-10664
-10303
-9940
-9270
-8600
-7930
-7260
-6590
-5920
-5250
-4578
-3766
-2954
-2142
-1330
-518
294
1106
1923
2675
3427
4179
4931
5683
6435
7187
7946
8451
8956
9461
9966
10471
10976
11481
11992
12124
12256
12388
12520
12652
12784
12916
13055
12782
12509
12236
11963
11690
11417
11144
10871
10260
9649
9038
8427
7816
7205
6594
5982
5185
4388
3591
2794
1997
1200
403
-395
-1179
-1963
-2747
-3531
-4315
-5099
-5883
-6674
-7251
-7828
-8405
-8982
-9559
-10136
-10713
-11292
-11518
-11744
-11970
-12196
-12422
-12648
-12874
-13101
-12920
-12739
-12558
-12377
-12196
-12015
-11834
-11651
-11108
-10565
-10022
-9479
-8936
-8393
-7850
-7302
-6532
-5762
-4992
-4222
-3452
-2682
-1912
-1137
-331
475
1281
2087
2893
3699
4505
5311
5951
6591
7231
7871
8511
9151
9791
10438
10754
11070
11386
11702
12018
12334
12650
12969
12882
12795
12708
12621
12534
12447
12360
12272
11804
11336
10868
10400
9932
9464
8996
8522
7789
7056
6323
5590
4857
4124
3391
2652
1836
1020
204
-612
-1428
-2244
-3060
-3877
-4572
-5267
-5962
-6657
-7352
-8047
-8742
-9443
-9845
-10247
-10649
-11051
-11453
-11855
-12257
-12659
-12667
-12675
-12683
-12691
-12699
-12707
-12715
-12725
-12338
-11951
-11564
-11177
-10790
-10403
-10016
-9625
-8939
-8253
-7567
-6881
-6195
-5509
-4823
-4130
-3315
-2500
-1685
-870
-55
760
1575
2391
3132
3873
4614
5355
6096
6837
7578
8319
8801
9283
9765
10247
10729
11211
11693
12177
12280
12383
12486
12589
12692
12795
12898
13004
12703
12402
12101
11800
11499
11198
10897
10596
9966
9336
8706
8076
7446
6816
6186
5551
4748
3945
3142
2339
1536
733
-70
-874
-1650
-2426
-3202
-3978
-4754
-5530
-6306
-7083
-7638
-8193
-8748
-9303
-9858
-10413
-10968
-11529
-11726
-11923
-12120
-12317
-12514
-12711
-12908
-13106
-12896
-12686
-12476
-12266
-12056
-11846
-11636
-11422
-10857
-10292
-9727
-9162
-8597
-8032
-7467
-6895
-6115
-5335
-4555
-3775
-2995
-2215
-1435
-653
147
947
1747
2547
3347
4147
4947
5752
6373
6994
7615
8236
8857
9478
10099
10726
11014
11302
11590
11878
12166
12454
12742
13030
12913
12796
12679
12562
12445
12328
12211
12092
11599
11106
10613
10120
9627
9134
8641
8145
7399
6653
5907
5161
4415
3669
2923
2170
1356
542
-272
-1086
-1900
-2714
-3528
-4343
-5022
-5701
-6380
-7059
-7738
-8417
-9096
-9777
-10152
-10527
-10902
-11277
-11652
-12027
-12402
-12777
-12755
-12733
-12711
-12689
-12667
-12645
-12623
-12598
-12184
-11770
-11356
-10942
-10528
-10114
-9700
-9283
-8580
-7877
-7174
-6471
-5768
-5065
-4362
-3658
-2842
-2026
-1210
-394
422
1238
2054
2877
3604
4331
5058
5785
6512
7239
7966
8697
9153
9609
10065
10521
10977
11433
11889
12352
12424
12496
12568
12640
12712
12784
12856
12933
12604
12275
11946
11617
11288
10959
10630
10294
9644
8994
8344
7694
7044
6394
5744
5094
4286
3478
2670
1862
1054
246
-562
-1373
-2138
-2903
-3668
-4433
-5198
-5963
-6728
-7500
-8032
-8564
-9096
-9628
-10160
-10692
-11224
-11760
-11926
-12092
-12258
-12424
-12590
-12756
-12922
-13092
-12852
-12612
-12372
-12132
-11892
-11652
-11412
-11166
-10578
-9990
-9402
-8814
-8226
-7638
-7050
-6461
-5672
-4883
-4094
-3305
-2516
-1727
-938
-147
646
1439
2232
3025
3818
4611
5404
6203
6803
7403
8003
8603
9203
9803
10403
11009
11267
11525
11783
12041
12299
12557
12815
13075
12927
12779
12631
12483
12335
12187
12039
11887
11369
10851
10333
9815
9297
8779
8261
7739
6980
6221
5462
4703
3944
3185
2426
1665
854
43
-768
-1579
-2390
-3201
-4012
-4823
-5484
-6145
-6806
-7467
-8128
-8789
-9450
-10111
-10457
-10803
-11149
-11495
-11841
-12187
-12533
-12882
-12828
-12774
-12720
-12666
-12612
-12558
-12504
-12446
-12005
-11564
-11123
-10682
-10241
-9800
-9359
-8912
-8193
-7474
-6755
-6036
-5317
-4598
-3879
-3160
-2343
-1526
-709
108
925
1742
2559
3379
4091
4803
5515
6227
6939
7651
8363
9077
9506
9935
10364
10793
11222
11651
12080
12515
12555
12595
12635
12675
12715
12755
12795
12838
12479
12120
11761
11402
11043
10684
10325
9965
9296
8627
7958
7289
6620
5951
5282
4610
3798
2986
2174
1362
550
-262
-1074
-1891
-2644
-3397
-4150
-4903
-5656
-6409
-7162
-7922
-8429
-8936
-9443
-9950
-10457
-10964
-11471
-11981
-12115
-12249
-12383
-12517
-12651
-12785
-12919
-13057
-12786
-12515
-12244
-11973
-11702
-11431
-11160
-10883
-10273
-9663
-9053
-8443
-7833
-7223
-6613
-5998
-5201
-4404
-3607
-2810
-2013
-1216
-419
378
1163
1948
2733
3518
4303
5088
5873
6662
7240
7818
8396
8974
9552
10130
10708
11287
11513
11739
11965
12191
12417
12643
12869
13101
12921
12741
12561
12381
12201
12021
11841
11654
11111
10568
10025
9482
8939
8396
7853
7305
6534
5763
4992
4221
3450
2679
1908
1137
331
-475
-1281
-2087
-2893
-3699
-4505
-5313
-5954
-6595
-7236
-7877
-8518
-9159
-9800
-10441
-10757
-11073
-11389
-11705
-12021
-12337
-12653
-12970
-12883
-12796
-12709
-12622
-12535
-12448
-12361
-12268
-11799
-11330
-10861
-10392
-9923
-9454
-8985
-8512
-7778
-7044
-6310
-5576
-4842
-4108
-3374
-2637
-1821
-1005
-189
627
1443
2259
3075
3895
4590
5285
5980
6675
7370
8065
8760
9457
9858
10259
10660
11061
11462
11863
12264
12665
12671
12677
12683
12689
12695
12701
12707
12719
12330
11941
11552
11163
10774
10385
9996
9605
8917
8229
7541
6853
6165
5477
4789
4100
3285
2470
1655
840
25
-790
-1605
-2425
-3165
-3905
-4645
-5385
-6125
-6865
-7605
-8348
-8828
-9308
-9788
-10268
-10748
-11228
-11708
-12191
-12292
-12393
-12494
-12595
-12696
-12797
-12898
-12999
-12696
-12393
-12090
-11787
-11484
-11181
-10878
-10569
-9937
-9305
-8673
-8041
-7409
-6777
-6145
-5508
-4704
-3900
-3096
-2292
-1488
-684
120
925
1700
2475
3250
4025
4800
5575
6350
7128
7681
8234
8787
9340
9893
10446
10999
11556
11749
11942
12135
12328
12521
12714
12907
13106
12892
12678
12464
12250
12036
11822
11608
11392
10824
10256
9688
9120
8552
7984
7416
6841
6060
5279
4498
3717
2936
2155
1374
586
-214
-1014
-1814
-2614
-3414
-4214
-5014
-5814
-6433
-7052
-7671
-8290
-8909
-9528
-10147
-10767
-11050
-11333
-11616
-11899
-12182
-12465
-12748
-13038
-12916
-12794
-12672
-12550
-12428
-12306
-12184
-12062
-11565
-11068
-10571
-10074
-9577
-9080
-8583
-8082
-7333
-6584
-5835
-5086
-4337
-3588
-2839
-2089
-1275
-461
353
1167
1981
2795
3609
4424
5100
5776
6452
7128
7804
8480
9156
9835
10205
10575
10945
11315
11685
12055
12425
12797
12769
12741
12713
12685
12657
12629
12601
12572
12153
11734
11315
10896
10477
10058
9639
9215
8509
7803
7097
6391
5685
4979
4273
3563
2746
1929
1112
295
-522
-1339
-2156
-2976
-3700
-4424
-5148
-5872
-6596
-7320
-8044
-8774
-9225
-9676
-10127
-10578
-11029
-11480
-11931
-12387
-12452
-12517
-12582
-12647
-12712
-12777
-12842
-12914
-12578
-12242
-11906
-11570
-11234
-10898
-10562
-10225
-9571
-8917
-8263
-7609
-6955
-6301
-5647
-4988
-4179
-3370
-2561
-1752
-943
-134
675
1490
2253
3016
3779
4542
5305
6068
6831
7598
8124
8650
9176
9702
10228
10754
11280
11813
11972
12131
12290
12449
12608
12767
12926
13086
12838
12590
12342
12094
11846
11598
11350
11099
10505
9911
9317
8723
8129
7535
6941
6347
5556
4765
3974
3183
2392
1601
810
14
-778
-1570
-2362
-3154
-3946
-4738
-5530
-6322
-6917
-7512
-8107
-8702
-9297
-9892
-10487
-11084
-11334
-11584
-11834
-12084
-12334
-12584
-12834
-13084
-12927
-12770
-12613
-12456
-12299
-12142
-11985
-11825
-11300
-10775
-10250
-9725
-9200
-8675
-8150
-7620
-6858
-6096
-5334
-4572
-3810
-3048
-2286
-1517
-707
103
913
1723
2533
3343
4153
4964
5619
6274
6929
7584
8239
8894
9549
10208
10545
10882
11219
11556
11893
12230
12567
12910
12846
12782
12718
12654
12590
12526
12462
12395
11945
11495
11045
10595
10145
9695
9245
8792
8068
7344
6620
5896
5172
4448
3724
2999
2182
1365
548
-269
-1086
-1903
-2720
-3541
-4248
-4955
-5662
-6369
-7076
-7783
-8490
-9199
-9619
-10039
-10459
-10879
-11299
-11719
-12139
-12566
-12595
-12624
-12653
-12682
-12711
-12740
-12769
-12802
-12433
-12064
-11695
-11326
-10957
-10588
-10219
-9848
-9172
-8496
-7820
-7144
-6468
-5792
-5116
-4440
-3626
-2812
-1998
-1184
-370
444
1258
2073
2822
3571
4320
5069
5818
6567
7316
8070
8568
9066
9564
10062
10560
11058
11556
12057
12179
12301
12423
12545
12667
12789
12911
13039
12756
12473
12190
11907
11624
11341
11058
10773
10155
9537
8919
8301
7683
7065
6447
5822
5022
4222
3422
2622
1822
1022
222
-578
-1360
-2142
-2924
-3706
-4488
-5270
-6052
-6836
-7405
-7974
-8543
-9112
-9681
-10250
-10819
-11390
-11604
-11818
-12032
-12246
-12460
-12674
-12888
-13106
-12913
-12720
-12527
-12334
-12141
-11948
-11755
-11556
-11003
-10450
-9897
-9344
-8791
-8238
-7685
-7127
-6352
-5577
-4802
-4027
-3252
-2477
-1702
-921
-117
687
1491
2295
3099
3903
4707
5513
6145
6777
7409
8041
8673
9305
9937
10574
10877
11180
11483
11786
12089
12392
12695
13000
12899
12798
12697
12596
12495
12394
12293
12187
11706
11225
10744
10263
9782
9301
8820
8337
7596
6855
6114
5373
4632
3891
3150
2409
1594
779
-36
-851
-1666
-2481
-3296
-4118
-4805
-5492
-6179
-6866
-7553
-8240
-8927
-9620
-10008
-10396
-10784
-11172
-11560
-11948
-12336
-12725
-12717
-12709
-12701
-12693
-12685
-12677
-12669
-12658
-12256
-11854
-11452
-11050
-10648
-10246
-9844
-9437
-8741
-8045
-7349
-6653
-5957
-5261
-4565
-3864
-3048
-2232
-1416
-600
216
1032
1848
2671
3404
4137
4870
5603
6336
7069
7802
8542
9009
9476
9943
10410
10877
11344
11811
12283
12368
12453
12538
12623
12708
12793
12878
12963
12645
12327
12009
11691
11373
11055
10737
10413
9770
9127
8484
7841
7198
6555
5912
5267
4460
3653
2846
2039
1232
425
-382
-1191
-1961
-2731
-3501
-4271
-5041
-5811
-6581
-7352
-7893
-8434
-8975
-9516
-10057
-10598
-11139
-11682
-11859
-12036
-12213
-12390
-12567
-12744
-12921
-13099
-12869
-12639
-12409
-12179
-11949
-11719
-11489
-11252
-10671
-10090
-9509
-8928
-8347
-7766
-7185
-6600
-5813
-5026
-4239
-3452
-2665
-1878
-1091
-303
493
1289
2085
2881
3677
4473
5269
6068
6675
7282
7889
8496
9103
9710
10317
10928
11195
11462
11729
11996
12263
12530
12797
13065
12925
12785
12645
12505
12365
12225
12085
11944
11432
10920
10408
9896
9384
8872
8360
7847
7091
6335
5579
4823
4067
3311
2555
1793
981
169
-643
-1455
-2267
-3079
-3891
-4706
-5372
-6038
-6704
-7370
-8036
-8702
-9368
-10034
-10387
-10740
-11093
-11446
-11799
-12152
-12505
-12860
-12813
-12766
-12719
-12672
-12625
-12578
-12531
-12481
-12045
-11609
-11173
-10737
-10301
-9865
-9429
-8990
-8274
-7558
-6842
-6126
-5410
-4694
-3978
-3259
-2442
-1625
-808
9
826
1643
2460
3284
3999
4714
5429
6144
6859
7574
8289
9010
9444
9878
10312
10746
11180
11614
12048
12489
12534
12579
12624
12669
12714
12759
12804
12855
12501
12147
11793
11439
11085
10731
10377
10016
9350
8684
8018
7352
6686
6020
5354
4681
3869
3057
2245
1433
621
-191
-1003
-1821
-2577
-3333
-4089
-4845
-5601
-6357
-7113
-7869
-8379
-8889
-9399
-9909
-10419
-10929
-11439
-11956
-12094
-12232
-12370
-12508
-12646
-12784
-12922
-13062
-12794
-12526
-12258
-11990
-11722
-11454
-11186
-10912
-10304
-9696
-9088
-8480
-7872
-7264
-6656
-6041
-5244
-4447
-3650
-2853
-2056
-1259
-462
335
1121
1907
2693
3479
4265
5051
5837
6628
7208
7788
8368
8948
9528
10108
10688
11269
11497
11725
11953
12181
12409
12637
12865
13100
12921
12742
12563
12384
12205
12026
11847
11665
11123
10581
10039
9497
8955
8413
7871
7322
6551
5780
5009
4238
3467
2696
1925
1153
347
-459
-1265
-2071
-2877
-3683
-4489
-5302
-5943
-6584
-7225
-7866
-8507
-9148
-9789
-10437
-10753
-11069
-11385
-11701
-12017
-12333
-12649
-12969
-12882
-12795
-12708
-12621
-12534
-12447
-12360
-12268
-11798
-11328
-10858
-10388
-9918
-9448
-8978
-8508
-7773
-7038
-6303
-5568
-4833
-4098
-3363
-2626
-1810
-994
-178
638
1454
2270
3086
3909
4604
5299
5994
6689
7384
8079
8774
9471
9871
10271
10671
11071
11471
11871
12271
12671
12676
12681
12686
12691
12696
12701
12706
12712
12321
11930
11539
11148
10757
10366
9975
9583
8894
8205
7516
6827
6138
5449
4760
4064
3248
2432
1616
800
-16
-832
-1648
-2467
-3206
-3945
-4684
-5423
-6162
-6901
-7640
-8384
-8862
-9340
-9818
-10296
-10774
-11252
-11730
-12210
-12307
-12404
-12501
-12598
-12695
-12792
-12889
-12992
-12685
-12378
-12071
-11764
-11457
-11150
-10843
-10533
-9898
-9263
-8628
-7993
-7358
-6723
-6088
-5449
-4644
-3839
-3034
-2229
-1424
-619
186
994
1768
2542
3316
4090
4864
5638
6412
7190
7740
8290
8840
9390
9940
10490
11040
11592
11781
11970
12159
12348
12537
12726
12915
13104
12885
12666
12447
12228
12009
11790
11571
11348
10775
10202
9629
9056
8483
7910
7337
6762
5978
5194
4410
3626
2842
2058
1274
490
-309
-1108
-1907
-2706
-3505
-4304
-5103
-5904
-6519
-7134
-7749
-8364
-8979
-9594
-10209
-10826
-11103
-11380
-11657
-11934
-12211
-12488
-12765
-13049
-12920
-12791
-12662
-12533
-12404
-12275
-12146
-12017
-11514
-11011
-10508
-10005
-9502
-8999
-8496
-7988
-7236
-6484
-5732
-4980
-4228
-3476
-2724
-1967
-1154
-341
472
1285
2098
2911
3724
4544
5216
5888
6560
7232
7904
8576
9248
9922
10285
10648
11011
11374
11737
12100
12463
12826
12790
12754
12718
12682
12646
12610
12574
12531
12104
11677
11250
10823
10396
9969
9542
9110
8399
7688
6977
6266
5555
4844
4133
3418
2600
1782
964
146
-672
-1490
-2308
-3127
-3847
-4567
-5287
-6007
-6727
-7447
-8167
-8892
-9335
-9778
-10221
-10664
-11107
-11550
-11993
-12440
-12495
-12550
-12605
-12660
-12715
-12770
-12825
-12885
-12539
-12193
-11847
-11501
-11155
-10809
-10463
-10116
-9455
-8794
-8133
-7472
-6811
-6150
-5489
-4823
-4012
-3201
-2390
-1579
-768
43
854
1671
2430
3189
3948
4707
5466
6225
6984
7749
8267
8785
9303
9821
10339
10857
11375
11895
12042
12189
12336
12483
12630
12777
12924
13073
12813
12553
12293
12033
11773
11513
11253
10991
10388
9785
9182
8579
7976
7373
6770
6167
5372
4577
3782
2987
2192
1397
602
-195
-984
-1773
-2562
-3351
-4140
-4929
-5718
-6508
-7094
-7680
-8266
-8852
-9438
-10024
-10610
-11199
-11436
-11673
-11910
-12147
-12384
-12621
-12858
-13095
-12924
-12753
-12582
-12411
-12240
-12069
-11898
-11725
-11189
-10653
-10117
-9581
-9045
-8509
-7973
-7430
-6662
-5894
-5126
-4358
-3590
-2822
-2054
-1282
-474
334
1142
1950
2758
3566
4374
5186
5832
6478
7124
7770
8416
9062
9708
10361
10684
11007
11330
11653
11976
12299
12622
12951
12871
12791
12711
12631
12551
12471
12391
12310
11847
11384
10921
10458
9995
9532
9069
8599
7867
7135
6403
5671
4939
4207
3475
2742
1925
1108
291
-526
-1343
-2160
-2977
-3798
-4497
-5196
-5895
-6594
-7293
-7992
-8691
-9392
-9798
-10204
-10610
-11016
-11422
-11828
-12234
-12642
-12654
-12666
-12678
-12690
-12702
-12714
-12726
-12738
-12353
-11968
-11583
-11198
-10813
-10428
-10043
-9657
-8971
-8285
-7599
-6913
-6227
-5541
-4855
-4166
-3350
-2534
-1718
-902
-86
730
1546
2364
3106
3848
4590
5332
6074
6816
7558
8304
8787
9270
9753
10236
10719
11202
11685
12173
12276
12379
12482
12585
12688
12791
12894
13004
12703
12402
12101
11800
11499
11198
10897
10591
9960
9329
8698
8067
7436
6805
6174
5536
4732
3928
3124
2320
1516
712
-92
-900
-1676
-2452
-3228
-4004
-4780
-5556
-6332
-7112
-7666
-8220
-8774
-9328
-9882
-10436
-10990
-11550
-11744
-11938
-12132
-12326
-12520
-12714
-12908
-13106
-12892
-12678
-12464
-12250
-12036
-11822
-11608
-11391
-10822
-10253
-9684
-9115
-8546
-7977
-7408
-6835
-6053
-5271
-4489
-3707
-2925
-2143
-1361
-573
227
1027
1827
2627
3427
4227
5027
5832
6450
7068
7686
8304
8922
9540
10158
10782
11064
11346
11628
11910
12192
12474
12756
13041
12917
12793
12669
12545
12421
12297
12173
12047
11547
11047
10547
10047
9547
9047
8547
8046
7295
6544
5793
5042
4291
3540
2789
2038
1224
410
-404
-1218
-2032
-2846
-3660
-4478
-5153
-5828
-6503
-7178
-7853
-8528
-9203
-9878
-10244
-10610
-10976
-11342
-11708
-12074
-12440
-12812
-12780
-12748
-12716
-12684
-12652
-12620
-12588
-12550
-12126
-11702
-11278
-10854
-10430
-10006
-9582
-9155
-8446
-7737
-7028
-6319
-5610
-4901
-4192
-3476
-2658
-1840
-1022
-204
614
1432
2250
3069
3791
4513
5235
5957
6679
7401
8123
8850
9296
9742
10188
10634
11080
11526
11972
12422
12481
12540
12599
12658
12717
12776
12835
12894
12551
12208
11865
11522
11179
10836
10493
10148
9489
8830
8171
7512
6853
6194
5535
4870
4059
3248
2437
1626
815
4
-807
-1623
-2384
-3145
-3906
-4667
-5428
-6189
-6950
-7712
-8232
-8752
-9272
-9792
-10312
-10832
-11352
-11876
-12026
-12176
-12326
-12476
-12626
-12776
-12926
-13076
-12819
-12562
-12305
-12048
-11791
-11534
-11277
-11013
-10412
-9811
-9210
-8609
-8008
-7407
-6806
-6201
-5407
-4613
-3819
-3025
-2231
-1437
-643
158
948
1738
2528
3318
4108
4898
5688
6478
7065
7652
8239
8826
9413
10000
10587
11181
11420
11659
11898
12137
12376
12615
12854
13094
12925
12756
12587
12418
12249
12080
11911
11739
11204
10669
10134
9599
9064
8529
7994
7453
6685
5917
5149
4381
3613
2845
2077
1307
499
-309
-1117
-1925
-2733
-3541
-4349
-5164
-5811
-6458
-7105
-7752
-8399
-9046
-9693
-10347
-10672
-10997
-11322
-11647
-11972
-12297
-12622
-12948
-12870
-12792
-12714
-12636
-12558
-12480
-12402
-12317
-11854
-11391
-10928
-10465
-10002
-9539
-9076
-8611
-7880
-7149
-6418
-5687
-4956
-4225
-3494
-2756
-1939
-1122
-305
512
1329
2146
2963
3786
4485
5184
5883
6582
7281
7980
8679
9384
9790
10196
10602
11008
11414
11820
12226
12639
12651
12663
12675
12687
12699
12711
12723
12740
12355
11970
11585
11200
10815
10430
10045
9660
8974
8288
7602
6916
6230
5544
4858
4169
3353
2537
1721
905
89
-727
-1543
-2362
-3104
-3846
-4588
-5330
-6072
-6814
-7556
-8304
-8787
-9270
-9753
-10236
-10719
-11202
-11685
-12173
-12276
-12379
-12482
-12585
-12688
-12791
-12894
-13004
-12702
-12400
-12098
-11796
-11494
-11192
-10890
-10588
-9956
-9324
-8692
-8060
-7428
-6796
-6164
-5529
-4725
-3921
-3117
-2313
-1509
-705
99
909
1685
2461
3237
4013
4789
5565
6341
7122
7676
8230
8784
9338
9892
10446
11000
11556
11749
11942
12135
12328
12521
12714
12907
13105
12890
12675
12460
12245
12030
11815
11600
11383
10813
10243
9673
9103
8533
7963
7393
6819
6036
5253
4470
3687
2904
2121
1338
552
-248
-1048
-1848
-2648
-3448
-4248
-5048
-5851
-6469
-7087
-7705
-8323
-8941
-9559
-10177
-10795
-11076
-11357
-11638
-11919
-12200
-12481
-12762
-13044
-12918
-12792
-12666
-12540
-12414
-12288
-12162
-12036
-11535
-11034
-10533
-10032
-9531
-9030
-8529
-8023
-7271
-6519
-5767
-5015
-4263
-3511
-2759
-2007
-1193
-379
435
1249
2063
2877
3691
4509
5183
5857
6531
7205
7879
8553
9227
9901
10265
10629
10993
11357
11721
12085
12449
12820
12785
12750
12715
12680
12645
12610
12575
12539
12113
11687
11261
10835
10409
9983
9557
9126
8415
7704
6993
6282
5571
4860
4149
3435
2617
1799
981
163
-655
-1473
-2291
-3112
-3833
-4554
-5275
-5996
-6717
-7438
-8159
-8884
-9328
-9772
-10216
-10660
-11104
-11548
-11992
-12437
-12493
-12549
-12605
-12661
-12717
-12773
-12829
-12885
-12539
-12193
-11847
-11501
-11155
-10809
-10463
-10116
-9454
-8792
-8130
-7468
-6806
-6144
-5482
-4820
-4008
-3196
-2384
-1572
-760
52
864
1678
2438
3198
3958
4718
5478
6238
6998
7758
8275
8792
9309
9826
10343
10860
11377
11901
12047
12193
12339
12485
12631
12777
12923
13072
12811
12550
12289
12028
11767
11506
11245
10979
10375
9771
9167
8563
7959
7355
6751
6144
5348
4552
3756
2960
2164
1368
572
-224
-1013
-1802
-2591
-3380
-4169
-4958
-5747
-6537
-7122
-7707
-8292
-8877
-9462
-10047
-10632
-11218
-11452
-11686
-11920
-12154
-12388
-12622
-12856
-13097
-12924
-12751
-12578
-12405
-12232
-12059
-11886
-11706
-11167
-10628
-10089
-9550
-9011
-8472
-7933
-7391
-6621
-5851
-5081
-4311
-3541
-2771
-2001
-1230
-422
386
1194
2002
2810
3618
4426
5237
5882
6527
7172
7817
8462
9107
9752
10397
10717
11037
11357
11677
11997
12317
12637
12960
12876
12792
12708
12624
12540
12456
12372
12287
11820
11353
10886
10419
9952
9485
9018
8546
7812
7078
6344
5610
4876
4142
3408
2670
1853
1036
219
-598
-1415
-2232
-3049
-3872
-4569
-5266
-5963
-6660
-7357
-8054
-8751
-9448
-9850
-10252
-10654
-11056
-11458
-11860
-12262
-12664
-12670
-12676
-12682
-12688
-12694
-12700
-12706
-12717
-12327
-11937
-11547
-11157
-10767
-10377
-9987
-9594
-8905
-8216
-7527
-6838
-6149
-5460
-4771
-4075
-3258
-2441
-1624
-807
10
827
1644
2461
3201
3941
4681
5421
6161
6901
7641
8384
8862
9340
9818
10296
10774
11252
11730
12212
12309
12406
12503
12600
12697
12794
12891
12990
12682
12374
12066
11758
11450
11142
10834
10524
9888
9252
8616
7980
7344
6708
6072
5429
4623
3817
3011
2205
1399
593
-213
-1022
-1796
-2570
-3344
-4118
-4892
-5666
-6440
-7217
-7766
-8315
-8864
-9413
-9962
-10511
-11060
-11610
-11796
-11982
-12168
-12354
-12540
-12726
-12912
-13103
-12881
-12659
-12437
-12215
-11993
-11771
-11549
-11323
-10747
-10171
-9595
-9019
-8443
-7867
-7291
-6715
-5930
-5145
-4360
-3575
-2790
-2005
-1220
-429
370
1169
1968
2767
3566
4365
5164
5963
6576
7189
7802
8415
9028
9641
10254
10867
11140
11413
11686
11959
12232
12505
12778
13056
12922
12788
12654
12520
12386
12252
12118
11983
11475
10967
10459
9951
9443
8935
8427
7918
7163
6408
5653
4898
4143
3388
2633
1874
1061
248
-565
-1378
-2191
-3004
-3817
-4637
-5306
-5975
-6644
-7313
-7982
-8651
-9320
-9991
-10348
-10705
-11062
-11419
-11776
-12133
-12490
-12849
-12805
-12761
-12717
-12673
-12629
-12585
-12541
-12496
-12062
-11628
-11194
-10760
-10326
-9892
-9458
-9022
-8306
-7590
-6874
-6158
-5442
-4726
-4010
-3294
-2476
-1658
-840
-22
796
1614
2432
3256
3973
4690
5407
6124
6841
7558
8275
8993
9429
9865
10301
10737
11173
11609
12045
12484
12530
12576
12622
12668
12714
12760
12806
12856
12501
12146
11791
11436
11081
10726
10371
10016
9349
8682
8015
7348
6681
6014
5347
4674
3861
3048
2235
1422
609
-204
-1017
-1835
-2591
-3347
-4103
-4859
-5615
-6371
-7127
-7887
-8397
-8907
-9417
-9927
-10437
-10947
-11457
-11968
-12104
-12240
-12376
-12512
-12648
-12784
-12920
-13059
-12788
-12517
-12246
-11975
-11704
-11433
-11162
-10887
-10276
-9665
-9054
-8443
-7832
-7221
-6610
-5995
-5197
-4399
-3601
-2803
-2005
-1207
-409
394
1180
1966
2752
3538
4324
5110
5896
6685
7262
7839
8416
8993
9570
10147
10724
11307
11531
11755
11979
12203
12427
12651
12875
13103
12919
12735
12551
12367
12183
11999
11815
11625
11078
10531
9984
9437
8890
8343
7796
7242
6468
5694
4920
4146
3372
2598
1824
1050
244
-562
-1368
-2174
-2980
-3786
-4592
-5404
-6042
-6680
-7318
-7956
-8594
-9232
-9870
-10508
-10817
-11126
-11435
-11744
-12053
-12362
-12671
-12987
-12892
-12797
-12702
-12607
-12512
-12417
-12322
-12220
-11743
-11266
-10789
-10312
-9835
-9358
-8881
-8401
-7661
-6921
-6181
-5441
-4701
-3961
-3221
-2481
-1664
-847
-30
787
1604
2421
3238
4057
4747
5437
6127
6817
7507
8197
8887
9582
9973
10364
10755
11146
11537
11928
12319
12713
12708
12703
12698
12693
12688
12683
12678
12667
12266
11865
11464
11063
10662
10261
9860
9456
8760
8064
7368
6672
5976
5280
4584
3881
3064
2247
1430
613
-204
-1021
-1838
-2662
-3397
-4132
-4867
-5602
-6337
-7072
-7807
-8542
-9010
-9478
-9946
-10414
-10882
-11350
-11818
-12286
-12370
-12454
-12538
-12622
-12706
-12790
-12874
-12960
-12640
-12320
-12000
-11680
-11360
-11040
-10720
-10396
-9751
-9106
-8461
-7816
-7171
-6526
-5881
-5233
-4425
-3617
-2809
-2001
-1193
-385
423
1237
2007
2777
3547
4317
5087
5857
6627
7398
7937
8476
9015
9554
10093
10632
11171
11711
11884
12057
12230
12403
12576
12749
12922
13096
12861
12626
12391
12156
11921
11686
11451
11209
10623
10037
9451
8865
8279
7693
7107
6520
5731
4942
4153
3364
2575
1786
997
202
-594
-1390
-2186
-2982
-3778
-4574
-5370
-6166
-6769
-7372
-7975
-8578
-9181
-9784
-10387
-10994
-11254
-11514
-11774
-12034
-12294
-12554
-12814
-13074
-12926
-12778
-12630
-12482
-12334
-12186
-12038
-11887
-11368
-10849
-10330
-9811
-9292
-8773
-8254
-7728
-6967
-6206
-5445
-4684
-3923
-3162
-2401
-1638
-826
-14
798
1610
2422
3234
4046
4861
5521
6181
6841
7501
8161
8821
9481
10146
10489
10832
11175
11518
11861
12204
12547
12894
12835
12776
12717
12658
12599
12540
12481
12420
11973
11526
11079
10632
10185
9738
9291
8842
8119
7396
6673
5950
5227
4504
3781
3053
2235
1417
599
-219
-1037
-1855
-2673
-3498
-4207
-4916
-5625
-6334
-7043
-7752
-8461
-9176
-9599
-10022
-10445
-10868
-11291
-11714
-12137
-12560
-12590
-12620
-12650
-12680
-12710
-12740
-12770
-12804
-12435
-12066
-11697
-11328
-10959
-10590
-10221
-9848
-9171
-8494
-7817
-7140
-6463
-5786
-5109
-4430
-3615
-2800
-1985
-1170
-355
460
1275
2094
2844
3594
4344
5094
5844
6594
7344
8096
8593
9090
9587
10084
10581
11078
11575
12074
12194
12314
12434
12554
12674
12794
12914
13034
12747
12460
12173
11886
11599
11312
11025
10735
10113
9491
8869
8247
7625
7003
6381
5753
4951
4149
3347
2545
1743
941
139
-667
-1448
-2229
-3010
-3791
-4572
-5353
-6134
-6920
-7485
-8050
-8615
-9180
-9745
-10310
-10875
-11444
-11651
-11858
-12065
-12272
-12479
-12686
-12893
-13107
-12906
-12705
-12504
-12303
-12102
-11901
-11700
-11493
-10932
-10371
-9810
-9249
-8688
-8127
-7566
-7005
-6226
-5447
-4668
-3889
-3110
-2331
-1552
-767
36
839
1642
2445
3248
4051
4854
5663
6289
6915
7541
8167
8793
9419
10045
10677
10970
11263
11556
11849
12142
12435
12728
13023
12910
12797
12684
12571
12458
12345
12232
12112
11620
11128
10636
10144
9652
9160
8668
8173
7426
6679
5932
5185
4438
3691
2944
2191
1375
559
-257
-1073
-1889
-2705
-3521
-4338
-5018
-5698
-6378
-7058
-7738
-8418
-9098
-9784
-10158
-10532
-10906
-11280
-11654
-12028
-12402
-12783
-12759
-12735
-12711
-12687
-12663
-12639
-12615
-12586
-12168
-11750
-11332
-10914
-10496
-10078
-9660
-9242
-8536
-7830
-7124
-6418
-5712
-5006
-4300
-3588
-2770
-1952
-1134
-316
502
1320
2138
2963
3689
4415
5141
5867
6593
7319
8045
8774
9226
9678
10130
10582
11034
11486
11938
12391
12455
12519
12583
12647
12711
12775
12839
12910
12572
12234
11896
11558
11220
10882
10544
10201
9544
8887
8230
7573
6916
6259
5602
4941
4130
3319
2508
1697
886
75
-736
-1554
-2317
-3080
-3843
-4606
-5369
-6132
-6895
-7661
-8184
-8707
-9230
-9753
-10276
-10799
-11322
-11852
-12005
-12158
-12311
-12464
-12617
-12770
-12923
-13080
-12825
-12570
-12315
-12060
-11805
-11550
-11295
-11036
-10436
-9836
-9236
-8636
-8036
-7436
-6836
-6233
-5438
-4643
-3848
-3053
-2258
-1463
-668
127
918
1709
2500
3291
4082
4873
5664
6457
7046
7635
8224
8813
9402
9991
10580
11172
11412
11652
11892
12132
12372
12612
12852
13094
12925
12756
12587
12418
12249
12080
11911
11740
11204
10668
10132
9596
9060
8524
7988
7451
6682
5913
5144
4375
3606
2837
2068
1299
490
-319
-1128
-1937
-2746
-3555
-4364
-5178
-5825
-6472
-7119
-7766
-8413
-9060
-9707
-10361
-10684
-11007
-11330
-11653
-11976
-12299
-12622
-12952
-12871
-12790
-12709
-12628
-12547
-12466
-12385
-12304
-11839
-11374
-10909
-10444
-9979
-9514
-9049
-8580
-7847
-7114
-6381
-5648
-4915
-4182
-3449
-2709
-1891
-1073
-255
563
1381
2199
3017
3838
4536
5234
5932
6630
7328
8026
8724
9427
9830
10233
10636
11039
11442
11845
12248
12657
12665
12673
12681
12689
12697
12705
12713
12722
12333
11944
11555
11166
10777
10388
9999
9605
8916
8227
7538
6849
6160
5471
4782
4086
3269
2452
1635
818
1
-816
-1633
-2454
-3195
-3936
-4677
-5418
-6159
-6900
-7641
-8382
-8860
-9338
-9816
-10294
-10772
-11250
-11728
-12213
-12310
-12407
-12504
-12601
-12698
-12795
-12892
-12989
-12680
-12371
-12062
-11753
-11444
-11135
-10826
-10517
-9880
-9243
-8606
-7969
-7332
-6695
-6058
-5414
-4607
-3800
-2993
-2186
-1379
-572
235
1042
1816
2590
3364
4138
4912
5686
6460
7239
7787
8335
8883
9431
9979
10527
11075
11624
11808
11992
12176
12360
12544
12728
12912
13102
12878
12654
12430
12206
11982
11758
11534
11303
10725
10147
9569
8991
8413
7835
7257
6676
5889
5102
4315
3528
2741
1954
1167
380
-418
-1216
-2014
-2812
-3610
-4408
-5206
-6011
-6622
-7233
-7844
-8455
-9066
-9677
-10288
-10900
-11170
-11440
-11710
-11980
-12250
-12520
-12790
-13061
-12923
-12785
-12647
-12509
-12371
-12233
-12095
-11956
-11444
-10932
-10420
-9908
-9396
-8884
-8372
-7859
-7102
-6345
-5588
-4831
-4074
-3317
-2560
-1797
-984
-171
642
1455
2268
3081
3894
4714
5380
6046
6712
7378
8044
8710
9376
10047
10399
10751
11103
11455
11807
12159
12511
12866
12817
12768
12719
12670
12621
12572
12523
12467
12028
11589
11150
10711
10272
9833
9394
8949
8230
7511
6792
6073
5354
4635
3916
3192
2373
1554
735
-84
-903
-1722
-2541
-3363
-4077
-4791
-5505
-6219
-6933
-7647
-8361
-9077
-9507
-9937
-10367
-10797
-11227
-11657
-12087
-12520
-12558
-12596
-12634
-12672
-12710
-12748
-12786
-12831
-12469
-12107
-11745
-11383
-11021
-10659
-10297
-9932
-9259
-8586
-7913
-7240
-6567
-5894
-5221
-4548
-3733
-2918
-2103
-1288
-473
342
1157
1973
2726
3479
4232
4985
5738
6491
7244
8001
8504
9007
9510
10013
10516
11019
11522
12028
12155
12282
12409
12536
12663
12790
12917
13045
12765
12485
12205
11925
11645
11365
11085
10799
10181
9563
8945
8327
7709
7091
6473
5850
5049
4248
3447
2646
1845
1044
243
-561
-1345
-2129
-2913
-3697
-4481
-5265
-6049
-6833
-7403
-7973
-8543
-9113
-9683
-10253
-10823
-11395
-11608
-11821
-12034
-12247
-12460
-12673
-12886
-13106
-12910
-12714
-12518
-12322
-12126
-11930
-11734
-11538
-10982
-10426
-9870
-9314
-8758
-8202
-7646
-7083
-6305
-5527
-4749
-3971
-3193
-2415
-1637
-855
-50
755
1560
2365
3170
3975
4780
5585
6215
6845
7475
8105
8735
9365
9995
10629
10927
11225
11523
11821
12119
12417
12715
13013
12904
12795
12686
12577
12468
12359
12250
12141
11653
11165
10677
10189
9701
9213
8725
8231
7485
6739
5993
5247
4501
3755
3009
2261
1445
629
-187
-1003
-1819
-2635
-3451
-4273
-4956
-5639
-6322
-7005
-7688
-8371
-9054
-9740
-10118
-10496
-10874
-11252
-11630
-12008
-12386
-12769
-12749
-12729
-12709
-12689
-12669
-12649
-12629
-12603
-12188
-11773
-11358
-10943
-10528
-10113
-9698
-9283
-8578
-7873
-7168
-6463
-5758
-5053
-4348
-3640
-2821
-2002
-1183
-364
455
1274
2093
2913
3641
4369
5097
5825
6553
7281
8009
8738
9192
9646
10100
10554
11008
11462
11916
12376
12443
12510
12577
12644
12711
12778
12845
12917
12581
12245
11909
11573
11237
10901
10565
10226
9570
8914
8258
7602
6946
6290
5634
4975
4164
3353
2542
1731
920
109
-702
-1520
-2284
-3048
-3812
-4576
-5340
-6104
-6868
-7635
-8160
-8685
-9210
-9735
-10260
-10785
-11310
-11840
-11995
-12150
-12305
-12460
-12615
-12770
-12925
-13081
-12827
-12573
-12319
-12065
-11811
-11557
-11303
-11049
-10450
-9851
-9252
-8653
-8054
-7455
-6856
-6251
-5456
-4661
-3866
-3071
-2276
-1481
-686
110
901
1692
2483
3274
4065
4856
5647
6445
7035
7625
8215
8805
9395
9985
10575
11166
11406
11646
11886
12126
12366
12606
12846
13093
12925
12757
12589
12421
12253
12085
11917
11743
11207
10671
10135
9599
9063
8527
7991
7453
6684
5915
5146
4377
3608
2839
2070
1298
489
-320
-1129
-1938
-2747
-3556
-4365
-5181
-5828
-6475
-7122
-7769
-8416
-9063
-9710
-10364
-10687
-11010
-11333
-11656
-11979
-12302
-12625
-12953
-12872
-12791
-12710
-12629
-12548
-12467
-12386
-12300
-11834
-11368
-10902
-10436
-9970
-9504
-9038
-8569
-7835
-7101
-6367
-5633
-4899
-4165
-3431
-2692
-1874
-1056
-238
580
1398
2216
3034
3858
4556
5254
5952
6650
7348
8046
8744
9443
9845
10247
10649
11051
11453
11855
12257
12664
12670
12676
12682
12688
12694
12700
12706
12715
12324
11933
11542
11151
10760
10369
9978
9584
8893
8202
7511
6820
6129
5438
4747
4053
3235
2417
1599
781
-37
-855
-1673
-2491
-3231
-3971
-4711
-5451
-6191
-6931
-7671
-8413
-8889
-9365
-9841
-10317
-10793
-11269
-11745
-12228
-12322
-12416
-12510
-12604
-12698
-12792
-12886
-12983
-12671
-12359
-12047
-11735
-11423
-11111
-10799
-10487
-9847
-9207
-8567
-7927
-7287
-6647
-6007
-5367
-4559
-3751
-2943
-2135
-1327
-519
289
1097
1870
2643
3416
4189
4962
5735
6508
7287
7832
8377
8922
9467
10012
10557
11102
11652
11833
12014
12195
12376
12557
12738
12919
13101
12873
12645
12417
12189
11961
11733
11505
11270
10689
10108
9527
8946
8365
7784
7203
6617
5829
5041
4253
3465
2677
1889
1101
308
-490
-1288
-2086
-2884
-3682
-4480
-5278
-6078
-6686
-7294
-7902
-8510
-9118
-9726
-10334
-10942
-11207
-11472
-11737
-12002
-12267
-12532
-12797
-13068
-12925
-12782
-12639
-12496
-12353
-12210
-12067
-11921
-11405
-10889
-10373
-9857
-9341
-8825
-8309
-7790
-7030
-6270
-5510
-4750
-3990
-3230
-2470
-1709
-896
-83
730
1543
2356
3169
3982
4800
5463
6126
6789
7452
8115
8778
9441
10107
10454
10801
11148
11495
11842
12189
12536
12885
12829
12773
12717
12661
12605
12549
12493
12436
11991
11546
11101
10656
10211
9766
9321
8873
8150
7427
6704
5981
5258
4535
3812
3089
2270
1451
632
-187
-1006
-1825
-2644
-3468
-4179
-4890
-5601
-6312
-7023
-7734
-8445
-9157
-9581
-10005
-10429
-10853
-11277
-11701
-12125
-12554
-12585
-12616
-12647
-12678
-12709
-12740
-12771
-12807
-12438
-12069
-11700
-11331
-10962
-10593
-10224
-9853
-9176
-8499
-7822
-7145
-6468
-5791
-5114
-4432
-3616
-2800
-1984
-1168
-352
464
1280
2097
2847
3597
4347
5097
5847
6597
7347
8103
8600
9097
9594
10091
10588
11085
11582
12080
12198
12316
12434
12552
12670
12788
12906
13031
12743
12455
12167
11879
11591
11303
11015
10720
10096
9472
8848
8224
7600
6976
6352
5724
4921
4118
3315
2512
1709
906
103
-704
-1485
-2266
-3047
-3828
-4609
-5390
-6171
-6957
-7520
-8083
-8646
-9209
-9772
-10335
-10898
-11468
-11672
-11876
-12080
-12284
-12488
-12692
-12896
-13107
-12902
-12697
-12492
-12287
-12082
-11877
-11672
-11463
-10899
-10335
-9771
-9207
-8643
-8079
-7515
-6949
-6168
-5387
-4606
-3825
-3044
-2263
-1482
-695
108
911
1714
2517
3320
4123
4926
5733
6357
6981
7605
8229
8853
9477
10101
10726
11014
11302
11590
11878
12166
12454
12742
13032
12913
12794
12675
12556
12437
12318
12199
12076
11579
11082
10585
10088
9591
9094
8597
8094
7343
6592
5841
5090
4339
3588
2837
2086
1270
454
-362
-1178
-1994
-2810
-3626
-4444
-5121
-5798
-6475
-7152
-7829
-8506
-9183
-9862
-10230
-10598
-10966
-11334
-11702
-12070
-12438
-12810
-12778
-12746
-12714
-12682
-12650
-12618
-12586
-12550
-12125
-11700
-11275
-10850
-10425
-10000
-9575
-9146
-8435
-7724
-7013
-6302
-5591
-4880
-4169
-3452
-2633
-1814
-995
-176
643
1462
2281
3106
3828
4550
5272
5994
6716
7438
8160
8887
9331
9775
10219
10663
11107
11551
11995
12442
12496
12550
12604
12658
12712
12766
12820
12881
12533
12185
11837
11489
11141
10793
10445
10093
9429
8765
8101
7437
6773
6109
5445
4778
3965
3152
2339
1526
713
-100
-913
-1733
-2492
-3251
-4010
-4769
-5528
-6287
-7046
-7811
-8326
-8841
-9356
-9871
-10386
-10901
-11416
-11933
-12074
-12215
-12356
-12497
-12638
-12779
-12920
-13065
-12798
-12531
-12264
-11997
-11730
-11463
-11196
-10925
-10316
-9707
-9098
-8489
-7880
-7271
-6662
-6048
-5250
-4452
-3654
-2856
-2058
-1260
-462
343
1131
1919
2707
3495
4283
5071
5859
6649
7229
7809
8389
8969
9549
10129
10709
11289
11515
11741
11967
12193
12419
12645
12871
13102
12919
12736
12553
12370
12187
12004
11821
11633
11085
10537
9989
9441
8893
8345
7797
7249
6475
5701
4927
4153
3379
2605
1831
1050
243
-564
-1371
-2178
-2985
-3792
-4599
-5412
-6050
-6688
-7326
-7964
-8602
-9240
-9878
-10518
-10827
-11136
-11445
-11754
-12063
-12372
-12681
-12990
-12893
-12796
-12699
-12602
-12505
-12408
-12311
-12208
-11728
-11248
-10768
-10288
-9808
-9328
-8848
-8367
-7625
-6883
-6141
-5399
-4657
-3915
-3173
-2430
-1612
-794
24
842
1660
2478
3296
4114
4803
5492
6181
6870
7559
8248
8937
9629
10016
10403
10790
11177
11564
11951
12338
12732
12722
12712
12702
12692
12682
12672
12662
12645
12239
11833
11427
11021
10615
10209
9803
9390
8689
7988
7287
6586
5885
5184
4483
3782
2963
2144
1325
506
-313
-1132
-1951
-2772
-3504
-4236
-4968
-5700
-6432
-7164
-7896
-8633
-9095
-9557
-10019
-10481
-10943
-11405
-11867
-12331
-12407
-12483
-12559
-12635
-12711
-12787
-12863
-12939
-12610
-12281
-11952
-11623
-11294
-10965
-10636
-10306
-9654
-9002
-8350
-7698
-7046
-6394
-5742
-5090
-4279
-3468
-2657
-1846
-1035
-224
587
1399
2166
2933
3700
4467
5234
6001
6768
7540
8071
8602
9133
9664
10195
10726
11257
11791
11953
12115
12277
12439
12601
12763
12925
13088
12841
12594
12347
12100
11853
11606
11359
11105
10510
9915
9320
8725
8130
7535
6940
6340
5546
4752
3958
3164
2370
1576
782
-12
-805
-1598
-2391
-3184
-3977
-4770
-5563
-6363
-6957
-7551
-8145
-8739
-9333
-9927
-10521
-11119
-11365
-11611
-11857
-12103
-12349
-12595
-12841
-13089
-12926
-12763
-12600
-12437
-12274
-12111
-11948
-11779
-11247
-10715
-10183
-9651
-9119
-8587
-8055
-7518
-6750
-5982
-5214
-4446
-3678
-2910
-2142
-1373
-562
249
1060
1871
2682
3493
4304
5116
5766
6416
7066
7716
8366
9016
9666
10323
10650
10977
11304
11631
11958
12285
12612
12944
12867
12790
12713
12636
12559
12482
12405
12321
11858
11395
10932
10469
10006
9543
9080
8610
7877
7144
6411
5678
4945
4212
3479
2742
1923
1104
285
-534
-1353
-2172
-2991
-3812
-4512
-5212
-5912
-6612
-7312
-8012
-8712
-9412
-9817
-10222
-10627
-11032
-11437
-11842
-12247
-12654
-12662
-12670
-12678
-12686
-12694
-12702
-12710
-12724
-12335
-11946
-11557
-11168
-10779
-10390
-10001
-9605
-8915
-8225
-7535
-6845
-6155
-5465
-4775
-4080
-3262
-2444
-1626
-808
10
828
1646
2467
3208
3949
4690
5431
6172
6913
7654
8397
8875
9353
9831
10309
10787
11265
11743
12222
12317
12412
12507
12602
12697
12792
12887
12985
12674
12363
12052
11741
11430
11119
10808
10493
9853
9213
8573
7933
7293
6653
6013
5371
4563
3755
2947
2139
1331
523
-285
-1096
-1870
-2644
-3418
-4192
-4966
-5740
-6514
-7289
-7834
-8379
-8924
-9469
-10014
-10559
-11104
-11655
-11835
-12015
-12195
-12375
-12555
-12735
-12915
-13100
-12871
-12642
-12413
-12184
-11955
-11726
-11497
-11262
-10680
-10098
-9516
-8934
-8352
-7770
-7188
-6601
-5812
-5023
-4234
-3445
-2656
-1867
-1078
-285
513
1311
2109
2907
3705
4503
5301
6101
6708
7315
7922
8529
9136
9743
10350
10959
11222
11485
11748
12011
12274
12537
12800
13070
12925
12780
12635
12490
12345
12200
12055
11905
11387
10869
10351
9833
9315
8797
8279
7756
6995
6234
5473
4712
3951
3190
2429
1663
850
37
-776
-1589
-2402
-3215
-4028
-4846
-5508
-6170
-6832
-7494
-8156
-8818
-9480
-10142
-10486
-10830
-11174
-11518
-11862
-12206
-12550
-12895
-12836
-12777
-12718
-12659
-12600
-12541
-12482
-12416
-11968
-11520
-11072
-10624
-10176
-9728
-9280
-8825
-8100
-7375
-6650
-5925
-5200
-4475
-3750
-3021
-2202
-1383
-564
255
1074
1893
2712
3538
4247
4956
5665
6374
7083
7792
8501
9212
9632
10052
10472
10892
11312
11732
12152
12577
12603
12629
12655
12681
12707
12733
12759
12789
12415
12041
11667
11293
10919
10545
10171
9795
9114
8433
7752
7071
6390
5709
5028
4345
3528
2711
1894
1077
260
-557
-1374
-2193
-2941
-3689
-4437
-5185
-5933
-6681
-7429
-8182
-8674
-9166
-9658
-10150
-10642
-11134
-11626
-12120
-12232
-12344
-12456
-12568
-12680
-12792
-12904
-13019
-12724
-12429
-12134
-11839
-11544
-11249
-10954
-10655
-10026
-9397
-8768
-8139
-7510
-6881
-6252
-5620
-4815
-4010
-3205
-2400
-1595
-790
15
824
1603
2382
3161
3940
4719
5498
6277
7062
7620
8178
8736
9294
9852
10410
10968
11529
11726
11923
12120
12317
12514
12711
12908
13106
12893
12680
12467
12254
12041
11828
11615
11397
10827
10257
9687
9117
8547
7977
7407
6831
6047
5263
4479
3695
2911
2127
1343
552
-250
-1052
-1854
-2656
-3458
-4260
-5062
-5865
-6483
-7101
-7719
-8337
-8955
-9573
-10191
-10812
-11091
-11370
-11649
-11928
-12207
-12486
-12765
-13048
-12919
-12790
-12661
-12532
-12403
-12274
-12145
-12013
-11508
-11003
-10498
-9993
-9488
-8983
-8478
-7966
-7211
-6456
-5701
-4946
-4191
-3436
-2681
-1921
-1106
-291
524
1339
2154
2969
3784
4604
5275
5946
6617
7288
7959
8630
9301
9976
10334
10692
11050
11408
11766
12124
12482
12846
12803
12760
12717
12674
12631
12588
12545
12496
12061
11626
11191
10756
10321
9886
9451
9012
8295
7578
6861
6144
5427
4710
3993
3269
2449
1629
809
-11
-831
-1651
-2471
-3294
-4011
-4728
-5445
-6162
-6879
-7596
-8313
-9031
-9465
-9899
-10333
-10767
-11201
-11635
-12069
-12504
-12546
-12588
-12630
-12672
-12714
-12756
-12798
-12841
-12481
-12121
-11761
-11401
-11041
-10681
-10321
-9959
-9287
-8615
-7943
-7271
-6599
-5927
-5255
-4579
-3764
-2949
-2134
-1319
-504
311
1126
1948
2703
3458
4213
4968
5723
6478
7233
7988
8492
8996
9500
10004
10508
11012
11516
12024
12151
12278
12405
12532
12659
12786
12913
13045
12764
12483
12202
11921
11640
11359
11078
10795
10176
9557
8938
8319
7700
7081
6462
5838
5036
4234
3432
2630
1828
1026
224
-583
-1367
-2151
-2935
-3719
-4503
-5287
-6071
-6858
-7427
-7996
-8565
-9134
-9703
-10272
-10841
-11413
-11624
-11835
-12046
-12257
-12468
-12679
-12890
-13106
-12907
-12708
-12509
-12310
-12111
-11912
-11713
-11512
-10952
-10392
-9832
-9272
-8712
-8152
-7592
-7031
-6251
-5471
-4691
-3911
-3131
-2351
-1571
-787
18
823
1628
2433
3238
4043
4848
5654
6282
6910
7538
8166
8794
9422
10050
10678
10971
11264
11557
11850
12143
12436
12729
13024
12909
12794
12679
12564
12449
12334
12219
12104
11610
11116
10622
10128
9634
9140
8646
8147
7398
6649
5900
5151
4402
3653
2904
2148
1331
514
-303
-1120
-1937
-2754
-3571
-4390
-5069
-5748
-6427
-7106
-7785
-8464
-9143
-9827
-10198
-10569
-10940
-11311
-11682
-12053
-12424
-12800
-12771
-12742
-12713
-12684
-12655
-12626
-12597
-12562
-12139
-11716
-11293
-10870
-10447
-10024
-9601
-9174
-8463
-7752
-7041
-6330
-5619
-4908
-4197
-3484
-2664
-1844
-1024
-204
616
1436
2256
3078
3802
4526
5250
5974
6698
7422
8146
8870
9315
9760
10205
10650
11095
11540
11985
12436
12491
12546
12601
12656
12711
12766
12821
12883
12535
12187
11839
11491
11143
10795
10447
10099
9435
8771
8107
7443
6779
6115
5451
4781
3967
3153
2339
1525
711
-103
-917
-1735
-2495
-3255
-4015
-4775
-5535
-6295
-7055
-7816
-8331
-8846
-9361
-9876
-10391
-10906
-11421
-11937
-12077
-12217
-12357
-12497
-12637
-12777
-12917
-13064
-12796
-12528
-12260
-11992
-11724
-11456
-11188
-10914
-10303
-9692
-9081
-8470
-7859
-7248
-6637
-6026
-5227
-4428
-3629
-2830
-2031
-1232
-433
373
1161
1949
2737
3525
4313
5101
5889
6679
7257
7835
8413
8991
9569
10147
10725
11310
11534
11758
11982
12206
12430
12654
12878
13103
12917
12731
12545
12359
12173
11987
11801
11609
11059
10509
9959
9409
8859
8309
7759
7203
6427
5651
4875
4099
3323
2547
1771
990
183
-624
-1431
-2238
-3045
-3852
-4659
-5471
-6107
-6743
-7379
-8015
-8651
-9287
-9923
-10560
-10865
-11170
-11475
-11780
-12085
-12390
-12695
-13000
-12898
-12796
-12694
-12592
-12490
-12388
-12286
-12179
-11695
-11211
-10727
-10243
-9759
-9275
-8791
-8302
-7557
-6812
-6067
-5322
-4577
-3832
-3087
-2342
-1524
-706
112
930
1748
2566
3384
4204
4890
5576
6262
6948
7634
8320
9006
9697
10079
10461
10843
11225
11607
11989
12371
12756
12739
12722
12705
12688
12671
12654
12637
12616
12203
11790
11377
10964
10551
10138
9725
9310
8605
7900
7195
6490
5785
5080
4375
3668
2848
2028
1208
388
-432
-1252
-2072
-2893
-3622
-4351
-5080
-5809
-6538
-7267
-7996
-8729
-9184
-9639
-10094
-10549
-11004
-11459
-11914
-12375
-12442
-12509
-12576
-12643
-12710
-12777
-12844
-12916
-12579
-12242
-11905
-11568
-11231
-10894
-10557
-10217
-9559
-8901
-8243
-7585
-6927
-6269
-5611
-4953
-4140
-3327
-2514
-1701
-888
-75
738
1552
2316
3080
3844
4608
5372
6136
6900
7669
8193
8717
9241
9765
10289
10813
11337
11861
12013
12165
12317
12469
12621
12773
12925
13077
12819
12561
12303
12045
11787
11529
11271
11012
10409
9806
9203
8600
7997
7394
6791
6184
5387
4590
3793
2996
2199
1402
605
-195
-986
-1777
-2568
-3359
-4150
-4941
-5732
-6526
-7112
-7698
-8284
-8870
-9456
-10042
-10628
-11220
-11454
-11688
-11922
-12156
-12390
-12624
-12858
-13098
-12922
-12746
-12570
-12394
-12218
-12042
-11866
-11689
-11147
-10605
-10063
-9521
-8979
-8437
-7895
-7347
-6574
-5801
-5028
-4255
-3482
-2709
-1936
-1161
-352
457
1266
2075
2884
3693
4502
5315
5957
6599
7241
7883
8525
9167
9809
10458
10772
11086
11400
11714
12028
12342
12656
12977
12885
12793
12701
12609
12517
12425
12333
12240
11764
11288
10812
10336
9860
9384
8908
8430
7690
6950
6210
5470
4730
3990
3250
2505
1686
867
48
-771
-1590
-2409
-3228
-4048
-4740
-5432
-6124
-6816
-7508
-8200
-8892
-9586
-9977
-10368
-10759
-11150
-11541
-11932
-12323
-12718
-12711
-12704
-12697
-12690
-12683
-12676
-12669
-12659
-12255
-11851
-11447
-11043
-10639
-10235
-9831
-9422
-8722
-8022
-7322
-6622
-5922
-5222
-4522
-3821
-3002
-2183
-1364
-545
274
1093
1912
2738
3472
4206
4940
5674
6408
7142
7876
8611
9075
9539
10003
10467
10931
11395
11859
12323
12400
12477
12554
12631
12708
12785
12862
12942
12614
12286
11958
11630
11302
10974
10646
10313
9661
9009
8357
7705
7053
6401
5749
5095
4284
3473
2662
1851
1040
229
-582
-1400
-2168
-2936
-3704
-4472
-5240
-6008
-6776
-7545
-8076
-8607
-9138
-9669
-10200
-10731
-11262
-11796
-11957
-12118
-12279
-12440
-12601
-12762
-12923
-13087
-12838
-12589
-12340
-12091
-11842
-11593
-11344
-11092
-10495
-9898
-9301
-8704
-8107
-7510
-6913
-6314
-5519
-4724
-3929
-3134
-2339
-1544
-749
49
842
1635
2428
3221
4014
4807
5600
6400
6993
7586
8179
8772
9365
9958
10551
11144
11387
11630
11873
12116
12359
12602
12845
13092
12925
12758
12591
12424
12257
12090
11923
11753
11217
10681
10145
9609
9073
8537
8001
7464
6694
5924
5154
4384
3614
2844
2074
1301
490
-321
-1132
-1943
-2754
-3565
-4376
-5187
-5835
-6483
-7131
-7779
-8427
-9075
-9723
-10375
-10697
-11019
-11341
-11663
-11985
-12307
-12629
-12957
-12874
-12791
-12708
-12625
-12542
-12459
-12376
-12288
-11819
-11350
-10881
-10412
-9943
-9474
-9005
-8533
-7796
-7059
-6322
-5585
-4848
-4111
-3374
-2637
-1818
-999
-180
639
1458
2277
3096
3921
4617
5313
6009
6705
7401
8097
8793
9495
9893
10291
10689
11087
11485
11883
12281
12686
12686
12686
12686
12686
12686
12686
12686
12692
12295
11898
11501
11104
10707
10310
9913
9512
8816
8120
7424
6728
6032
5336
4640
3943
3124
2305
1486
667
-152
-971
-1790
-2614
-3351
-4088
-4825
-5562
-6299
-7036
-7773
-8516
-8986
-9456
-9926
-10396
-10866
-11336
-11806
-12280
-12365
-12450
-12535
-12620
-12705
-12790
-12875
-12961
-12640
-12319
-11998
-11677
-11356
-11035
-10714
-10388
-9741
-9094
-8447
-7800
-7153
-6506
-5859
-5207
-4397
-3587
-2777
-1967
-1157
-347
463
1280
2050
2820
3590
4360
5130
5900
6670
7447
7984
8521
9058
9595
10132
10669
11206
11744
11912
12080
12248
12416
12584
12752
12920
13093
12851
12609
12367
12125
11883
11641
11399
11154
10562
9970
9378
8786
8194
7602
7010
6415
5622
4829
4036
3243
2450
1657
864
65
-730
-1525
-2320
-3115
-3910
-4705
-5500
-6300
-6898
-7496
-8094
-8692
-9290
-9888
-10486
-11085
-11335
-11585
-11835
-12085
-12335
-12585
-12835
-13086
-12926
-12766
-12606
-12446
-12286
-12126
-11966
-11801
-11270
-10739
-10208
-9677
-9146
-8615
-8084
-7553
-6785
-6017
-5249
-4481
-3713
-2945
-2177
-1409
-597
215
1027
1839
2651
3463
4275
5089
5741
6393
7045
7697
8349
9001
9653
10309
10638
10967
11296
11625
11954
12283
12612
12941
12864
12787
12710
12633
12556
12479
12402
12324
11860
11396
10932
10468
10004
9540
9076
8612
7878
7144
6410
5676
4942
4208
3474
2737
1917
1097
277
-543
-1363
-2183
-3003
-3824
-4524
-5224
-5924
-6624
-7324
-8024
-8724
-9426
-9830
-10234
-10638
-11042
-11446
-11850
-12254
-12660
-12667
-12674
-12681
-12688
-12695
-12702
-12709
-12716
-12324
-11932
-11540
-11148
-10756
-10364
-9972
-9578
-8886
-8194
-7502
-6810
-6118
-5426
-4734
-4035
-3216
-2397
-1578
-759
60
879
1698
2520
3260
4000
4740
5480
6220
6960
7700
8444
8919
9394
9869
10344
10819
11294
11769
12247
12337
12427
12517
12607
12697
12787
12877
12974
12658
12342
12026
11710
11394
11078
10762
10443
9799
9155
8511
7867
7223
6579
5935
5290
4480
3670
2860
2050
1240
430
-380
-1191
-1963
-2735
-3507
-4279
-5051
-5823
-6595
-7374
-7915
-8456
-8997
-9538
-10079
-10620
-11161
-11705
-11878
-12051
-12224
-12397
-12570
-12743
-12916
-13096
-12859
-12622
-12385
-12148
-11911
-11674
-11437
-11198
-10610
-10022
-9434
-8846
-8258
-7670
-7082
-6488
-5696
-4904
-4112
-3320
-2528
-1736
-944
-148
649
1446
2243
3040
3837
4634
5431
6228
6829
7430
8031
8632
9233
9834
10435
11041
11296
11551
11806
12061
12316
12571
12826
13081
12926
12771
12616
12461
12306
12151
11996
11835
11308
10781
10254
9727
9200
8673
8146
7617
6851
6085
5319
4553
3787
3021
2255
1485
673
-139
-951
-1763
-2575
-3387
-4199
-5018
-5673
-6328
-6983
-7638
-8293
-8948
-9603
-10263
-10596
-10929
-11262
-11595
-11928
-12261
-12594
-12929
-12857
-12785
-12713
-12641
-12569
-12497
-12425
-12348
-11888
-11428
-10968
-10508
-10048
-9588
-9128
-8666
-7934
-7202
-6470
-5738
-5006
-4274
-3542
-2806
-1986
-1166
-346
474
1294
2114
2934
3757
4459
5161
5863
6565
7267
7969
8671
9378
9786
10194
10602
11010
11418
11826
12234
12643
12654
12665
12676
12687
12698
12709
12720
12732
12344
11956
11568
11180
10792
10404
10016
9623
8933
8243
7553
6863
6173
5483
4793
4097
3278
2459
1640
821
2
-817
-1636
-2458
-3200
-3942
-4684
-5426
-6168
-6910
-7652
-8396
-8874
-9352
-9830
-10308
-10786
-11264
-11742
-12225
-12319
-12413
-12507
-12601
-12695
-12789
-12883
-12983
-12670
-12357
-12044
-11731
-11418
-11105
-10792
-10479
-9837
-9195
-8553
-7911
-7269
-6627
-5985
-5343
-4534
-3725
-2916
-2107
-1298
-489
320
1134
1908
2682
3456
4230
5004
5778
6552
7328
7872
8416
8960
9504
10048
10592
11136
11680
11857
12034
12211
12388
12565
12742
12919
13098
12864
12630
12396
12162
11928
11694
11460
11226
10640
10054
9468
8882
8296
7710
7124
6533
5742
4951
4160
3369
2578
1787
996
199
-598
-1395
-2192
-2989
-3786
-4583
-5380
-6184
-6787
-7390
-7993
-8596
-9199
-9802
-10405
-11015
-11272
-11529
-11786
-12043
-12300
-12557
-12814
-13078
-12926
-12774
-12622
-12470
-12318
-12166
-12014
-11856
-11331
-10806
-10281
-9756
-9231
-8706
-8181
-7655
-6890
-6125
-5360
-4595
-3830
-3065
-2300
-1530
-717
96
909
1722
2535
3348
4161
4978
5635
6292
6949
7606
8263
8920
9577
10236
10571
10906
11241
11576
11911
12246
12581
12922
12852
12782
12712
12642
12572
12502
12432
12362
11904
11446
10988
10530
10072
9614
9156
8696
7965
7234
6503
5772
5041
4310
3579
2844
2024
1204
384
-436
-1256
-2076
-2896
-3721
-4424
-5127
-5830
-6533
-7236
-7939
-8642
-9352
-9762
-10172
-10582
-10992
-11402
-11812
-12222
-12633
-12646
-12659
-12672
-12685
-12698
-12711
-12724
-12740
-12354
-11968
-11582
-11196
-10810
-10424
-10038
-9646
-8957
-8268
-7579
-6890
-6201
-5512
-4823
-4128
-3309
-2490
-1671
-852
-33
786
1605
2427
3170
3913
4656
5399
6142
6885
7628
8372
8852
9332
9812
10292
10772
11252
11732
12214
12310
12406
12502
12598
12694
12790
12886
12987
12676
12365
12054
11743
11432
11121
10810
10496
9855
9214
8573
7932
7291
6650
6009
5368
4559
3750
2941
2132
1323
514
-295
-1108
-1882
-2656
-3430
-4204
-4978
-5752
-6526
-7307
-7852
-8397
-8942
-9487
-10032
-10577
-11122
-11669
-11847
-12025
-12203
-12381
-12559
-12737
-12915
-13099
-12867
-12635
-12403
-12171
-11939
-11707
-11475
-11237
-10652
-10067
-9482
-8897
-8312
-7727
-7142
-6551
-5760
-4969
-4178
-3387
-2596
-1805
-1014
-219
579
1377
2175
2973
3771
4569
5367
6168
6772
7376
7980
8584
9188
9792
10396
11005
11264
11523
11782
12041
12300
12559
12818
13077
12926
12775
12624
12473
12322
12171
12020
11862
11338
10814
10290
9766
9242
8718
8194
7666
6901
6136
5371
4606
3841
3076
2311
1544
731
-82
-895
-1708
-2521
-3334
-4147
-4966
-5623
-6280
-6937
-7594
-8251
-8908
-9565
-10229
-10565
-10901
-11237
-11573
-11909
-12245
-12581
-12921
-12852
-12783
-12714
-12645
-12576
-12507
-12438
-12365
-11908
-11451
-10994
-10537
-10080
-9623
-9166
-8702
-7971
-7240
-6509
-5778
-5047
-4316
-3585
-2852
-2032
-1212
-392
428
1248
2068
2888
3715
4419
5123
5827
6531
7235
7939
8643
9348
9758
10168
10578
10988
11398
11808
12218
12632
12645
12658
12671
12684
12697
12710
12723
12741
12355
11969
11583
11197
10811
10425
10039
9648
8959
8270
7581
6892
6203
5514
4825
4129
3310
2491
1672
853
34
-785
-1604
-2426
-3169
-3912
-4655
-5398
-6141
-6884
-7627
-8373
-8853
-9333
-9813
-10293
-10773
-11253
-11733
-12215
-12311
-12407
-12503
-12599
-12695
-12791
-12887
-12986
-12675
-12364
-12053
-11742
-11431
-11120
-10809
-10494
-9853
-9212
-8571
-7930
-7289
-6648
-6007
-5363
-4554
-3745
-2936
-2127
-1318
-509
300
1114
1888
2662
3436
4210
4984
5758
6532
7313
7858
8403
8948
9493
10038
10583
11128
11673
11851
12029
12207
12385
12563
12741
12919
13099
12866
12633
12400
12167
11934
11701
11468
11232
10646
10060
9474
8888
8302
7716
7130
6542
5751
4960
4169
3378
2587
1796
1005
207
-591
-1389
-2187
-2985
-3783
-4581
-5379
-6179
-6783
-7387
-7991
-8595
-9199
-9803
-10407
-11013
-11271
-11529
-11787
-12045
-12303
-12561
-12819
-13078
-12926
-12774
-12622
-12470
-12318
-12166
-12014
-11855
-11330
-10805
-10280
-9755
-9230
-8705
-8180
-7653
-6888
-6123
-5358
-4593
-3828
-3063
-2298
-1526
-713
100
913
1726
2539
3352
4165
4984
5641
6298
6955
7612
8269
8926
9583
10241
10576
10911
11246
11581
11916
12251
12586
12924
12854
12784
12714
12644
12574
12504
12434
12358
11899
11440
10981
10522
10063
9604
9145
8685
7953
7221
6489
5757
5025
4293
3561
2828
2008
1188
368
-452
-1272
-2092
-2912
-3739
-4442
-5145
-5848
-6551
-7254
-7957
-8660
-9366
-9775
-10184
-10593
-11002
-11411
-11820
-12229
-12639
-12650
-12661
-12672
-12683
-12694
-12705
-12716
-12734
-12346
-11958
-11570
-11182
-10794
-10406
-10018
-9628
-8937
-8246
-7555
-6864
-6173
-5482
-4791
-4100
-3281
-2462
-1643
-824
-5
814
1633
2457
3199
3941
4683
5425
6167
6909
7651
8398
8876
9354
9832
10310
10788
11266
11744
12227
12321
12415
12509
12603
12697
12791
12885
12982
12669
12356
12043
11730
11417
11104
10791
10472
9830
9188
8546
7904
7262
6620
5978
5330
4520
3710
2900
2090
1280
470
-340
-1152
-1926
-2700
-3474
-4248
-5022
-5796
-6570
-7345
-7888
-8431
-8974
-9517
-10060
-10603
-11146
-11691
-11866
-12041
-12216
-12391
-12566
-12741
-12916
-13097
-12862
-12627
-12392
-12157
-11922
-11687
-11452
-11211
-10623
-10035
-9447
-8859
-8271
-7683
-7095
-6505
-5713
-4921
-4129
-3337
-2545
-1753
-961
-163
634
1431
2228
3025
3822
4619
5416
6219
6821
7423
8025
8627
9229
9831
10433
11037
11292
11547
11802
12057
12312
12567
12822
13081
12926
12771
12616
12461
12306
12151
11996
11835
11308
10781
10254
9727
9200
8673
8146
7613
6846
6079
5312
4545
3778
3011
2244
1476
663
-150
-963
-1776
-2589
-3402
-4215
-5031
-5686
-6341
-6996
-7651
-8306
-8961
-9616
-10274
-10606
-10938
-11270
-11602
-11934
-12266
-12598
-12933
-12859
-12785
-12711
-12637
-12563
-12489
-12415
-12340
-11878
-11416
-10954
-10492
-10030
-9568
-9106
-8643
-7910
-7177
-6444
-5711
-4978
-4245
-3512
-2773
-1953
-1133
-313
507
1327
2147
2967
3793
4494
5195
5896
6597
7298
7999
8700
9407
9813
10219
10625
11031
11437
11843
12249
12655
12663
12671
12679
12687
12695
12703
12711
12720
12329
11938
11547
11156
10765
10374
9983
9586
8893
8200
7507
6814
6121
5428
4735
4041
3221
2401
1581
761
-59
-879
-1699
-2519
-3260
-4001
-4742
-5483
-6224
-6965
-7706
-8447
-8922
-9397
-9872
-10347
-10822
-11297
-11772
-12250
-12340
-12430
-12520
-12610
-12700
-12790
-12880
-12972
-12655
-12338
-12021
-11704
-11387
-11070
-10753
-10432
-9787
-9142
-8497
-7852
-7207
-6562
-5917
-5268
-4457
-3646
-2835
-2024
-1213
-402
409
1221
1993
2765
3537
4309
5081
5853
6625
7403
7943
8483
9023
9563
10103
10643
11183
11723
11894
12065
12236
12407
12578
12749
12920
13094
12854
12614
12374
12134
11894
11654
11414
11172
10581
9990
9399
8808
8217
7626
7035
6440
5646
4852
4058
3264
2470
1676
882
88
-708
-1504
-2300
-3096
-3892
-4688
-5484
-6286
-6885
-7484
-8083
-8682
-9281
-9880
-10479
-11079
-11329
-11579
-11829
-12079
-12329
-12579
-12829
-13086
-12926
-12766
-12606
-12446
-12286
-12126
-11966
-11801
-11270
-10739
-10208
-9677
-9146
-8615
-8084
-7547
-6778
-6009
-5240
-4471
-3702
-2933
-2164
-1395
-583
229
1041
1853
2665
3477
4289
5107
5759
6411
7063
7715
8367
9019
9671
10325
10652
10979
11306
11633
11960
12287
12614
12946
12867
12788
12709
12630
12551
12472
12393
12311
11845
11379
10913
10447
9981
9515
9049
8578
7842
7106
6370
5634
4898
4162
3426
2688
1868
1048
228
-592
-1412
-2232
-3052
-3878
-4576
-5274
-5972
-6670
-7368
-8066
-8764
-9469
-9870
-10271
-10672
-11073
-11474
-11875
-12276
-12678
-12680
-12682
-12684
-12686
-12688
-12690
-12692
-12698
-12302
-11906
-11510
-11114
-10718
-10322
-9926
-9523
-8827
-8131
-7435
-6739
-6043
-5347
-4651
-3952
-3132
-2312
-1492
-672
148
968
1788
2612
3350
4088
4826
5564
6302
7040
7778
8520
8990
9460
9930
10400
10870
11340
11810
12284
12368
12452
12536
12620
12704
12788
12872
12958
12635
12312
11989
11666
11343
11020
10697
10372
9723
9074
8425
7776
7127
6478
5829
5176
4364
3552
2740
1928
1116
304
-508
-1321
-2091
-2861
-3631
-4401
-5171
-5941
-6711
-7487
-8022
-8557
-9092
-9627
-10162
-10697
-11232
-11769
-11934
-12099
-12264
-12429
-12594
-12759
-12924
-13090
-12844
-12598
-12352
-12106
-11860
-11614
-11368
-11117
-10521
-9925
-9329
-8733
-8137
-7541
-6945
-6348
-5553
-4758
-3963
-3168
-2373
-1578
-783
18
813
1608
2403
3198
3993
4788
5583
6380
6974
7568
8162
8756
9350
9944
10538
11137
11381
11625
11869
12113
12357
12601
12845
13091
12924
12757
12590
12423
12256
12089
11922
11752
11215
10678
10141
9604
9067
8530
7993
7455
6684
5913
5142
4371
3600
2829
2058
1283
472
-339
-1150
-1961
-2772
-3583
-4394
-5212
-5860
-6508
-7156
-7804
-8452
-9100
-9748
-10396
-10717
-11038
-11359
-11680
-12001
-12322
-12643
-12964
-12878
-12792
-12706
-12620
-12534
-12448
-12362
-12270
-11798
-11326
-10854
-10382
-9910
-9438
-8966
-8488
-7749
-7010
-6271
-5532
-4793
-4054
-3315
-2571
-1751
-931
-111
709
1529
2349
3169
3993
4688
5383
6078
6773
7468
8163
8858
9553
9947
10341
10735
11129
11523
11917
12311
12709
12704
12699
12694
12689
12684
12679
12674
12666
12263
11860
11457
11054
10651
10248
9845
9437
8737
8037
7337
6637
5937
5237
4537
3832
3011
2190
1369
548
-273
-1094
-1915
-2736
-3471
-4206
-4941
-5676
-6411
-7146
-7881
-8616
-9080
-9544
-10008
-10472
-10936
-11400
-11864
-12328
-12404
-12480
-12556
-12632
-12708
-12784
-12860
-12938
-12608
-12278
-11948
-11618
-11288
-10958
-10628
-10291
-9637
-8983
-8329
-7675
-7021
-6367
-5713
-5055
-4242
-3429
-2616
-1803
-990
-177
636
1453
2220
2987
3754
4521
5288
6055
6822
7596
8124
8652
9180
9708
10236
10764
11292
11827
11983
12139
12295
12451
12607
12763
12919
13082
12828
12574
12320
12066
11812
11558
11304
11044
10442
9840
9238
8636
8034
7432
6830
6227
5429
4631
3833
3035
2237
1439
641
-157
-950
-1743
-2536
-3329
-4122
-4915
-5708
-6502
-7090
-7678
-8266
-8854
-9442
-10030
-10618
-11210
-11445
-11680
-11915
-12150
-12385
-12620
-12855
-13097
-12921
-12745
-12569
-12393
-12217
-12041
-11865
-11688
-11145
-10602
-10059
-9516
-8973
-8430
-7887
-7337
-6563
-5789
-5015
-4241
-3467
-2693
-1919
-1139
-329
481
1291
2101
2911
3721
4531
5345
5987
6629
7271
7913
8555
9197
9839
10484
10796
11108
11420
11732
12044
12356
12668
12985
12889
12793
12697
12601
12505
12409
12313
12217
11737
11257
10777
10297
9817
9337
8857
8374
7631
6888
6145
5402
4659
3916
3173
2423
1603
783
-37
-857
-1677
-2497
-3317
-4137
-4827
-5517
-6207
-6897
-7587
-8277
-8967
-9657
-10043
-10429
-10815
-11201
-11587
-11973
-12359
-12745
-12731
-12717
-12703
-12689
-12675
-12661
-12647
-12626
-12214
-11802
-11390
-10978
-10566
-10154
-9742
-9328
-8623
-7918
-7213
-6508
-5803
-5098
-4393
-3682
-2861
-2040
-1219
-398
423
1244
2065
2890
3620
4350
5080
5810
6540
7270
8000
8735
9190
9645
10100
10555
11010
11465
11920
12382
12448
12514
12580
12646
12712
12778
12844
12911
12571
12231
11891
11551
11211
10871
10531
10190
9530
8870
8210
7550
6890
6230
5570
4904
4089
3274
2459
1644
829
14
-801
-1616
-2380
-3144
-3908
-4672
-5436
-6200
-6964
-7730
-8251
-8772
-9293
-9814
-10335
-10856
-11377
-11898
-12044
-12190
-12336
-12482
-12628
-12774
-12920
-13071
-12807
-12543
-12279
-12015
-11751
-11487
-11223
-10953
-10344
-9735
-9126
-8517
-7908
-7299
-6690
-6077
-5277
-4477
-3677
-2877
-2077
-1277
-477
327
1117
1907
2697
3487
4277
5067
5857
6650
7231
7812
8393
8974
9555
10136
10717
11299
11524
11749
11974
12199
12424
12649
12874
13103
12917
12731
12545
12359
12173
11987
11801
11608
11056
10504
9952
9400
8848
8296
7744
7191
6413
5635
4857
4079
3301
2523
1745
963
155
-653
-1461
-2269
-3077
-3885
-4693
-5507
-6142
-6777
-7412
-8047
-8682
-9317
-9952
-10591
-10893
-11195
-11497
-11799
-12101
-12403
-12705
-13008
-12901
-12794
-12687
-12580
-12473
-12366
-12259
-12150
-11661
-11172
-10683
-10194
-9705
-9216
-8727
-8233
-7485
-6737
-5989
-5241
-4493
-3745
-2997
-2243
-1424
-605
214
1033
1852
2671
3490
4311
4994
5677
6360
7043
7726
8409
9092
9781
10156
10531
10906
11281
11656
12031
12406
12787
12761
12735
12709
12683
12657
12631
12605
12574
12152
11730
11308
10886
10464
10042
9620
9195
8484
7773
7062
6351
5640
4929
4218
3500
2679
1858
1037
216
-605
-1426
-2247
-3075
-3800
-4525
-5250
-5975
-6700
-7425
-8150
-8877
-9322
-9767
-10212
-10657
-11102
-11547
-11992
-12443
-12497
-12551
-12605
-12659
-12713
-12767
-12821
-12876
-12525
-12174
-11823
-11472
-11121
-10770
-10419
-10067
-9399
-8731
-8063
-7395
-6727
-6059
-5391
-4723
-3907
-3091
-2275
-1459
-643
173
989
1810
2569
3328
4087
4846
5605
6364
7123
7888
8399
8910
9421
9932
10443
10954
11465
11980
12114
12248
12382
12516
12650
12784
12918
13054
12778
12502
12226
11950
11674
11398
11122
10842
10225
9608
8991
8374
7757
7140
6523
5899
5096
4293
3490
2687
1884
1081
278
-529
-1315
-2101
-2887
-3673
-4459
-5245
-6031
-6824
-7396
-7968
-8540
-9112
-9684
-10256
-10828
-11401
-11614
-11827
-12040
-12253
-12466
-12679
-12892
-13106
-12907
-12708
-12509
-12310
-12111
-11912
-11713
-11511
-10950
-10389
-9828
-9267
-8706
-8145
-7584
-7017
-6235
-5453
-4671
-3889
-3107
-2325
-1543
-755
51
857
1663
2469
3275
4081
4887
5696
6323
6950
7577
8204
8831
9458
10085
10713
11002
11291
11580
11869
12158
12447
12736
13032
12912
12792
12672
12552
12432
12312
12192
12069
11569
11069
10569
10069
9569
9069
8569
8066
7312
6558
5804
5050
4296
3542
2788
2032
1214
396
-422
-1240
-2058
-2876
-3694
-4514
-5190
-5866
-6542
-7218
-7894
-8570
-9246
-9923
-10286
-10649
-11012
-11375
-11738
-12101
-12464
-12833
-12793
-12753
-12713
-12673
-12633
-12593
-12553
-12511
-12077
-11643
-11209
-10775
-10341
-9907
-9473
-9037
-8319
-7601
-6883
-6165
-5447
-4729
-4011
-3287
-2465
-1643
-821
1
823
1645
2467
3290
4008
4726
5444
6162
6880
7598
8316
9039
9473
9907
10341
10775
11209
11643
12077
12512
12552
12592
12632
12672
12712
12752
12792
12833
12469
12105
11741
11377
11013
10649
10285
9921
9245
8569
7893
7217
6541
5865
5189
4511
3693
2875
2057
1239
421
-397
-1215
-2035
-2789
-3543
-4297
-5051
-5805
-6559
-7313
-8069
-8569
-9069
-9569
-10069
-10569
-11069
-11569
-12071
-12191
-12311
-12431
-12551
-12671
-12791
-12911
-13032
-12742
-12452
-12162
-11872
-11582
-11292
-11002
-10710
-10083
-9456
-8829
-8202
-7575
-6948
-6321
-5690
-4884
-4078
-3272
-2466
-1660
-854
-48
762
1544
2326
3108
3890
4672
5454
6236
7023
7584
8145
8706
9267
9828
10389
10950
11515
11713
11911
12109
12307
12505
12703
12901
13106
12893
12680
12467
12254
12041
11828
11615
11395
10823
10251
9679
9107
8535
7963
7391
6814
6027
5240
4453
3666
2879
2092
1305
515
-288
-1091
-1894
-2697
-3500
-4303
-5106
-5912
-6529
-7146
-7763
-8380
-8997
-9614
-10231
-10851
-11126
-11401
-11676
-11951
-12226
-12501
-12776
-13056
-12921
-12786
-12651
-12516
-12381
-12246
-12111
-11972
-11460
-10948
-10436
-9924
-9412
-8900
-8388
-7872
-7112
-6352
-5592
-4832
-4072
-3312
-2552
-1788
-972
-156
660
1476
2292
3108
3924
4745
5412
6079
6746
7413
8080
8747
9414
10083
10432
10781
11130
11479
11828
12177
12526
12882
12826
12770
12714
12658
12602
12546
12490
12434
11987
11540
11093
10646
10199
9752
9305
8854
8128
7402
6676
5950
5224
4498
3772
3043
2221
1399
577
-245
-1067
-1889
-2711
-3534
-4244
-4954
-5664
-6374
-7084
-7794
-8504
-9221
-9641
-10061
-10481
-10901
-11321
-11741
-12161
-12585
-12609
-12633
-12657
-12681
-12705
-12729
-12753
-12778
-12400
-12022
-11644
-11266
-10888
-10510
-10132
-9751
-9066
-8381
-7696
-7011
-6326
-5641
-4956
-4268
-3449
-2630
-1811
-992
-173
646
1465
2291
3038
3785
4532
5279
6026
6773
7520
8273
8760
9247
9734
10221
10708
11195
11682
12170
12273
12376
12479
12582
12685
12788
12891
13001
12696
12391
12086
11781
11476
11171
10866
10556
9918
9280
8642
8004
7366
6728
6090
5451
4642
3833
3024
2215
1406
597
-212
-1027
-1804
-2581
-3358
-4135
-4912
-5689
-6466
-7247
-7796
-8345
-8894
-9443
-9992
-10541
-11090
-11641
-11823
-12005
-12187
-12369
-12551
-12733
-12915
-13101
-12871
-12641
-12411
-12181
-11951
-11721
-11491
-11260
-10676
-10092
-9508
-8924
-8340
-7756
-7172
-6581
-5789
-4997
-4205
-3413
-2621
-1829
-1037
-244
555
1354
2153
2952
3751
4550
5349
6154
6760
7366
7972
8578
9184
9790
10396
11002
11261
11520
11779
12038
12297
12556
12815
13077
12925
12773
12621
12469
12317
12165
12013
11857
11331
10805
10279
9753
9227
8701
8175
7649
6882
6115
5348
4581
3814
3047
2280
1513
699
-115
-929
-1743
-2557
-3371
-4185
-5003
-5660
-6317
-6974
-7631
-8288
-8945
-9602
-10260
-10593
-10926
-11259
-11592
-11925
-12258
-12591
-12930
-12857
-12784
-12711
-12638
-12565
-12492
-12419
-12342
-11880
-11418
-10956
-10494
-10032
-9570
-9108
-8643
-7909
-7175
-6441
-5707
-4973
-4239
-3505
-2766
-1945
-1124
-303
518
1339
2160
2981
3807
4508
5209
5910
6611
7312
8013
8714
9422
9827
10232
10637
11042
11447
11852
12257
12662
12668
12674
12680
12686
12692
12698
12704
12711
12317
11923
11529
11135
10741
10347
9953
9556
8861
8166
7471
6776
6081
5386
4691
3992
3171
2350
1529
708
-113
-934
-1755
-2577
-3317
-4057
-4797
-5537
-6277
-7017
-7757
-8497
-8969
-9441
-9913
-10385
-10857
-11329
-11801
-12276
-12361
-12446
-12531
-12616
-12701
-12786
-12871
-12960
-12638
-12316
-11994
-11672
-11350
-11028
-10706
-10378
-9729
-9080
-8431
-7782
-7133
-6484
-5835
-5180
-4368
-3556
-2744
-1932
-1120
-308
504
1323
2094
2865
3636
4407
5178
5949
6720
7493
8028
8563
9098
9633
10168
10703
11238
11775
11939
12103
12267
12431
12595
12759
12923
13088
12840
12592
12344
12096
11848
11600
11352
11103
10505
9907
9309
8711
8113
7515
6917
6318
5521
4724
3927
3130
2333
1536
739
-58
-853
-1648
-2443
-3238
-4033
-4828
-5623
-6421
-7014
-7607
-8200
-8793
-9386
-9979
-10572
-11165
-11406
-11647
-11888
-12129
-12370
-12611
-12852
-13094
-12923
-12752
-12581
-12410
-12239
-12068
-11897
-11723
-11183
-10643
-10103
-9563
-9023
-8483
-7943
-7396
-6623
-5850
-5077
-4304
-3531
-2758
-1985
-1205
-394
417
1228
2039
2850
3661
4472
5289
5934
6579
7224
7869
8514
9159
9804
10451
10766
11081
11396
11711
12026
12341
12656
12978
12885
12792
12699
12606
12513
12420
12327
12233
11755
11277
10799
10321
9843
9365
8887
8405
7662
6919
6176
5433
4690
3947
3204
2457
1637
817
-3
-823
-1643
-2463
-3283
-4109
-4800
-5491
-6182
-6873
-7564
-8255
-8946
-9640
-10027
-10414
-10801
-11188
-11575
-11962
-12349
-12741
-12727
-12713
-12699
-12685
-12671
-12657
-12643
-12629
-12218
-11807
-11396
-10985
-10574
-10163
-9752
-9334
-8628
-7922
-7216
-6510
-5804
-5098
-4392
-3685
-2863
-2041
-1219
-397
425
1247
2069
2892
3623
4354
5085
5816
6547
7278
8009
8741
9196
9651
10106
10561
11016
11471
11926
12386
12451
12516
12581
12646
12711
12776
12841
12908
12567
12226
11885
11544
11203
10862
10521
10176
9514
8852
8190
7528
6866
6204
5542
4878
4063
3248
2433
1618
803
-12
-827
-1649
-2413
-3177
-3941
-4705
-5469
-6233
-6997
-7761
-8280
-8799
-9318
-9837
-10356
-10875
-11394
-11916
-12059
-12202
-12345
-12488
-12631
-12774
-12917
-13067
-12799
-12531
-12263
-11995
-11727
-11459
-11191
-10922
-10310
-9698
-9086
-8474
-7862
-7250
-6638
-6024
-5222
-4420
-3618
-2816
-2014
-1212
-410
393
1182
1971
2760
3549
4338
5127
5916
6711
7289
7867
8445
9023
9601
10179
10757
11337
11558
11779
12000
12221
12442
12663
12884
13105
12913
12721
12529
12337
12145
11953
11761
11567
11011
10455
9899
9343
8787
8231
7675
7113
6332
5551
4770
3989
3208
2427
1646
865
57
-751
-1559
-2367
-3175
-3983
-4791
-5600
-6231
-6862
-7493
-8124
-8755
-9386
-10017
-10654
-10949
-11244
-11539
-11834
-12129
-12424
-12719
-13021
-12907
-12793
-12679
-12565
-12451
-12337
-12223
-12105
-11609
-11113
-10617
-10121
-9625
-9129
-8633
-8136
-7384
-6632
-5880
-5128
-4376
-3624
-2872
-2115
-1296
-477
342
1161
1980
2799
3618
4438
5117
5796
6475
7154
7833
8512
9191
9873
10241
10609
10977
11345
11713
12081
12449
12818
12783
12748
12713
12678
12643
12608
12573
12531
12100
11669
11238
10807
10376
9945
9514
9083
8366
7649
6932
6215
5498
4781
4064
3345
2523
1701
879
57
-765
-1587
-2409
-3236
-3956
-4676
-5396
-6116
-6836
-7556
-8276
-9002
-9439
-9876
-10313
-10750
-11187
-11624
-12061
-12498
-12540
-12582
-12624
-12666
-12708
-12750
-12792
-12841
-12480
-12119
-11758
-11397
-11036
-10675
-10314
-9946
-9271
-8596
-7921
-7246
-6571
-5896
-5221
-4542
-3724
-2906
-2088
-1270
-452
366
1184
2006
2761
3516
4271
5026
5781
6536
7291
8050
8551
9052
9553
10054
10555
11056
11557
12063
12184
12305
12426
12547
12668
12789
12910
13033
12744
12455
12166
11877
11588
11299
11010
10717
10090
9463
8836
8209
7582
6955
6328
5697
4890
4083
3276
2469
1662
855
48
-759
-1542
-2325
-3108
-3891
-4674
-5457
-6240
-7024
-7585
-8146
-8707
-9268
-9829
-10390
-10951
-11518
-11716
-11914
-12112
-12310
-12508
-12706
-12904
-13106
-12892
-12678
-12464
-12250
-12036
-11822
-11608
-11389
-10816
-10243
-9670
-9097
-8524
-7951
-7378
-6798
-6010
-5222
-4434
-3646
-2858
-2070
-1282
-493
310
1113
1916
2719
3522
4325
5128
5935
6551
7167
7783
8399
9015
9631
10247
10868
11141
11414
11687
11960
12233
12506
12779
13059
12922
12785
12648
12511
12374
12237
12100
11956
11442
10928
10414
9900
9386
8872
8358
7837
7075
6313
5551
4789
4027
3265
2503
1741
925
109
-707
-1523
-2339
-3155
-3971
-4793
-5458
-6123
-6788
-7453
-8118
-8783
-9448
-10119
-10465
-10811
-11157
-11503
-11849
-12195
-12541
-12893
-12833
-12773
-12713
-12653
-12593
-12533
-12473
-12413
-11962
-11511
-11060
-10609
-10158
-9707
-9256
-8803
-8074
-7345
-6616
-5887
-5158
-4429
-3700
-2971
-2149
-1327
-505
317
1139
1961
2783
3609
4317
5025
5733
6441
7149
7857
8565
9280
9696
10112
10528
10944
11360
11776
12192
12609
12627
12645
12663
12681
12699
12717
12735
12758
12375
11992
11609
11226
10843
10460
10077
9688
8999
8310
7621
6932
6243
5554
4865
4173
3353
2533
1713
893
73
-747
-1567
-2393
-3138
-3883
-4628
-5373
-6118
-6863
-7608
-8356
-8837
-9318
-9799
-10280
-10761
-11242
-11723
-12211
-12307
-12403
-12499
-12595
-12691
-12787
-12883
-12986
-12674
-12362
-12050
-11738
-11426
-11114
-10802
-10484
-9841
-9198
-8555
-7912
-7269
-6626
-5983
-5337
-4526
-3715
-2904
-2093
-1282
-471
340
1156
1931
2706
3481
4256
5031
5806
6581
7358
7901
8444
8987
9530
10073
10616
11159
11703
11877
12051
12225
12399
12573
12747
12921
13096
12857
12618
12379
12140
11901
11662
11423
11184
10593
10002
9411
8820
8229
7638
7047
6450
5655
4860
4065
3270
2475
1680
885
89
-708
-1505
-2302
-3099
-3896
-4693
-5490
-6294
-6893
-7492
-8091
-8690
-9289
-9888
-10487
-11090
-11339
-11588
-11837
-12086
-12335
-12584
-12833
-13087
-12924
-12761
-12598
-12435
-12272
-12109
-11946
-11783
-11249
-10715
-10181
-9647
-9113
-8579
-8045
-7505
-6734
-5963
-5192
-4421
-3650
-2879
-2108
-1333
-520
293
1106
1919
2732
3545
4358
5174
5824
6474
7124
7774
8424
9074
9724
10376
10699
11022
11345
11668
11991
12314
12637
12961
12876
12791
12706
12621
12536
12451
12366
12274
11801
11328
10855
10382
9909
9436
8963
8490
7750
7010
6270
5530
4790
4050
3310
2564
1743
922
101
-720
-1541
-2362
-3183
-4008
-4703
-5398
-6093
-6788
-7483
-8178
-8873
-9570
-9963
-10356
-10749
-11142
-11535
-11928
-12321
-12717
-12710
-12703
-12696
-12689
-12682
-12675
-12668
-12655
-12248
-11841
-11434
-11027
-10620
-10213
-9806
-9399
-8696
-7993
-7290
-6587
-5884
-5181
-4478
-3771
-2949
-2127
-1305
-483
339
1161
1983
2808
3541
4274
5007
5740
6473
7206
7939
8679
9139
9599
10059
10519
10979
11439
11899
12360
12430
12500
12570
12640
12710
12780
12850
12921
12584
12247
11910
11573
11236
10899
10562
10221
9562
8903
8244
7585
6926
6267
5608
4942
4127
3312
2497
1682
867
52
-763
-1583
-2348
-3113
-3878
-4643
-5408
-6173
-6938
-7710
-8232
-8754
-9276
-9798
-10320
-10842
-11364
-11891
-12038
-12185
-12332
-12479
-12626
-12773
-12920
-13071
-12807
-12543
-12279
-12015
-11751
-11487
-11223
-10952
-10342
-9732
-9122
-8512
-7902
-7292
-6682
-6068
-5267
-4466
-3665
-2864
-2063
-1262
-461
346
1137
1928
2719
3510
4301
5092
5883
6674
7254
7834
8414
8994
9574
10154
10734
11317
11540
11763
11986
12209
12432
12655
12878
13104
12914
12724
12534
12344
12154
11964
11774
11583
11028
10473
9918
9363
8808
8253
7698
7139
6359
5579
4799
4019
3239
2459
1679
893
85
-723
-1531
-2339
-3147
-3955
-4763
-5578
-6211
-6844
-7477
-8110
-8743
-9376
-10009
-10642
-10939
-11236
-11533
-11830
-12127
-12424
-12721
-13019
-12906
-12793
-12680
-12567
-12454
-12341
-12228
-12111
-11616
-11121
-10626
-10131
-9636
-9141
-8646
-8145
-7393
-6641
-5889
-5137
-4385
-3633
-2881
-2123
-1304
-485
334
1153
1972
2791
3610
4434
5113
5792
6471
7150
7829
8508
9187
9872
10240
10608
10976
11344
11712
12080
12448
12819
12783
12747
12711
12675
12639
12603
12567
12529
12098
11667
11236
10805
10374
9943
9512
9077
8359
7641
6923
6205
5487
4769
4051
3333
2510
1687
864
41
-782
-1605
-2428
-3251
-3971
-4691
-5411
-6131
-6851
-7571
-8291
-9016
-9452
-9888
-10324
-10760
-11196
-11632
-12068
-12504
-12545
-12586
-12627
-12668
-12709
-12750
-12791
-12836
-12473
-12110
-11747
-11384
-11021
-10658
-10295
-9928
-9252
-8576
-7900
-7224
-6548
-5872
-5196
-4513
-3694
-2875
-2056
-1237
-418
401
1220
2040
2794
3548
4302
5056
5810
6564
7318
8079
8579
9079
9579
10079
10579
11079
11579
12079
12197
12315
12433
12551
12669
12787
12905
13029
12737
12445
12153
11861
11569
11277
10985
10689
10060
9431
8802
8173
7544
6915
6286
5651
4843
4035
3227
2419
1611
803
-5
-813
-1595
-2377
-3159
-3941
-4723
-5505
-6287
-7073
-7632
-8191
-8750
-9309
-9868
-10427
-10986
-11547
-11741
-11935
-12129
-12323
-12517
-12711
-12905
-13105
-12887
-12669
-12451
-12233
-12015
-11797
-11579
-11355
-10778
-10201
-9624
-9047
-8470
-7893
-7316
-6738
-5949
-5160
-4371
-3582
-2793
-2004
-1215
-420
383
1186
1989
2792
3595
4398
5201
6004
6617
7230
7843
8456
9069
9682
10295
10912
11181
11450
11719
11988
12257
12526
12795
13066
12923
12780
12637
12494
12351
12208
12065
11920
11401
10882
10363
9844
9325
8806
8287
7764
7000
6236
5472
4708
3944
3180
2416
1648
832
16
-800
-1616
-2432
-3248
-4064
-4883
-5545
-6207
-6869
-7531
-8193
-8855
-9517
-10183
-10524
-10865
-11206
-11547
-11888
-12229
-12570
-12911
-12845
-12779
-12713
-12647
-12581
-12515
-12449
-12379
-11922
-11465
-11008
-10551
-10094
-9637
-9180
-8721
-7989
-7257
-6525
-5793
-5061
-4329
-3597
-2861
-2039
-1217
-395
427
1249
2071
2893
3720
4425
5130
5835
6540
7245
7950
8655
9364
9773
10182
10591
11000
11409
11818
12227
12642
12652
12662
12672
12682
12692
12702
12712
12728
12337
11946
11555
11164
10773
10382
9991
9600
8906
8212
7518
6824
6130
5436
4742
4048
3227
2406
1585
764
-57
-878
-1699
-2526
-3268
-4010
-4752
-5494
-6236
-6978
-7720
-8463
-8937
-9411
-9885
-10359
-10833
-11307
-11781
-12262
-12349
-12436
-12523
-12610
-12697
-12784
-12871
-12965
-12644
-12323
-12002
-11681
-11360
-11039
-10718
-10394
-9745
-9096
-8447
-7798
-7149
-6500
-5851
-5197
-4384
-3571
-2758
-1945
-1132
-319
494
1311
2083
2855
3627
4399
5171
5943
6715
7489
8024
8559
9094
9629
10164
10699
11234
11775
11939
12103
12267
12431
12595
12759
12923
13088
12839
12590
12341
12092
11843
11594
11345
11095
10496
9897
9298
8699
8100
7501
6902
6301
5503
4705
3907
3109
2311
1513
715
-85
-880
-1675
-2470
-3265
-4060
-4855
-5650
-6449
-7041
-7633
-8225
-8817
-9409
-10001
-10593
-11185
-11423
-11661
-11899
-12137
-12375
-12613
-12851
-13096
-12922
-12748
-12574
-12400
-12226
-12052
-11878
-11699
-11155
-10611
-10067
-9523
-8979
-8435
-7891
-7347
-6572
-5797
-5022
-4247
-3472
-2697
-1922
-1140
-329
482
1293
2104
2915
3726
4537
5355
5997
6639
7281
7923
8565
9207
9849
10498
10809
11120
11431
11742
12053
12364
12675
12989
12891
12793
12695
12597
12499
12401
12303
12200
11717
11234
10751
10268
9785
9302
8819
8329
7583
6837
6091
5345
4599
3853
3107
2354
1533
712
-109
-930
-1751
-2572
-3393
-4215
-4903
-5591
-6279
-6967
-7655
-8343
-9031
-9720
-10101
-10482
-10863
-11244
-11625
-12006
-12387
-12769
-12748
-12727
-12706
-12685
-12664
-12643
-12622
-12594
-12175
-11756
-11337
-10918
-10499
-10080
-9661
-9237
-8526
-7815
-7104
-6393
-5682
-4971
-4260
-3546
-2723
-1900
-1077
-254
569
1392
2215
3039
3766
4493
5220
5947
6674
7401
8128
8857
9304
9751
10198
10645
11092
11539
11986
12438
12492
12546
12600
12654
12708
12762
12816
12877
12526
12175
11824
11473
11122
10771
10420
10063
9394
8725
8056
7387
6718
6049
5380
4707
3889
3071
2253
1435
617
-201
-1019
-1838
-2598
-3358
-4118
-4878
-5638
-6398
-7158
-7919
-8429
-8939
-9449
-9959
-10469
-10979
-11489
-11999
-12130
-12261
-12392
-12523
-12654
-12785
-12916
-13049
-12768
-12487
-12206
-11925
-11644
-11363
-11082
-10801
-10179
-9557
-8935
-8313
-7691
-7069
-6447
-5825
-5020
-4215
-3410
-2605
-1800
-995
-190
622
1408
2194
2980
3766
4552
5338
6124
6912
7480
8048
8616
9184
9752
10320
10888
11457
11663
11869
12075
12281
12487
12693
12899
13107
12900
12693
12486
12279
12072
11865
11658
11445
10876
10307
9738
9169
8600
8031
7462
6892
6106
5320
4534
3748
2962
2176
1390
598
-207
-1012
-1817
-2622
-3427
-4232
-5037
-5847
-6468
-7089
-7710
-8331
-8952
-9573
-10194
-10815
-11094
-11373
-11652
-11931
-12210
-12489
-12768
-13051
-12919
-12787
-12655
-12523
-12391
-12259
-12127
-11989
-11478
-10967
-10456
-9945
-9434
-8923
-8412
-7898
-7138
-6378
-5618
-4858
-4098
-3338
-2578
-1812
-994
-176
642
1460
2278
3096
3914
4732
5400
6068
6736
7404
8072
8740
9408
10081
10431
10781
11131
11481
11831
12181
12531
12883
12827
12771
12715
12659
12603
12547
12491
12429
11980
11531
11082
10633
10184
9735
9286
8835
8107
7379
6651
5923
5195
4467
3739
3009
2186
1363
540
-283
-1106
-1929
-2752
-3577
-4287
-4997
-5707
-6417
-7127
-7837
-8547
-9260
-9677
-10094
-10511
-10928
-11345
-11762
-12179
-12603
-12622
-12641
-12660
-12679
-12698
-12717
-12736
-12761
-12378
-11995
-11612
-11229
-10846
-10463
-10080
-9695
-9006
-8317
-7628
-6939
-6250
-5561
-4872
-4179
-3358
-2537
-1716
-895
-74
747
1568
2393
3139
3885
4631
5377
6123
6869
7615
8361
8842
9323
9804
10285
10766
11247
11728
12215
12311
12407
12503
12599
12695
12791
12887
12983
12669
12355
12041
11727
11413
11099
10785
10470
9826
9182
8538
7894
7250
6606
5962
5311
4499
3687
2875
2063
1251
439
-373
-1189
-1964
-2739
-3514
-4289
-5064
-5839
-6614
-7390
-7931
-8472
-9013
-9554
-10095
-10636
-11177
-11723
-11894
-12065
-12236
-12407
-12578
-12749
-12920
-13094
-12852
-12610
-12368
-12126
-11884
-11642
-11400
-11155
-10561
-9967
-9373
-8779
-8185
-7591
-6997
-6398
-5602
-4806
-4010
-3214
-2418
-1622
-826
-23
774
1571
2368
3165
3962
4759
5556
6357
6953
7549
8145
8741
9337
9933
10529
11131
11376
11621
11866
12111
12356
12601
12846
13092
12924
12756
12588
12420
12252
12084
11916
11744
11205
10666
10127
9588
9049
8510
7971
7428
6654
5880
5106
4332
3558
2784
2010
1235
422
-391
-1204
-2017
-2830
-3643
-4456
-5270
-5916
-6562
-7208
-7854
-8500
-9146
-9792
-10443
-10759
-11075
-11391
-11707
-12023
-12339
-12655
-12977
-12884
-12791
-12698
-12605
-12512
-12419
-12326
-12231
-11752
-11273
-10794
-10315
-9836
-9357
-8878
-8394
-7649
-6904
-6159
-5414
-4669
-3924
-3179
-2434
-1613
-792
29
850
1671
2492
3313
4139
4830
5521
6212
6903
7594
8285
8976
9668
10053
10438
10823
11208
11593
11978
12363
12752
12735
12718
12701
12684
12667
12650
12633
12614
12199
11784
11369
10954
10539
10124
9709
9287
8578
7869
7160
6451
5742
5033
4324
3612
2789
1966
1143
320
-503
-1326
-2149
-2974
-3703
-4432
-5161
-5890
-6619
-7348
-8077
-8810
-9261
-9712
-10163
-10614
-11065
-11516
-11967
-12419
-12477
-12535
-12593
-12651
-12709
-12767
-12825
-12888
-12540
-12192
-11844
-11496
-11148
-10800
-10452
-10100
-9433
-8766
-8099
-7432
-6765
-6098
-5431
-4758
-3941
-3124
-2307
-1490
-673
144
961
1785
2546
3307
4068
4829
5590
6351
7112
7879
8391
8903
9415
9927
10439
10951
11463
11980
12114
12248
12382
12516
12650
12784
12918
13053
12775
12497
12219
11941
11663
11385
11107
10826
10206
9586
8966
8346
7726
7106
6486
5862
5057
4252
3447
2642
1837
1032
227
-582
-1369
-2156
-2943
-3730
-4517
-5304
-6091
-6881
-7450
-8019
-8588
-9157
-9726
-10295
-10864
-11440
-11648
-11856
-12064
-12272
-12480
-12688
-12896
-13107
-12902
-12697
-12492
-12287
-12082
-11877
-11672
-11460
-10892
-10324
-9756
-9188
-8620
-8052
-7484
-6916
-6130
-5344
-4558
-3772
-2986
-2200
-1414
-623
183
989
1795
2601
3407
4213
5019
5826
6448
7070
7692
8314
8936
9558
10180
10803
11083
11363
11643
11923
12203
12483
12763
13049
12918
12787
12656
12525
12394
12263
12132
11996
11486
10976
10466
9956
9446
8936
8426
7910
7150
6390
5630
4870
4110
3350
2590
1824
1006
188
-630
-1448
-2266
-3084
-3902
-4723
-5392
-6061
-6730
-7399
-8068
-8737
-9406
-10076
-10426
-10776
-11126
-11476
-11826
-12176
-12526
-12882
-12826
-12770
-12714
-12658
-12602
-12546
-12490
-12430
-11981
-11532
-11083
-10634
-10185
-9736
-9287
-8836
-8108
-7380
-6652
-5924
-5196
-4468
-3740
-3008
-2185
-1362
-539
284
1107
1930
2753
3581
4291
5001
5711
6421
7131
7841
8551
9264
9681
10098
10515
10932
11349
11766
12183
12605
12624
12643
12662
12681
12700
12719
12738
12759
12375
11991
11607
11223
10839
10455
10071
9687
8997
8307
7617
6927
6237
5547
4857
4165
3344
2523
1702
881
60
-761
-1582
-2409
-3154
-3899
-4644
-5389
-6134
-6879
-7624
-8375
-8856
-9337
-9818
-10299
-10780
-11261
-11742
-12223
-12317
-12411
-12505
-12599
-12693
-12787
-12881
-12980
-12665
-12350
-12035
-11720
-11405
-11090
-10775
-10455
-9809
-9163
-8517
-7871
-7225
-6579
-5933
-5286
-4473
-3660
-2847
-2034
-1221
-408
405
1219
1993
2767
3541
4315
5089
5863
6637
7417
7957
8497
9037
9577
10117
10657
11197
11739
11908
12077
12246
12415
12584
12753
12922
13092
12848
12604
12360
12116
11872
11628
11384
11135
10539
9943
9347
8751
8155
7559
6963
6361
5564
4767
3970
3173
2376
1579
782
-20
-817
-1614
-2411
-3208
-4005
-4802
-5599
-6397
-6991
-7585
-8179
-8773
-9367
-9961
-10555
-11156
-11398
-11640
-11882
-12124
-12366
-12608
-12850
-13094
-12923
-12752
-12581
-12410
-12239
-12068
-11897
-11720
-11178
-10636
-10094
-9552
-9010
-8468
-7926
-7383
-6608
-5833
-5058
-4283
-3508
-2733
-1958
-1178
-366
446
1258
2070
2882
3694
4506
5324
5968
6612
7256
7900
8544
9188
9832
10481
10794
11107
11420
11733
12046
12359
12672
12986
12889
12792
12695
12598
12501
12404
12307
12207
11724
11241
10758
10275
9792
9309
8826
8341
7594
6847
6100
5353
4606
3859
3112
2365
1544
723
-98
-919
-1740
-2561
-3382
-4208
-4896
-5584
-6272
-6960
-7648
-8336
-9024
-9718
-10099
-10480
-10861
-11242
-11623
-12004
-12385
-12770
-12748
-12726
-12704
-12682
-12660
-12638
-12616
-12592
-12172
-11752
-11332
-10912
-10492
-10072
-9652
-9229
-8517
-7805
-7093
-6381
-5669
-4957
-4245
-3531
-2708
-1885
-1062
-239
584
1407
2230
3058
3785
4512
5239
5966
6693
7420
8147
8876
9322
9768
10214
10660
11106
11552
11998
12448
12500
12552
12604
12656
12708
12760
12812
12871
12517
12163
11809
11455
11101
10747
10393
10039
9368
8697
8026
7355
6684
6013
5342
4667
3849
3031
2213
1395
577
-241
-1059
-1884
-2643
-3402
-4161
-4920
-5679
-6438
-7197
-7960
-8467
-8974
-9481
-9988
-10495
-11002
-11509
-12022
-12149
-12276
-12403
-12530
-12657
-12784
-12911
-13043
-12759
-12475
-12191
-11907
-11623
-11339
-11055
-10765
-10140
-9515
-8890
-8265
-7640
-7015
-6390
-5763
-4956
-4149
-3342
-2535
-1728
-921
-114
695
1480
2265
3050
3835
4620
5405
6190
6979
7543
8107
8671
9235
9799
10363
10927
11497
11698
11899
12100
12301
12502
12703
12904
13106
12893
12680
12467
12254
12041
11828
11615
11400
10827
10254
9681
9108
8535
7962
7389
6810
6021
5232
4443
3654
2865
2076
1287
497
-307
-1111
-1915
-2719
-3523
-4327
-5131
-5941
-6558
-7175
-7792
-8409
-9026
-9643
-10260
-10877
-11150
-11423
-11696
-11969
-12242
-12515
-12788
-13061
-12921
-12781
-12641
-12501
-12361
-12221
-12081
-11941
-11424
-10907
-10390
-9873
-9356
-8839
-8322
-7800
-7036
-6272
-5508
-4744
-3980
-3216
-2452
-1685
-868
-51
766
1583
2400
3217
4034
4855
5519
6183
6847
7511
8175
8839
9503
10168
10510
10852
11194
11536
11878
12220
12562
12908
12843
12778
12713
12648
12583
12518
12453
12382
11925
11468
11011
10554
10097
9640
9183
8724
7991
7258
6525
5792
5059
4326
3593
2858
2035
1212
389
-434
-1257
-2080
-2903
-3730
-4435
-5140
-5845
-6550
-7255
-7960
-8665
-9375
-9784
-10193
-10602
-11011
-11420
-11829
-12238
-12648
-12657
-12666
-12675
-12684
-12693
-12702
-12711
-12721
-12328
-11935
-11542
-11149
-10756
-10363
-9970
-9575
-8879
-8183
-7487
-6791
-6095
-5399
-4703
-4006
-3184
-2362
-1540
-718
104
926
1748
2575
3316
4057
4798
5539
6280
7021
7762
8506
8978
9450
9922
10394
10866
11338
11810
12285
12368
12451
12534
12617
12700
12783
12866
12955
12629
12303
11977
11651
11325
10999
10673
10347
9694
9041
8388
7735
7082
6429
5776
5120
4305
3490
2675
1860
1045
230
-585
-1401
-2171
-2941
-3711
-4481
-5251
-6021
-6791
-7568
-8099
-8630
-9161
-9692
-10223
-10754
-11285
-11821
-11978
-12135
-12292
-12449
-12606
-12763
-12920
-13082
-12826
-12570
-12314
-12058
-11802
-11546
-11290
-11032
-10427
-9822
-9217
-8612
-8007
-7402
-6797
-6191
-5391
-4591
-3791
-2991
-2191
-1391
-591
216
1010
1804
2598
3392
4186
4980
5774
6569
7155
7741
8327
8913
9499
10085
10671
11260
11490
11720
11950
12180
12410
12640
12870
13101
12917
12733
12549
12365
12181
11997
11813
11627
11075
10523
9971
9419
8867
8315
7763
7210
6430
5650
4870
4090
3310
2530
1750
969
159
-651
-1461
-2271
-3081
-3891
-4701
-5517
-6153
-6789
-7425
-8061
-8697
-9333
-9969
-10608
-10908
-11208
-11508
-11808
-12108
-12408
-12708
-13014
-12903
-12792
-12681
-12570
-12459
-12348
-12237
-12126
-11632
-11138
-10644
-10150
-9656
-9162
-8668
-8170
-7417
-6664
-5911
-5158
-4405
-3652
-2899
-2145
-1325
-505
315
1135
1955
2775
3595
4421
5102
5783
6464
7145
7826
8507
9188
9869
10237
10605
10973
11341
11709
12077
12445
12820
12784
12748
12712
12676
12640
12604
12568
12526
12093
11660
11227
10794
10361
9928
9495
9061
8342
7623
6904
6185
5466
4747
4028
3303
2479
1655
831
7
-817
-1641
-2465
-3290
-4010
-4730
-5450
-6170
-6890
-7610
-8330
-9051
-9484
-9917
-10350
-10783
-11216
-11649
-12082
-12522
-12559
-12596
-12633
-12670
-12707
-12744
-12781
-12822
-12454
-12086
-11718
-11350
-10982
-10614
-10246
-9878
-9198
-8518
-7838
-7158
-6478
-5798
-5118
-4433
-3613
-2793
-1973
-1153
-333
487
1307
2133
2886
3639
4392
5145
5898
6651
7404
8160
8655
9150
9645
10140
10635
11130
11625
12122
12233
12344
12455
12566
12677
12788
12899
13015
12715
12415
12115
11815
11515
11215
10915
10613
9977
9341
8705
8069
7433
6797
6161
5525
4715
3905
3095
2285
1475
665
-145
-960
-1740
-2520
-3300
-4080
-4860
-5640
-6420
-7204
-7756
-8308
-8860
-9412
-9964
-10516
-11068
-11624
-11808
-11992
-12176
-12360
-12544
-12728
-12912
-13101
-12872
-12643
-12414
-12185
-11956
-11727
-11498
-11262
-10676
-10090
-9504
-8918
-8332
-7746
-7160
-6572
-5778
-4984
-4190
-3396
-2602
-1808
-1014
-218
583
1384
2185
2986
3787
4588
5389
6190
6795
7400
8005
8610
9215
9820
10425
11033
11289
11545
11801
12057
12313
12569
12825
13082
12925
12768
12611
12454
12297
12140
11983
11819
11288
10757
10226
9695
9164
8633
8102
7564
6793
6022
5251
4480
3709
2938
2167
1395
580
-235
-1050
-1865
-2680
-3495
-4310
-5128
-5781
-6434
-7087
-7740
-8393
-9046
-9699
-10352
-10677
-11002
-11327
-11652
-11977
-12302
-12627
-12956
-12872
-12788
-12704
-12620
-12536
-12452
-12368
-12280
-11807
-11334
-10861
-10388
-9915
-9442
-8969
-8495
-7753
-7011
-6269
-5527
-4785
-4043
-3301
-2559
-1737
-915
-93
729
1551
2373
3195
4024
4719
5414
6109
6804
7499
8194
8889
9589
9981
10373
10765
11157
11549
11941
12333
12727
12717
12707
12697
12687
12677
12667
12657
12642
12232
11822
11412
11002
10592
10182
9772
9356
8650
7944
7238
6532
5826
5120
4414
3701
2878
2055
1232
409
-414
-1237
-2060
-2890
-3622
-4354
-5086
-5818
-6550
-7282
-8014
-8750
-9205
-9660
-10115
-10570
-11025
-11480
-11935
-12395
-12458
-12521
-12584
-12647
-12710
-12773
-12836
-12901
-12556
-12211
-11866
-11521
-11176
-10831
-10486
-10140
-9474
-8808
-8142
-7476
-6810
-6144
-5478
-4812
-3994
-3176
-2358
-1540
-722
96
914
1733
2496
3259
4022
4785
5548
6311
7074
7841
8356
8871
9386
9901
10416
10931
11446
11963
12099
12235
12371
12507
12643
12779
12915
13056
12780
12504
12228
11952
11676
11400
11124
10843
10224
9605
8986
8367
7748
7129
6510
5884
5078
4272
3466
2660
1854
1048
242
-564
-1352
-2140
-2928
-3716
-4504
-5292
-6080
-6870
-7440
-8010
-8580
-9150
-9720
-10290
-10860
-11436
-11644
-11852
-12060
-12268
-12476
-12684
-12892
-13107
-12901
-12695
-12489
-12283
-12077
-11871
-11665
-11458
-10890
-10322
-9754
-9186
-8618
-8050
-7482
-6907
-6120
-5333
-4546
-3759
-2972
-2185
-1398
-608
198
1004
1810
2616
3422
4228
5034
5845
6466
7087
7708
8329
8950
9571
10192
10819
11098
11377
11656
11935
12214
12493
12772
13052
12918
12784
12650
12516
12382
12248
12114
11980
11467
10954
10441
9928
9415
8902
8389
7875
7113
6351
5589
4827
4065
3303
2541
1774
956
138
-680
-1498
-2316
-3134
-3952
-4775
-5442
-6109
-6776
-7443
-8110
-8777
-9444
-10115
-10462
-10809
-11156
-11503
-11850
-12197
-12544
-12894
-12834
-12774
-12714
-12654
-12594
-12534
-12474
-12407
-11954
-11501
-11048
-10595
-10142
-9689
-9236
-8778
-8047
-7316
-6585
-5854
-5123
-4392
-3661
-2925
-2101
-1277
-453
371
1195
2019
2843
3667
4375
5083
5791
6499
7207
7915
8623
9332
9744
10156
10568
10980
11392
11804
12216
12633
12645
12657
12669
12681
12693
12705
12717
12734
12344
11954
11564
11174
10784
10394
10004
9610
8916
8222
7528
6834
6140
5446
4752
4052
3230
2408
1586
764
-58
-880
-1702
-2531
-3274
-4017
-4760
-5503
-6246
-6989
-7732
-8475
-8949
-9423
-9897
-10371
-10845
-11319
-11793
-12271
-12357
-12443
-12529
-12615
-12701
-12787
-12873
-12960
-12636
-12312
-11988
-11664
-11340
-11016
-10692
-10366
-9714
-9062
-8410
-7758
-7106
-6454
-5802
-5146
-4331
-3516
-2701
-1886
-1071
-256
559
1377
2148
2919
3690
4461
5232
6003
6774
7551
8083
8615
9147
9679
10211
10743
11275
11813
11971
12129
12287
12445
12603
12761
12919
13083
12828
12573
12318
12063
11808
11553
11298
11038
10433
9828
9223
8618
8013
7408
6803
6197
5396
4595
3794
2993
2192
1391
590
-212
-1006
-1800
-2594
-3388
-4182
-4976
-5770
-6569
-7155
-7741
-8327
-8913
-9499
-10085
-10671
-11262
-11491
-11720
-11949
-12178
-12407
-12636
-12865
-13101
-12917
-12733
-12549
-12365
-12181
-11997
-11813
-11622
-11070
-10518
-9966
-9414
-8862
-8310
-7758
-7199
-6419
-5639
-4859
-4079
-3299
-2519
-1739
-952
-141
670
1481
2292
3103
3914
4725
5536
6171
6806
7441
8076
8711
9346
9981
10622
10921
11220
11519
11818
12117
12416
12715
13017
12905
12793
12681
12569
12457
12345
12233
12114
11618
11122
10626
10130
9634
9138
8642
8142
7388
6634
5880
5126
4372
3618
2864
2108
1287
466
-355
-1176
-1997
-2818
-3639
-4460
-5139
-5818
-6497
-7176
-7855
-8534
-9213
-9899
-10265
-10631
-10997
-11363
-11729
-12095
-12461
-12830
-12790
-12750
-12710
-12670
-12630
-12590
-12550
-12510
-12074
-11638
-11202
-10766
-10330
-9894
-9458
-9021
-8300
-7579
-6858
-6137
-5416
-4695
-3974
-3246
-2422
-1598
-774
50
874
1698
2522
3350
4068
4786
5504
6222
6940
7658
8376
9099
9529
9959
10389
10819
11249
11679
12109
12542
12575
12608
12641
12674
12707
12740
12773
12807
12435
12063
11691
11319
10947
10575
10203
9828
9145
8462
7779
7096
6413
5730
5047
4358
3537
2716
1895
1074
253
-568
-1389
-2215
-2966
-3717
-4468
-5219
-5970
-6721
-7472
-8228
-8719
-9210
-9701
-10192
-10683
-11174
-11665
-12156
-12262
-12368
-12474
-12580
-12686
-12792
-12898
-13004
-12698
-12392
-12086
-11780
-11474
-11168
-10862
-10556
-9916
-9276
-8636
-7996
-7356
-6716
-6076
-5434
-4622
-3810
-2998
-2186
-1374
-562
250
1064
1842
2620
3398
4176
4954
5732
6510
7293
7840
8387
8934
9481
10028
10575
11122
11675
11852
12029
12206
12383
12560
12737
12914
13098
12861
12624
12387
12150
11913
11676
11439
11202
10611
10020
9429
8838
8247
7656
7065
6467
5671
4875
4079
3283
2487
1691
895
94
-705
-1504
-2303
-3102
-3901
-4700
-5499
-6303
-6903
-7503
-8103
-8703
-9303
-9903
-10503
-11103
-11351
-11599
-11847
-12095
-12343
-12591
-12839
-13089
-12923
-12757
-12591
-12425
-12259
-12093
-11927
-11759
-11221
-10683
-10145
-9607
-9069
-8531
-7993
-7448
-6674
-5900
-5126
-4352
-3578
-2804
-2030
-1250
-436
378
1192
2006
2820
3634
4448
5264
5911
6558
7205
7852
8499
9146
9793
10445
10761
11077
11393
11709
12025
12341
12657
12979
12885
12791
12697
12603
12509
12415
12321
12224
11743
11262
10781
10300
9819
9338
8857
8370
7624
6878
6132
5386
4640
3894
3148
2396
1574
752
-70
-892
-1714
-2536
-3358
-4185
-4875
-5565
-6255
-6945
-7635
-8325
-9015
-9707
-10089
-10471
-10853
-11235
-11617
-11999
-12381
-12768
-12747
-12726
-12705
-12684
-12663
-12642
-12621
-12593
-12173
-11753
-11333
-10913
-10493
-10073
-9653
-9226
-8513
-7800
-7087
-6374
-5661
-4948
-4235
-3521
-2697
-1873
-1049
-225
599
1423
2247
3075
3802
4529
5256
5983
6710
7437
8164
8893
9338
9783
10228
10673
11118
11563
12008
12457
12507
12557
12607
12657
12707
12757
12807
12864
12508
12152
11796
11440
11084
10728
10372
10010
9337
8664
7991
7318
6645
5972
5299
4619
3799
2979
2159
1339
519
-301
-1121
-1942
-2700
-3458
-4216
-4974
-5732
-6490
-7248
-8012
-8516
-9020
-9524
-10028
-10532
-11036
-11540
-12051
-12174
-12297
-12420
-12543
-12666
-12789
-12912
-13035
-12745
-12455
-12165
-11875
-11585
-11295
-11005
-10715
-10086
-9457
-8828
-8199
-7570
-6941
-6312
-5679
-4870
-4061
-3252
-2443
-1634
-825
-16
796
1580
2364
3148
3932
4716
5500
6284
7069
7629
8189
8749
9309
9869
10429
10989
11551
11745
11939
12133
12327
12521
12715
12909
13105
12884
12663
12442
12221
12000
11779
11558
11337
10757
10177
9597
9017
8437
7857
7277
6694
5902
5110
4318
3526
2734
1942
1150
355
-448
-1251
-2054
-2857
-3660
-4463
-5266
-6073
-6684
-7295
-7906
-8517
-9128
-9739
-10350
-10963
-11226
-11489
-11752
-12015
-12278
-12541
-12804
-13074
-12924
-12774
-12624
-12474
-12324
-12174
-12024
-11870
-11344
-10818
-10292
-9766
-9240
-8714
-8188
-7657
-6888
-6119
-5350
-4581
-3812
-3043
-2274
-1503
-687
129
945
1761
2577
3393
4209
5031
5688
6345
7002
7659
8316
8973
9630
10291
10622
10953
11284
11615
11946
12277
12608
12942
12864
12786
12708
12630
12552
12474
12396
12311
11843
11375
10907
10439
9971
9503
9035
8560
7820
7080
6340
5600
4860
4120
3380
2638
1815
992
169
-654
-1477
-2300
-3123
-3952
-4650
-5348
-6046
-6744
-7442
-8140
-8838
-9540
-9936
-10332
-10728
-11124
-11520
-11916
-12312
-12710
-12704
-12698
-12692
-12686
-12680
-12674
-12668
-12658
-12251
-11844
-11437
-11030
-10623
-10216
-9809
-9396
-8691
-7986
-7281
-6576
-5871
-5166
-4461
-3752
-2928
-2104
-1280
-456
368
1192
2016
2843
3577
4311
5045
5779
6513
7247
7981
8718
9176
9634
10092
10550
11008
11466
11924
12382
12447
12512
12577
12642
12707
12772
12837
12907
12564
12221
11878
11535
11192
10849
10506
10159
9494
8829
8164
7499
6834
6169
5504
4835
4017
3199
2381
1563
745
-73
-891
-1713
-2477
-3241
-4005
-4769
-5533
-6297
-7061
-7829
-8345
-8861
-9377
-9893
-10409
-10925
-11441
-11959
-12096
-12233
-12370
-12507
-12644
-12781
-12918
-13057
-12781
-12505
-12229
-11953
-11677
-11401
-11125
-10844
-10224
-9604
-8984
-8364
-7744
-7124
-6504
-5881
-5075
-4269
-3463
-2657
-1851
-1045
-239
572
1360
2148
2936
3724
4512
5300
6088
6881
7451
8021
8591
9161
9731
10301
10871
11445
11652
11859
12066
12273
12480
12687
12894
13107
13107
13107
13107
13107
13107
13107
13107