0001100110011001
0001100101110101
0001100100001010
0001100001011000
0001011101100001
0001011000101000
0001010010110000
0001001011111110
0001000100010101
0000111011111100
0000110010110111
0000101001001111
0000011111001000
0000010100101011
0000001001111110
1111111111001011
1111110100010111
1111101001101011
1111011111001111
1111010101001010
1111001011100011
1111000010100001
1110111010001100
1110110010101000
1110101011111101
1110100110001101
1110100001011111
1110011101110101
1110011011010011
1110011001111001
1110011001101010
1110011010100110
1110011100101100
1110011111111010
1110100100010000
1110101001101000
1110110000000001
1110110111010100
1110111111011110
1111001000010111
1111010001111010
1111011011111111
1111100110011111
1111110001010011
1111111100010010
0000000111010100
0000010010010001
0000011101000001
0000100111011100
0000110001011010
0000111010110011
0001000011100001
0001001011011100
0001010010011111
0001011000100101
0001011101100111
0001100001100100
0001100100010111
0001100101111110
0001100110011000
0001100101100101
0001100011100100
0001100000010111
0001011100000010
0001010110100110
0001010000000111
0001001000101011
0001000000011000
0000110111010010
0000101101100010
0000100011001111
0000011000100000
0000001101011101
0000000010010000
1111110111000010
1111101011111001
1111100000111111
1111010110011101
1111001100011011
1111000011000000
1110111010010101
1110110010011111
1110101011100101
1110100101101101
1110100000111100
1110011101010100
1110011010111010
1110011001101111
1110011001110100
1110011011001001
1110011101101110
1110100001100001
1110100110011110
1110101100100010
1110110011101001
1110111011101100
1111000100100110
1111001110001111
1111011000100001
1111100011010010
1111101110011010
1111111001110010
0000000101001101
0000010000100110
0000011011110010
0000100110101000
0000110000111111
0000111010110000
0001000011110001
0001001011111100
0001010011001011
0001011001010110
0001011110011001
0001100010010000
0001100100111000
0001100110001101
0001100110010000
0001100100111111
0001100010011100
0001011110101000
0001011001100111
0001010011011101
0001001100001101
0001000011111111
0000111010111001
0000110001000010
0000100110100010
0000011011100010
0000010000001011
0000000100100110
1111111000111110
1111101101011010
1111100010000101
1111010111001001
1111001100101110
1111000010111101
1110111001111111
1110110001111011
1110101010111000
1110100100111100
1110100000001100
1110011100101100
1110011010011111
1110011001101000
1110011010000111
1110011011111011
1110011111000100
1110100011011111
1110101001001001
1110101111111100
1110110111110100
1111000000101001
1111001010010100
1111010100101101
1111011111101100
1111101011000111
1111110110110100
0000000010101000
0000001110011011
0000011010000011
0000100101010100
0000110000000110
0000111010001111
0001000011100110
0001001100000100
0001010011100000
0001011001110100
0001011110111010
0001100010101111
0001100101001110
0001100110010101
0001100110000011
0001100100011001
0001100001010111
0001011100111111
0001010111010111
0001010000100001
0001001000100101
0000111111101001
0000110101110101
0000101011010001
0000100000000111
0000010100011111
0000001000100110
1111111100100101
1111110000100110
1111100100110100
1111011001011010
1111001110100001
1111000100010100
1110111010111100
1110110010100001
1110101011001011
1110100101000000
1110100000000110
1110011100100010
1110011010010111
1110011001100111
1110011010010011
1110011100011010
1110011111111011
1110100100110011
1110101010111101
1110110010010100
1110111010110010
1111000100001111
1111001110100010
1111011001100010
1111100101000110
1111110001000011
1111111101001110
0000001001011011
0000010101100001
0000100001010011
0000101100101000
0000110111010100
0001000001001101
0001001010001100
0001010010000110
0001011000110101
0001011110010010
0001100010011001
0001100101000101
0001100110010100
0001100110000100
0001100100010101
0001100001001010
0001011100100100
0001010110100111
0001001111011010
0001000111000011
0000111101101001
0000110011010101
0000101000010000
0000011100100110
0000010000100000
0000000100001010
1111110111110001
1111101011011111
1111011111011111
1111010011111101
1111001001000101
1110111111000000
1110110101111000
1110101101110110
1110100111000010
1110100001100010
1110011101011011
1110011010110010
1110011001101010
1110011010000011
1110011011111101
1110011111010111
1110100100001110
1110101010011101
1110110001111110
1110111010101010
1111000100011001
1111001111000010
1111011010011011
1111100110011000
1111110010101111
1111111111010010
0000001011110110
0000011000010000
0000100100010011
0000101111110011
0000111010100100
0001000100011110
0001001101010101
0001010101000000
0001011011011001
0001100000011001
0001100011111011
0001100101111011
0001100110010111
0001100101001110
0001100010100010
0001011110010101
0001011000101010
0001010001101000
0001001001010101
0000111111111010
0000110101011110
0000101010001110
0000011110010011
0000010001111001
0000000101001101
1111111000011101
1111101011110011
1111011111011100
1111010011100101
1111001000011011
1110111110001000
1110110100110110
1110101100110000
1110100101111100
1110100000100100
1110011100101011
1110011010010110
1110011001100111
1110011010100000
1110011100111111
1110100001000011
1110100110101000
1110101101100111
1110110101111010
1110111111011000
1111001001111001
1111010101010010
1111100001010110
1111101101111010
1111111010110001
0000000111101101
0000010100100010
0000100001000011
0000101101000010
0000111000010100
0001000010101011
0001001011111111
0001010100000100
0001011010110011
0001100000000100
0001100011110010
0001100101111001
0001100110010110
0001100101001001
0001100010010011
0001011101110110
0001010111111000
0001010000011110
0001000111101111
0000111101110101
0000110010111010
0000100111001001
0000011010101111
0000001101111001
0000000000110011
1111110011101101
1111100110110010
1111011010010010
1111001110011001
1111000011010100
1110111001001111
1110110000010101
1110101000101110
1110100010100100
1110011101111101
1110011010111110
1110011001101011
1110011010000100
1110011100001011
1110011111111100
1110100101010100
1110101100001101
1110110100100000
1110111110000100
1111001000110000
1111010100010111
1111100000101110
1111101101100111
1111111010110100
0000001000000110
0000010101010001
0000100010000101
0000101110010101
0000111001110011
0001000100010011
0001001101101000
0001010101101010
0001011100001111
0001100001001111
0001100100100110
0001100110001110
0001100110000111
0001100100010000
0001100000101100
0001011011011101
0001010100101001
0001001100011000
0001000010110011
0000111000000100
0000101100010111
0000011111111000
0000010010110110
0000000101011110
1111111000000001
1111101010101011
1111011101101101
1111010001010100
1111000101101110
1110111011001010
1110110001110001
1110101001110000
1110100011001110
1110011110010101
1110011011001000
1110011001101100
1110011010000011
1110011100001100
1110100000000110
1110100101101100
1110101100111000
1110110101100001
1110111111011111
1111001010100111
1111010110101011
1111100011011110
1111110000110010
1111111110011000
0000001011111111
0000011001011010
0000100110011000
0000110010101011
0000111110000101
0001001000011000
0001010001011001
0001011000111101
0001011110111011
0001100011001101
0001100101101101
0001100110011000
0001100101001110
0001100010001110
0001011101011110
0001010111000010
0001001111000000
0001000101100100
0000111010110110
0000101111000100
0000100010011011
0000010101001001
0000000111011111
1111111001101100
1111101100000000
1111011110101010
1111010001111010
1111000110000000
1110111011001010
1110110001100011
1110101001011001
1110100010110011
1110011101111011
1110011010110110
1110011001101000
1110011010010011
1110011100110101
1110100001001101
1110100111010100
1110101111000101
1110111000010110
1111000010111100
1111001110101011
1111011011010101
1111101000101011
1111110110011101
0000000100011010
0000010010010011
0000011111110110
0000101100110100
0000111000111101
0001000100000010
0001001101110110
0001010110001101
0001011100111101
0001100001111101
0001100101000111
0001100110011000
0001100101101101
0001100011000111
0001011110101010
0001011000011010
0001010000011110
0001000111000001
0000111100001110
0000110000010001
0000100011011001
0000010101110101
0000000111110110
1111111001101111
1111101011101101
1111011110000100
1111010001000100
1111000100111101
1110111001111110
1110110000010101
1110101000001101
1110100001110001
1110011101001000
1110011010011001
1110011001101000
1110011010110100
1110011101111110
1110100011000001
1110101001110111
1110110010011001
1110111100011010
1111000111110000
1111010100001101
1111100001100000
1111101111011010
1111111101101000
0000001011111010
0000011001111101
0000100111100001
0000110100010100
0001000000000101
0001001010100111
0001010011101011
0001011011000111
0001100000110000
0001100100011111
0001100110010000
0001100110000000
0001100011101111
0001011111100000
0001011001011000
0001010001011111
0001000111111110
0000111101000001
0000110000110111
0000100011101110
0000010101110111
0000000111100100
1111111001000111
1111101010110011
1111011100111000
1111001111101011
1111000011011010
1110111000010111
1110101110110000
1110100110110001
1110100000100100
1110011100010001
1110011001111111
1110011001110001
1110011011100110
1110011111011110
1110100101010010
1110101100111011
1110110110010001
1111000001000111
1111001101001110
1111011010011000
1111101000010011
1111110110101110
0000000101010100
0000010011110100
0000100001111100
0000101111010111
0000111011110101
0001000111000100
0001010000110111
0001011001000000
0001011111010101
0001100011101100
0001100110000001
0001100110001110
0001100100010110
0001100000011000
0001011010011100
0001010010100111
0001001001000101
0000111110000010
0000110001101100
0000100100010100
0000010110001011
0000000111100100
1111111000110100
1111101010001100
1111011100000000
1111001110100100
1111000010001010
1110110111000010
1110101101011100
1110100101100100
1110011111100101
1110011011100111
1110011001110000
1110011010000011
1110011100011111
1110100001000001
1110100111100100
1110101111111110
1110111010000101
1111000101101010
1111010010011111
1111100000010010
1111101110110001
1111111101101000
0000001100100001
0000011011001010
0000101001001111
0000110110011101
0001000010100000
0001001101001001
0001010110001000
0001011101010010
0001100010011101
0001100101100000
0001100110011000
0001100101000100
0001100001100101
0001011011111111
0001010100011010
0001001011000000
0000111111111111
0000110011100101
0000100110000011
0000010111101100
0000001000110100
1111111001110000
1111101010110100
1111011100010100
1111001110100110
1111000001111100
1110110110101000
1110101100111010
1110100101000000
1110011111000101
1110011011010001
1110011001101010
1110011010010011
1110011101001010
1110100010001101
1110101001010011
1110110010010011
1110111101000010
1111001001001111
1111010110101001
1111100100111111
1111110011111011
0000000011000111
0000010010010001
0000100001000001
0000101111000011
0000111100000010
0001000111101101
0001010001110001
0001011010000010
0001100000010010
0001100100011010
0001100110010010
0001100101110111
0001100011001011
0001011110010001
0001010111010000
0001001110010001
0001000011100010
0000110111010001
0000101001110000
0000011011010011
0000001100001110
1111111100111000
1111101101100101
1111011110101100
1111010000100011
1111000011011110
1110110111110001
1110101101101100
1110100101011110
1110011111010100
1110011011010110
1110011001101011
1110011010010100
1110011101010011
1110100010100001
1110101001111000
1110110011001110
1110111110010100
1111001010111011
1111011000110000
1111100111011111
1111110110110010
0000000110010011
0000010101101100
0000100100100101
0000110010101001
0000111111100010
0001001010111110
0001010100101011
0001011100011011
0001100010000011
0001100101011001
0001100110011001
0001100101000000
0001100001010010
0001011011010010
0001010011001010
0001001001000110
0000111101010101
0000110000000111
0000100001110001
0000010010101001
0000000011000011
1111110011011010
1111100100000010
1111010101010100
1111000111100110
1110111011001100
1110110000011001
1110100111011111
1110100000101001
1110011100000011
1110011001110101
1110011010000001
1110011100100111
1110100001100100
1110101000110001
1110110010000010
1110111101001010
1111001001111000
1111010111111001
1111100110111000
1111110110011101
0000000110010000
0000010101111011
0000100101000101
0000110011010111
0001000000011011
0001001011111011
0001010101101000
0001011101010010
0001100010101100
0001100101101110
0001100110010100
0001100100011100
0001100000001000
0001011001100001
0001010000101110
0001000101111111
0000111001100010
0000101011101100
0000011100110010
0000001101001011
1111111101010000
1111101101010111
1111011101111100
1111001111010101
1111000001111001
1110110101111110
1110101011110110
1110100011110010
1110011101111110
1110011010100100
1110011001101000
1110011011001101
1110011111010001
1110100101101101
1110101110010111
1110111001000010
1111000101011110
1111010011010110
1111100010010101
1111110010000011
0000000010000111
0000010010001001
0000100001101111
0000110000011111
0000111110000011
0001001010000101
0001010100010001
0001011100011000
0001100010001011
0001100101100010
0001100110010111
0001100100101000
0001100000011000
0001011001101110
0001010000110100
0001000101111000
0000111001001100
0000101011000011
0000011011110101
0000001011111001
1111111011101011
1111101011100011
1111011011111011
1111001101001101
1110111111110000
1110110011111011
1110101010000001
1110100010010010
1110011100111011
1110011010000101
1110011001110100
1110011100001010
1110100001000001
1110101000010100
1110110001110110
1110111101011000
1111001010100111
1111011001001110
1111101000110100
1111111001000001
0000001001011001
0000011001100011
0000101001000011
0000110111100001
0001000100100011
0001001111110101
0001011001000100
0001100000000000
0001100100011101
0001100110010101
0001100101100100
0001100010001011
0001011100001111
0001010011111010
0001001001011001
0000111100111111
0000101110111110
0000011111101111
0000001111101011
1111111111001101
1111101110101111
1111011110101110
1111001111100100
1111000001101010
1110110101011000
1110101011000011
1110100010111100
1110011101010001
1110011010001100
1110011001110001
1110011100000011
1110100000111101
1110101000010111
1110110010000110
1110111101111000
1111001011011010
1111011010010101
1111101010010001
1111111010110010
0000001011011011
0000011011110010
0000101011011011
0000111001111010
0001000110110111
0001010001111100
0001011010110101
0001100001010100
0001100101001101
0001100110011001
0001100100110110
0001100000100110
0001011001110001
0001010000100010
0001000101001000
0000110111110111
0000101001000110
0000011001001110
0000001000101010
1111110111111000
1111100111010010
1111010111010111
1111001000100001
1110111011001011
1110101111101011
1110100110010110
1110011111011101
1110011011001011
1110011001100111
1110011010110110
1110011110110100
1110100101011100
1110101110100010
1110111001110110
1111000111000101
1111010101110111
1111100101110100
1111110110011110
0000000111011001
0000011000001001
0000101000001110
0000110111001110
0001000100101101
0001010000010011
0001011001101100
0001100000101000
0001100100111001
0001100110011001
0001100101000100
0001100000111100
0001011010001001
0001010000110110
0001000101010011
0000110111110110
0000101000110101
0000011000101011
0000000111110100
1111110110110001
1111100101111100
1111010101110101
1111000110111001
1110111001100011
1110101110001010
1110100101000011
1110011110011111
1110011010101001
1110011001101001
1110011011100000
1110100000001100
1110100111100100
1110110001011011
1110111101100000
1111001011011101
1111011010111010
1111101011011001
1111111100011110
0000001101101001
0000011110011101
0000101110011010
0000111101000100
0001001001111111
0001010100110100
0001011101001111
0001100011000001
0001100101111111
0001100110000100
0001100011001110
0001011101100100
0001010101001111
0001001010011101
0000111101100011
0000101110111001
0000011110111000
0000001101111110
1111111100101011
1111101011011100
1111011010110011
1111001011001110
1110111101001010
1110110001000000
1110100111001000
1110011111110011
1110011011010000
1110011001100111
1110011010111011
1110011111001011
1110100110001110
1110101111110111
1110111011110110
1111001001110011
1111011001010101
1111101010000000
1111111011010100
0000001100110001
0000011101110111
0000101110000101
0000111100111111
0001001010000110
0001010101000011
0001011101100001
0001100011010001
0001100110000110
0001100101111100
0001100010110010
0001011100101110
0001010011111100
0001001000101100
0000111011010010
0000101100001000
0000011011101011
0000001010011001
1111111000110011
1111100111011010
1111010110101111
1111000111010010
1110111001100000
1110101101110011
1110100100100011
1110011110000000
1110011010010111
1110011001110000
1110011100001011
1110100001100101
1110101001110100
1110110100100111
1111000001101011
1111010000100110
1111100000111101
1111110010001111
0000000011111100
0000010101100010
0000100110011111
0000110110010011
0001000100011111
0001010000100111
0001011010010100
0001100001010011
0001100101010110
0001100110010110
0001100100010000
0001011111001000
0001010111000111
0001001100011101
0000111111011111
0000110000100101
0000100000001101
0000001110110101
1111111101000001
1111101011010010
1111011010001010
1111001010001100
1110111011110110
1110101111100110
1110100101110010
1110011110101110
1110011010101001
1110011001101010
1110011011110101
1110100001000011
1110101001001101
1110110100000001
1111000001001011
1111010000010010
1111100000110110
1111110010011001
0000000100010110
0000010110001100
0000100111010110
0000110111010011
0001000101100011
0001010001101001
0001011011001110
0001100001111101
0001100101101011
0001100110001110
0001100011100110
0001011101111000
0001010101001110
0001001001111010
0000111100010011
0000101100110010
0000011011111000
0000001010000101
1111110111111111
1111100110001000
1111010101000011
1111000101010101
1110110111011100
1110101011110101
1110100010110111
1110011100110100
1110011001111000
1110011010001011
1110011101101011
1110100100010010
1110101101110010
1110111001111001
1111001000001110
1111011000010101
1111101001101100
1111111011110001
0000001101111110
0000011111110000
0000110000100011
0000111111110010
0001001101000000
0001010111110010
0001011111110000
0001100100101011
0001100110011001
0001100100110101
0001100000000011
0001011000001100
0001001101100000
0001000000010101
0000110001000101
0000100000010000
0000001110011001
1111111100000100
1111101001110110
1111011000010101
1111001000000110
1110111001101010
1110101101011110
1110100011111101
1110011101011010
1110011010000011
1110011010000000
1110011101010000
1110100011101100
1110101101001001
1110111001010010
1111000111101111
1111011000000001
1111101001100111
1111111011111100
0000001110011001
0000100000011001
0000110001010110
0001000000101100
0001001101111100
0001011000101000
0001100000011011
0001100101000011
0001100110011000
0001100100010101
0001011111000000
0001010110100010
0001001011001110
0000111101011011
0000101101100111
0000011100010001
0000001010000000
1111110111011010
1111100101000100
1111010011100111
1111000011101000
1110110101101001
1110101010000111
1110100001011011
1110011011111000
1110011001101001
1110011010110101
1110011111011000
1110100111001001
1110110001111001
1110111111001111
1111001110101111
1111011111111010
1111110010001010
0000000100110110
0000010111011010
0000101001001100
0000111001100110
0001001000000101
0001010100001001
0001011101011000
0001100011011111
0001100110001111
0001100101100011
0001100001011100
0001011010000010
0001001111100101
0001000010011100
0000110011000011
0000100001111011
0000001111101001
1111111100110110
1111101010001000
1111011000001001
1111000111100000
1110111000110010
1110101100011111
1110100011000001
1110011100101110
1110011001110100
1110011010011000
1110011110011011
1110100101110011
1110110000010001
1110111101011110
1111001100111101
1111011110001101
1111110000100111
0000000011100010
0000010110010111
0000101000011011
0000111001000111
0001000111110101
0001010100000101
0001011101011100
0001100011100101
0001100110010001
0001100101011100
0001100001000101
0001011001011000
0001001110100100
0001000001000010
0000110001001111
0000011111101110
0000001101000110
1111111010000010
1111100111001001
1111010101001000
1111000100100101
1110110110000111
1110101010001110
1110100001010100
1110011011101110
1110011001101000
1110011011000111
1110100000001001
1110101000100010
1110110011111111
1111000010001000
1111010010011100
1111100100010111
1111110111010001
0000001010011101
0000011101010100
0000101111001001
0000111111010100
0001001101010000
0001011000011110
0001100000100100
0001100101001111
0001100110010100
0001100011110010
0001011101101101
0001010100010011
0001000111111001
0000111000111011
0000100111111011
0000010101100000
0000000010010011
1111101111000010
1111011100010110
1111001010111011
1110111011011001
1110101110010011
1110100100001001
1110011101010001
1110011001111011
1110011010010000
1110011110001110
1110100101101101
1110110000011100
1110111110000011
1111001110000010
1111011111110100
1111110010110010
0000000110001101
0000011001011011
0000101011101111
0000111100011110
0001001011000010
0001010110111000
0001011111100100
0001100100110011
0001100110011000
0001100100010000
0001011110011101
0001010101001111
0001001000111010
0000111001111011
0000101000110100
0000010110001110
0000000010110011
1111101111010010
1111011100010111
1111001010101111
1110111011000011
1110101101111001
1110100011101111
1110011100111110
1110011001110101
1110011010011100
1110011110110010
1110100110101110
1110110001111100
1111000000000010
1111010000100000
1111100010101110
1111110110000010
0000001001101101
0000011101000010
0000101111010100
0000111111110101
0001001101111111
0001011001010001
0001100001001110
0001100101100101
0001100110001010
0001100010111100
0001011100000010
0001010001101101
0001000100010100
0000110100011000
0000100010011111
0000001111010010
1111111011100010
1111100111111010
1111010101001101
1111000100000101
1110110101001101
1110101001001000
1110100000010011
1110011011000101
1110011001101001
1110011100000100
1110100010001111
1110101011111101
1110111000110110
1111001000011100
1111011010000111
1111101101001111
0000000001000100
0000010100111000
0000100111111001
0000111001011010
0001001000110000
0001010101010110
0001011110101101
0001100100011101
0001100110011001
0001100100011100
0001011110101001
0001010101010000
0001001000100110
0000111001001011
0000100111100100
0000010100011011
0000000000100000
1111101100100100
1111011001010111
1111000111101000
1110111000000010
1110101011001110
1110100001101001
1110011011101101
1110011001100111
1110011011011110
1110100001001100
1110101010100101
1110110111010000
1111000110110000
1111011000011110
1111101011101101
1111111111110000
0000010011110011
0000100111000110
0000111000111000
0001001000011110
0001010101010000
0001011110101110
0001100100100000
0001100110011001
0001100100010010
0001011110010010
0001010100100110
0001000111100110
0000110111110011
0000100101110101
0000010010010111
1111111110001100
1111101010000100
1111010110110010
1111000101001000
1110110101110001
1110101001010100
1110100000010001
1110011010111111
1110011001101011
1110011100011001
1110100011000010
1110101101010110
1110111010111010
1111001011001110
1111011101101000
1111110001011001
0000000101101110
0000011001110111
0000101100111110
0000111110010100
0001001101001011
0001011000111111
0001100001010001
0001100101101100
0001100110000011
0001100010010111
0001011010101111
0001001111100000
0001000001000110
0000110000000101
0000011101001001
0000001001000001
1111110100100011
1111100000100001
1111001101110000
1110111100111111
1110101110111001
1110100100000100
1110011100111011
1110011001110000
1110011010101101
1110011111101111
1110101000101010
1110110101000110
1111000100100011
1111010110011011
1111101001111110
1111111110011011
0000010010111100
0000100110101101
0000111000111010
0001001000110011
0001010101110000
0001011111001111
0001100100110110
0001100110010111
0001100011101101
0001011100111111
0001010010011111
0001000100101000
0000110011111101
0000100001001010
0000001100111111
1111111000010100
1111100011111011
1111010000101011
1110111111010111
1110110000101100
1110100101010001
1110011101100100
1110011001111010
1110011010011100
1110011111001010
1110100111110110
1110110100001100
1111000011101010
1111010101100111
1111101001010101
1111111101111111
0000010010101110
0000100110101100
0000111001000101
0001001001000111
0001010110000111
0001011111100011
0001100101000010
0001100110010100
0001100011010110
0001011100001111
0001010001010011
0001000010111110
0000110001110101
0000011110101000
0000001010001000
1111110101001110
1111100000101111
1111001101100100
1110111100011111
1110101110001110
1110100011011001
1110011100011100
1110011001101010
1110011011001011
1110100000111011
1110101010101011
1110111000000001
1111001000011001
1111011011001000
1111101111011010
0000000100011001
0000011001001101
0000101100111110
0000111110110101
0001001110000011
0001011001111101
0001100010000100
0001100110000001
0001100101101001
0001100000111110
0001011000001010
0001001011100111
0000111011110101
0000101001100001
0000010101011010
0000000000011001
1111101011011000
1111010111001101
1111000100110001
1110110100110111
1110101000001010
1110011111001110
1110011010011010
1110011001111101
1110011101111000
1110100110000000
1110110010000000
1111000001010111
1111010011011010
1111100111011000
1111111100011011
0000010001100111
0000100110000011
0000111000111000
0001001001001111
0001010110011101
0001011111111011
0001100101010001
0001100110001110
0001100010101111
0001011010111111
0001001111010010
0001000000001001
0000101110001101
0000011010010001
0000000101001011
1111101111110111
1111011011001110
1111001000001100
1110110111100101
1110101010001000
1110100000011010
1110011010111000
1110011001110000
1110011101000110
1110100100110010
1110110000011101
1110111111101000
1111010001101000
1111100101101010
1111111010110111
0000010000010010
0000100101000000
0000111000000111
0001001000110000
0001010110001100
0001011111110101
0001100101010000
0001100110001101
0001100010101001
0001011010101110
0001001110110010
0000111111010110
0000101101000111
0000011000110111
0000000011100000
1111101110000000
1111011001010010
1111000110010001
1110110101110100
1110101000101010
1110011111011001
1110011010011011
1110011001111111
1110011110000110
1110100110100101
1110110011000011
1111000010111110
1111010101101001
1111101010001101
1111111111101111
0000010101010010
0000101001111010
0000111100101001
0001001100101011
0001011001010000
0001100001110101
0001100110000000
0001100101100110
0001100000100110
0001010111010000
0001001001111101
0000111001010101
0000100110000110
0000010001001001
1111111011011011
1111100101111001
1111010001100010
1110111111010001
1110101111111100
1110100100001111
1110011100101100
1110011001101010
1110011011010010
1110100001011111
1110101100000000
1110111010010110
1111001011110111
1111011111110001
1111110101001010
0000001011000001
0000100000011010
0000110100010101
0001000101110110
0001010100001011
0001011110101010
0001100100110011
0001100110010100
0001100011001001
0001011011011010
0001001111011110
0000111111111000
0000101101010101
0000011000101100
0000000010111010
1111101101000000
1111010111111100
1111000100101111
1110110100010000
1110100111010010
1110011110011010
1110011010000010
1110011010011001
1110011111011110
1110101001000001
1110110110100111
1111000111100111
1111011011010000
1111110000100110
0000000110101001
0000011100011011
0000110000111000
0001000011000011
0001010010000111
0001011101010101
0001100100001101
0001100110011001
0001100011110010
0001011100100001
0001010000111010
0001000001100000
0000101111000001
0000011010010101
0000000100011001
1111101110010000
1111011000111100
1111000101011100
1110110100101101
1110100111100000
1110011110011110
1110011010000011
1110011010011011
1110011111100110
1110101001010101
1110110111001011
1111001000011101
1111011100011000
1111110010000000
0000001000010001
0000011110001011
0000110010101010
0001000100101111
0001010011100011
0001011110011001
0001100100110000
0001100110010100
0001100011000000
0001011010111110
0001001110100110
0000111110011101
0000101011010101
0000010110001000
1111111111111000
1111101001100111
1111010100011010
1111000001010011
1110110001001011
1110100100110101
1110011100111000
1110011001101011
1110011011011000
1110100001111100
1110101101000001
1110111100000111
1111001110011110
1111100011001111
1111111001011001
0000001111110111
0000100101100101
0000111001011111
0001001010101000
0001011000001010
0001100001011010
0001100101111101
0001100101100011
0001100000001110
0001010110001110
0001001000000001
0000110110010100
0000100001111101
0000001011111100
1111110101010111
1111011111010001
1111001010110001
1110111000110111
1110101010011011
1110100000001010
1110011010100101
1110011001111110
1110011110010110
1110100111100001
1110110101000010
1111000110001110
1111011010010000
1111110000001001
0000000110110100
0000011101001010
0000110010000101
0001000100100011
0001010011101001
0001011110100111
0001100100111011
0001100110010000
0001100010100010
0001011001111100
0001001100111001
0000111100000010
0000101000001101
0000010010011000
1111111011101001
1111100101000110
1111001111111001
1110111101000100
1110101101100100
1110100010001010
1110011011011010
1110011001101011
1110011101000010
1110100101010110
1110110010001011
1111000010111000
1111010110101010
1111101100100000
0000000011010100
0000011001111111
0000101111010111
0001000010011000
0001010010000100
0001011101101000
0001100100100001
0001100110010110
0001100011000010
0001011010101111
0001001101110111
0000111101000101
0000101001001101
0000010011010000
1111111100010101
1111100101100101
1111010000001001
1110111101001000
1110101101100000
1110100010000010
1110011011010100
1110011001101101
1110011101010010
1110100101110111
1110110011000001
1111000100000110
1111011000001110
1111101110011000
0000000101011011
0000011100001110
0000110001100101
0001000100011010
0001010011110001
0001011110110110
0001100101000110
0001100110001010
0001100010000001
0001011000110110
0001001011001001
0000111001100100
0000100101000010
0000001110100110
1111110111011011
1111100000101011
1111001011100001
1110111001000100
1110101010001111
1110011111110110
1110011010011000
1110011010001011
1110011111001101
1110101001001111
1110110111110000
1111001010000001
1111011111000100
1111110101110101
0000001101000111
0000100011101111
0000111000100001
0001001010010111
0001011000011000
0001100001110010
0001100110001000
0001100101001010
0001011110111011
0001010011110000
0001000100001101
0000110001000111
0000011011011100
0000000100010101
1111101101000000
1111010110101010
1111000010011101
1110110001011110
1110100100100110
1110011100100000
1110011001100111
1110011100000110
1110100011110101
1110110000011001
1111000001001001
1111010101001101
1111101011100010
0000000010111010
0000011010001011
0000110000000100
0001000011011011
0001010011001110
0001011110101001
0001100101000100
0001100110001001
0001100001110101
0001011000010101
0001001010001010
0000111000000011
0000100010111110
0000001100000001
1111110100011101
1111011101011110
1111001000010100
1110110110000111
1110100111110101
1110011110010000
1110011001110111
1110011010111011
1110100001011000
1110101100111000
1110111100110101
1111010000010111
1111100110011101
1111111101111011
0000010101011111
0000101011111011
0001000000000001
0001010000101011
0001011101000001
0001100100011000
0001100110010101
0001100010110011
0001011001111101
0001001100010000
0000111010011101
0000100101011111
0000001110100000
1111110110110000
1111011111011110
1111001001111100
1110110111010100
1110101000101000
1110011110101010
1110011001111101
1110011010110010
1110100001000110
1110101100100011
1110111100100010
1111010000001100
1111100110011101
1111111110000111
0000010101110111
0000101100011101
0001000000101000
0001010001010001
0001011101100000
0001100100101000
0001100110010001
0001100010010101
0001011001000000
0001001010110100
0000111000100010
0000100011001001
0000001011110100
1111110011110111
1111011100100011
1111000111001011
1110110100111010
1110100110110001
1110011101100010
1110011001101101
1110011011100000
1110100010110110
1110101111010100
1111000000010000
1111010100101100
1111101011100011
0000000011100001
0000011011010100
0000110001100110
0001000101001010
0001010100111001
0001011111111011
0001100101101001
0001100101101110
0001100000001010
0001010101010001
0001000101100111
0000110010000110
0000011011110010
0000000011111011
1111101011110110
1111010100111000
1111000000010011
1110101111010010
1110100010110000
1110011011011011
1110011001101110
1110011101110000
1110100111010001
1110110101110000
1111001000011010
1111011110001011
1111110101110110
0000001110000110
0000100101100100
0000111010111011
0001001100111111
0001011010101110
0001100011010110
0001100110011001
0001100011101010
0001011011010100
0001001101110100
0000111011111010
0000100110101000
0000001111001001
1111110110110100
1111011110111111
1111001001000010
1110110110001011
1110100111011111
1110011101110101
1110011001101111
1110011011011100
1110100010111000
1110101111100110
1111000000111001
1111010101110010
1111101101000110
0000000101011110
0000011101100011
0000110011111101
0001000111011010
0001010110110010
0001100001001101
0001100110000100
0001100101000110
0001011110010101
0001010010001011
0001000001010011
0000101100101011
0000010101011111
1111111101000100
1111100100110010
1111001110000101
1110111010001110
1110101010011001
1110011111011110
1110011010000111
1110011010101000
1110100000111111
1110101100110101
1110111101011111
1111010001111111
1111101001001010
0000000001101000
0000011010000010
0000110000111100
0001000101000001
0001010101000110
0001100000010000
0001100101110100
0001100101011110
0001011111001110
0001010011011100
0001000010110100
0000101110010010
0000010111000011
1111111110011111
1111100101111111
1111001110111111
1110111010110111
1110101010110001
1110011111101001
1110011010001001
1110011010100111
1110100001000001
1110101100111111
1110111101110100
1111010010100011
1111101001111100
0000000010101000
0000011011001011
0000110010001001
0001000110001010
0001010110000011
0001100000111001
0001100110000001
0001100101001000
0001011110010010
0001010001111000
0001000000100111
0000101011100011
0000010011111001
1111111011000100
1111100010100001
1111001011101101
1110110111111111
1110101000100010
1110011110010000
1110011001110010
1110011011011000
1110100010111101
1110110000000100
1111000001111100
1111010111100000
1111101111011111
0000001000011101
0000100000111011
0000110111011101
0001001010101011
0001011001011100
0001100010110111
0001100110011000
0001100011110001
0001011011001100
0001001101001001
0000111010011110
0000100100010011
0000001011111011
1111110010110110
1111011010100011
1111000100011111
1110110010000000
1110100100001100
1110011011111011
1110011001101011
1110011101100101
1110100111011100
1110110110101000
1111001010010001
1111100001001001
1111111001111001
0000010011000001
0000101011000000
0001000000011001
0001010001111001
0001011110011011
0001100101001111
0001100101111010
0001100000011010
0001010101000010
0001000100011111
0000101111110010
0000011000001010
1111111111000100
1111100110000001
1111001110100011
1110111010000101
1110101001111000
1110011110111011
1110011001111010
1110011011001000
1110100010100000
1110101111100111
1111000001101001
1111010111100000
1111101111110110
0000001001001011
0000100001111110
0000111000101011
0001001011111010
0001011010011111
0001100011100000
0001100110011001
0001100010111111
0001011001011110
0001001010011100
0000110110110101
0000011111110100
0000000110110101
1111101101011100
1111010101001011
1110111111100011
1110101101111010
1110100001010110
1110011010101000
1110011010001101
1110100000000110
1110101011111100
1110111101000000
1111010010001111
1111101010010100
0000000011101111
0000011100111100
0000110100010111
0001001000100001
0001011000001010
0001100010010100
0001100110010110
0001100011111110
0001011011010111
0001001101000010
0000111001111001
0000100011001000
0000001010001001
1111110000100010
1111010111111000
1111000001101111
1110101111011111
1110100010010010
1110011010111110
1110011010000000
1110011111011101
1110101010111110
1110111011110110
1111010001000010
1111101001001011
0000000010101111
0000011100001010
0000110011110100
0001001000001100
0001011000000001
0001100010010010
0001100110010110
0001100011111011
0001011011001010
0001001100101000
0000111001001111
0000100010001101
0000001001000000
1111101111001110
1111010110100000
1111000000011001
1110101110010110
1110100001011111
1110011010101001
1110011010010000
1110100000010110
1110101100100011
1110111110000101
1111010011110100
1111101100011001
0000000110001101
0000011111101010
0000110111000101
0001001010111111
0001011010000110
0001100011011011
0001100110011001
0001100010110010
0001011000110101
0001001001001010
0000110100110011
0000011101000010
0000000011011000
1111101001100010
1111010001000110
1110111011101100
1110101010101011
1110011111001011
1110011001111010
1110011011001111
1110100011000101
1110110000111100
1111000011111010
1111011010110010
1111110100000100
0000001110000111
0000100111010010
0000111101111001
0001010000100000
0001011101111000
0001100101001011
0001100101111000
0001011111111101
0001010011110011
0001000010001011
0000101100001111
0000010011011001
1111111001010100
1111011111101001
1111001000000101
1110110100001010
1110100101001100
1110011100001010
1110011001101010
1110011101110111
1110101000100000
1110111000111000
1111001101111010
1111100110010000
0000000000010001
0000011010010010
0000110010100101
0001000111100100
0001010111110110
0001100010010101
0001100110010111
0001100011101001
0001011010010110
0001001011000110
0000110110111000
0000011111000010
0000000101001000
1111101010111001
1111010010000010
1110111100001110
1110101010111000
1110011111001011
1110011001111000
1110011011010111
1110100011100010
1110110001110101
1111000101010110
1111011100110000
1111110110100000
0000010000111001
0000101010001011
0001000000101001
0001010010110101
0001011111011111
0001100101110001
0001100101010001
0001011110000000
0001010000011100
0000111101100001
0000100110011101
0000001100110101
1111110010010101
1111011000110000
1111000001110010
1110101110111111
1110100001100111
1110011010100101
1110011010010111
1110100000111111
1110101101111111
1111000000100001
1111010111010101
1111110000111001
0000001011011101
0000100101010001
0000111100100101
0001001111110011
0001011101101001
0001100101001010
0001100101110101
0001011111100111
0001010010111011
0001000000101000
0000101001111011
0000010000011001
1111110101110000
1111011011110010
1111000100010001
1110110000110011
1110100010101110
1110011010111110
1110011010000111
1110100000001011
1110101100110001
1110111111000011
1111010101110001
1111101111010111
0000001010000101
0000100100001001
0000111011101111
0001001111010001
0001011101010111
0001100101000101
0001100101110111
0001011111101011
0001010010111011
0001000000011111
0000101001100111
0000001111111000
1111110101000100
1111011010111110
1111000011011011
1110110000000011
1110100010001010
1110011010101111
1110011010010010
1110100000110111
1110101101111111
1111000000110010
1111010111111101
1111110001111010
0000001100110100
0000100110110111
0000111110001110
0001010001010010
0001011110101110
0001100101100101
0001100101011010
0001011110001101
0001010000011100
0000111101000110
0000100101100000
0000001011010010
1111110000010011
1111010110011000
1110111111010111
1110101100110101
1110100000000110
1110011010000011
1110011011001000
1110100011001111
1110110001110101
1111000101111010
1111011110000010
1111111000100100
0000010011100110
0000101101010001
0001000011110010
0001010101100100
0001100001010101
0001100110010001
0001100100000001
0001011010110000
0001001011000110
0000110110001010
0000011101011001
0000000010100100
1111100111100011
1111001110010000
1110111000011100
1110100111101100
1110011101001010
1110011001100111
1110011101010011
1110100111111110
1110111000111000
1111001110110100
1111101000001111
0000000011010110
0000011110001111
0000110110111111
0001001011110110
0001011011010101
0001100100010100
0001100110001011
0001100000110001
0001010100011111
0001000010001011
0000101011001001
0000010001000010
1111110101101110
1111011011000111
1111000011001001
1110101111100000
1110100001100111
1110011010011110
1110011010100110
1110100001111101
1110110000000100
1111000011111010
1111011100000100
1111110110110011
0000010010001100
0000101100010010
0001000011001110
0001010101010101
0001100001010011
0001100110010010
0001100011111001
0001011010010100
0001001010001111
0000110100110011
0000011011100011
0000000000010011
1111100101000010
1111001011101101
1110110110001001
1110100101111010
1110011100001101
1110011001101101
1110011110101000
1110101010100110
1110111100110001
1111010011110100
1111101110000101
0000001001101000
0000100100100001
0000111100101111
0001010000100100
0001011110100001
0001100101100111
0001100101010011
0001011101100110
0001001111000101
0000111010110010
0000100010001101
0000000111000111
1111101011100001
1111010001011000
1110111010101010
1110101001000000
1110011101101110
1110011001100111
1110011101000001
1110100111101100
1110111000110101
1111001111001101
1111101001001011
0000000100110011
0000100000000110
0000111001000011
0001001101110011
0001011100110101
0001100101000010
0001100101110010
0001011111000010
0001010001010010
0000111101100001
0000100101001101
0000001010001001
1111101110010101
1111010011110100
1110111100100011
1110101010010010
1110011110010111
1110011001101010
1110011100100100
1110100110110101
1110110111101110
1111001101111111
1111100111111110
0000000011101111
0000011111001111
0000111000011011
0001001101011011
0001011100101010
0001100100111111
0001100101110011
0001011111000000
0001010001001000
0000111101001100
0000100100101011
0000001001011010
1111101101011100
1111010010110110
1110111011101000
1110101001100010
1110011101111001
1110011001101000
1110011101000001
1110100111110111
1110111001010100
1111010000000101
1111101010011101
0000000110011100
0000100001111110
0000111010111100
0001001111011111
0001011110000011
0001100101100001
0001100101010101
0001011101100000
0001001110100111
0000111001110001
0000100000100100
0000000100111001
1111101000110111
1111001110100011
1110110111111111
1110100110110111
1110011100100000
1110011001101100
1110011110101000
1110101010111110
1110111101110001
1111010101100111
1111110000101100
0000001100111010
0000101000001011
0001000000011001
0001010011101101
0001100000101001
0001100110001101
0001100011111111
0001011010001000
0001001001011000
0000110011000001
0000011000110000
1111111100100110
1111100000101100
1111000111001011
1110110010000000
1110100010110011
1110011010110000
1110011010011101
1110100001111110
1110110000101101
1111000101100010
1111011110110111
1111111010110000
0000010111000010
0000110001100100
0001001000010010
0001011001011100
0001100011101101
0001100110010001
0001100000111101
0001010100001001
0001000000110101
0000101000100000
0000001101000010
1111110000100100
1111010101010001
1110111101010010
1110101010011101
1110011110010000
1110011001101001
1110011100111101
1110100111111110
1110111001110101
1111010001001001
1111101100000111
0000001000100111
0000100100011110
0000111101011111
0001010001101111
0001011111100110
0001100110000001
0001100100011110
0001011011000101
0001001010100101
0000110100001111
0000011001110100
1111111101011000
1111100001001000
1111000111010010
1110110001111000
1110100010100110
1110011010101000
1110011010100111
1110100010100100
1110110001110110
1111000111010010
1111100001001011
1111111101100000
0000011010000001
0000110100100001
0001001010111000
0001011011010101
0001100100100111
0001100101111100
0001011111001110
0001010000111111
0000111100010111
0000100010111100
0000000110110001
1111101010000100
1111001111000100
1110110111111100
1110100110100001
1110011100001100
1110011001110010
1110011111011110
1110101100110101
1111000000110011
1111011001110011
1111110101110110
0000010010101100
0000101110000100
0001000101110010
0001010111111100
0001100011000110
0001100110010110
0001100001011100
0001010100110000
0001000001010011
0000101000100111
0000001100101100
1111101111101111
1111010100000101
1110111011111011
1110101001001110
1110011101011110
1110011001100111
1110011101111110
1110101010001100
1110111101010011
1111010101110010
1111110001101010
0000001110101100
0000101010100011
0001000010111111
0001010110000011
0001100010001011
0001100110011001
0001100010010111
0001010110011000
0001000011011011
0000101011000010
0000001111001001
1111110010000011
1111010110000011
1110111101011101
1110101010001110
1110011101111101
1110011001100111
1110011101100101
1110101001100010
1110111100100000
1111010100111101
1111110000111010
0000001110000110
0000101010001001
0001000010110010
0001010101111111
0001100010001100
0001100110011001
0001100010010000
0001010110000111
0001000010111011
0000101010010010
0000001110001011
1111110000111011
1111010100111000
1110111100010111
1110101001010111
1110011101011101
1110011001100111
1110011110001011
1110101010101111
1110111110010100
1111010111010010
1111110011100110
0000010000111011
0000101100111000
0001000101001010
0001010111110000
0001100011000111
0001100110010101
0001100001001000
0001010011111001
0000111111110000
0000100110010110
0000001001110001
1111101100011001
1111010000100111
1110111000110000
1110100110110001
1110011100001010
1110011001110101
1110011111111100
1110101110000010
1111000010111010
1111011100110111
1111111001101111
0000010111001000
0000110010100111
0001001001111010
0001011011000011
0001100100101000
0001100101110110
0001011110100101
0001001111011011
0000111001101010
0000011111000100
0000000001111001
1111100100100100
1111001001100000
1110110010111111
1110100010111001
1110011010100110
1110011010110010
1110100011011011
1110110011110101
1111001010101000
1111100101111001
0000000011010110
0000100000100010
0000111011000000
0001010000100001
0001011111010010
0001100110000010
0001100100001101
0001011001111101
0001001000000111
0000110000001101
0000010100001111
1111110110100100
1111011001101010
1110111111111111
1110101011101110
1110011110100100
1110011001101000
1110011101010111
1110101001011011
1110111100110101
1111010101111010
1111110010100101
0000010000010111
0000101100110011
0001000101011011
0001011000001011
0001100011011100
0001100110010000
0001100000011001
0001010010010101
0000111101010000
0000100010111110
0000000101101101
1111100111111101
1111001100001111
1110110100111011
1110100100000000
1110011010111100
1110011010100000
1110100010101111
1110110010111100
1111001001101111
1111100101001100
0000000010111010
0000100000011011
0000111011001010
0001010000110101
0001011111100100
0001100110001000
0001100011111010
0001011001000111
0001000110101010
0000101110001001
0000010001101000
1111110011101000
1111010110101010
1110111101010000
1110101001100101
1110011101010111
1110011001101001
1110011110110000
1110101100010000
1111000001000000
1111011011001100
1111111000100100
0000010110100101
0000110010101010
0001001010010111
0001011011101001
0001100100111110
0001100101100011
0001011101010101
0001001101000000
0000110110000000
0000011010010010
1111111100010100
1111011110101000
1111000011110110
1110101110010010
1110011111110110
1110011001110001
1110011100100110
1110101000000101
1110111011010000
1111010100011011
1111110001011001
0000001111101001
0000101100100011
0001000101100100
0001011000100000
0001100011101100
0001100110001010
0001011111101100
0001010000110101
0000111010111000
0000011111110001
0000000001110111
1111100011110010
1111001000001011
1110110001011110
1110100001101010
1110011010001001
1110011011100101
1110100101110111
1110111000000101
1111010000101001
1111101101011001
0000001011110001
0000101001001000
0001000010110111
0001010110101101
0001100010111001
0001100110010101
0001100000101110
0001010010100011
0000111101000101
0000100010001100
0000000100010001
1111100101111110
1111001001111101
1110110010101111
1110100010011000
1110011010010100
1110011011010011
1110100101001110
1110110111001111
1111001111101110
1111101100100000
0000001011000001
0000101000100101
0001000010100001
0001010110100011
0001100010110110
0001100110010101
0001100000101011
0001010010011000
0000111100101110
0000100001101000
0000000011100001
1111100101000110
1111001001000100
1110110001111101
1110100001110101
1110011010001010
1110011011100111
1110100110000100
1110111000100111
1111010001100101
1111101110101110
0000001101011001
0000101010111010
0001000100100011
0001011000000010
0001100011100101
0001100110001011
0001011111100010
0001010000010010
0000111001110010
0000011110000100
1111111111101000
1111100001001110
1111000101100101
1110101111001110
1110100000001010
1110011001110010
1110011100101010
1110101000100010
1110111100010111
1111010110010100
1111110100000100
0000010010111000
0000110000000001
0001001000110010
0001011010111100
0001100100110101
0001100101100011
0001011101000010
0001001100000001
0000110100000110
0000010111011010
1111111000100101
1111011010011011
1110111111101100
1110101010110101
1110011101101111
1110011001101000
1110011110111000
1110101101000001
1111000010110001
1111011110001000
1111111100100101
0000011011010111
0000110111101001
0001001110110101
0001011110110010
0001100110000010
0001100011111010
0001011000100111
0001000101001010
0000101011010101
0000001101100001
1111101110011101
1111010001000000
1110110111111000
1110100101011000
1110011011010000
1110011010011011
1110100010111110
1110110100000111
1111001100010001
1111101001001110
0000001000010001
0000100110100101
0001000001010100
0001010110000001
0001100010101111
0001100110010100
0001100000011010
0001010001100011
0000111011000111
0000011111001011
0000000000010110
1111100001011111
1111000101011100
1110101110110110
1110011111110011
1110011001101101
1110011101001001
1110101001110011
1110111110100000
1111011001010100
1111110111110000
0000010110111100
0000110100000001
0001001100001111
0001011101010101
0001100101101100
0001100100100011
0001011001111110
0001000110111111
0000101101010101
0000001111011010
1111110000000100
1111010010001100
1110111000100111
1110100101101111
1110011011010101
1110011010011001
1110100011000001
1110110100011001
1111001100111001
1111101010001101
0000001001100101
0000101000000100
0001000010110001
0001010111001100
0001100011011000
0001100110001011
0001011111010101
0001001111011110
0000111000000110
0000011011011001
1111111100000111
1111011101001100
1111000001100011
1110101011110101
1110011110000101
1110011001100111
1110011110111000
1110101101010111
1111000011101100
1111011111110001
1111111110111010
0000011110001010
0000111010100011
0001010001011000
0001100000011101
0001100110010110
0001100010011110
0001010101001110
0000111111110100
0000100100010101
0000000101010111
1111100101111001
1111001000111001
1110110001001010
1110100000111110
1110011001110111
1110011100100011
1110101000110000
1110111101010101
1111011000010011
1111110111000110
0000010110101111
0000110100001101
0001001100101011
0001011101110001
0001100101110111
0001100100001010
0001011000110100
0001000100111010
0000101010010111
0000001011101111
1111101011111111
1111001110001001
1110110101000110
1110100011010010
1110011010011011
1110011011011000
1110100110000011
1110111001011100
1111010011101001
1111110010001010
0000010010000000
0000110000001000
0001001001100101
0001011011111011
0001100101010110
0001100100111011
0001011010101110
0001000111101100
0000101101101100
0000001111010000
1111101111010101
1111010001000000
1110110111010000
1110100100100101
1110011010110100
1110011010111010
1110100100110111
1110110111101110
1111010001101000
1111110000000100
0000010000000100
0000101110100000
0001001000011010
0001011011001111
0001100101001000
0001100101001000
0001011011001110
0001001000011000
0000101110011011
0000001111111011
1111101111110111
1111010001010111
1110110111011011
1110100100101000
1110011010110100
1110011010111100
1110100101000001
1110111000000011
1111010010001011
1111110000110100
0000010000111100
0000101111011011
0001001001001111
0001011011110101
0001100101010110
0001100100110111
0001011010011011
0001000111000001
0000101100100110
0000001101110000
1111101101100100
1111001111001011
1110110101100111
1110100011011011
1110011010011010
1110011011011110
1110100110100001
1110111010011101
1111010101010011
1111110100011001
0000010100101000
0000110010110110
0001001100000000
0001011101100110
0001100101111000
0001100100000000
0001011000001010
0001000011100001
0000101000001001
0000001000110000
1111101000011111
1111001010100100
1110110001111101
1110100001001010
1110011001110110
1110011100110001
1110101001100111
1110111111000111
1111011011001000
1111111010110110
0000011011000100
0000111000100110
0001010000011101
0001100000001111
0001100110010110
0001100010001011
0001010100001000
0000111101100111
0000100000111001
0000000000110111
1111100000101111
1111000011110000
1110101100110101
1110011110010011
1110011001101000
1110011111010010
1110101110101101
1111000110010111
1111100011110101
0000000100001010
0000100100000101
0001000000010110
0001010110000111
0001100011001010
0001100110001010
0001011110110011
0001001101110100
0000110100111100
0000010110101011
1111110110001000
1111010110100011
1110111011001100
1110100110110100
1110011011100001
1110011010011100
1110100011101101
1110110110011000
1111010000100100
1111101111100101
0000010000010010
0000101111010101
0001001001100011
0001011100010001
0001100101100100
0001100100011110
0001011001000111
0001000100101000
0000101001000111
0000001001011000
1111101000101100
1111001010011000
1110110001100011
1110100000110001
1110011001110001
1110011101010000
1110101010111000
1111000001010000
1111011110000110
1111111110011011
0000011110111010
0000111100001111
0001010011010111
0001100001111010
0001100110010111
0001100000010001
0001010000001111
0000110111111011
0000011001110101
1111111001000100
1111011001000001
1110111100111111
1110100111111000
1110011011111000
1110011010010000
1110100011001010
1110110101101100
1111001111111011
1111101111001001
0000010000000111
0000101111011011
0001001001110101
0001011100100100
0001100101101100
0001100100001111
0001011000010111
0001000011010010
0000100111001101
0000000111000011
1111100110001001
1111000111111011
1110101111100011
1110011111100011
1110011001101000
1110011110011000
1110101101010110
1111000100111100
1111100010101101
0000000011100011
0000100100000001
0001000000101111
0001010110101100
0001100011100011
0001100101111111
0001011101101111
0001001011101001
0000110001100111
0000010010010111
1111110001001100
1111010001100100
1110110110110100
1110100011101111
1110011010011000
1110011011101110
1110100111100111
1110111100110100
1111011001000111
1111111001100000
0000011010100101
0000111000111000
0001010001001011
0001100000111010
0001100110011001
0001100001000100
0001010001011110
0000111001010000
0000011010111110
1111111001110110
1111011001010110
1110111100111100
1110100111101001
1110011011101101
1110011010011010
1110100011111001
1110110111001010
1111010010001011
1111110010000100
0000010011011100
0000110010110000
0001001100101011
0001011110011100
0001100110001010
0001100010111111
0001010101010000
0000111110011100
0000100000111101
1111111111111101
1111011110111101
1111000001011110
1110101010101010
1110011100111110
1110011001111000
1110100001101101
1110110011101000
1111001101101111
1111101101001111
0000001110101111
0000101110101100
0001001001101000
0001011100101011
0001100101110001
0001100011111100
0001010111011000
0001000001011010
0000100100011010
0000000011011110
1111100010001100
1111000100000101
1110101100011011
1110011101110001
1110011001101101
1110100000101011
1110110001111100
1111001011101000
1111101010111110
0000001100100101
0000101100110111
0001001000010011
0001011011111010
0001100101100101
0001100100010000
0001011000000101
0001000010010110
0000100101011011
0000000100011011
1111100010111110
1111000100101000
1110101100101111
1110011101111001
1110011001101100
1110100000101000
1110110001111100
1111001011101111
1111101011001111
0000001100111111
0000101101010110
0001001000110001
0001011100010001
0001100101101101
0001100100000010
0001010111011100
0001000001010100
0000100100000010
0000000010110011
1111100001010010
1111000011000110
1110101011100100
1110011101010010
1110011001110100
1110100001100011
1110110011101000
1111001110000110
1111101110000010
0000001111111101
0000110000001000
0001001011000010
0001011101101100
0001100110000011
0001100011001100
0001010101011010
0000111110001110
0000100000001100
1111111110100111
1111011101001010
1110111111100011
1110101001000011
1110011100001000
1110011010010000
1110100011100110
1110110111001010
1111010010110010
1111110011011010
0000010101011011
0000110101000101
0001001110111000
0001011111111100
0001100110010111
0001100001011101
0001010001101110
0000111000111011
0000011001110011
1111110111110101
1111010110101111
1110111010001110
1110100101011101
1110011010110001
1110011011010110
1110100111001000
1110111100110011
1111011001111110
1111111011011001
0000011101010100
0000111011111111
0001010011111110
0001100010100110
0001100110001100
0001011110011000
0001001100000001
0000110001001001
0000010000110001
1111101110100010
1111001110001110
1110110011011111
1110100001010100
1110011001110000
1110011101101011
1110101100100111
1111000100111011
1111100011111000
0000000101111110
0000100111011011
0001000100011100
0001011001110010
0001100101000000
0001100100111000
0001011001011000
0001000011110100
0000100110100110
0000000101000001
1111100010111001
1111000100000001
1110101011111011
1110011101010100
1110011001110110
1110100001111011
1110110100101010
1111001111111010
1111110000100111
0000010011000010
0000110011010110
0001001101110101
0001011111100000
0001100110010110
0001100001100101
0001010001101111
0000111000100111
0000011001000011
1111110110101010
1111010101010011
1110111000110010
1110100100011000
1110011010011001
1110011011111110
1110101000111101
1110111111110111
1111011110000101
0000000000001010
0000100010001111
0001000000011011
0001010111010000
0001100100001000
0001100101100011
0001011011010111
0001000110101111
0000101010000000
0000001000011101
1111100101111101
1111000110011010
1110101101011101
1110011101111110
1110011001101110
1110100001001110
1110110011100110
1111001110101111
1111101111100100
0000010010010001
0000110010111000
0001001101101010
0001011111100000
0001100110010111
0001100001011011
0001010001010000
0000110111101111
0000010111110001
1111110101000101
1111010011100111
1110110111010010
1110100011010110
1110011010000110
1110011100101001
1110101010101011
1111000010100100
1111100001100110
0000000100001000
0000100110001101
0001000011110111
0001011001101001
0001100101000011
0001100100101111
0001011000101110
0001000010011010
0000100100011000
0000000010000111
1111011111100111
1111000000110110
1110101001011100
1110011100000110
1110011010011000
1110100100100000
1110111001010010
1111010110010101
1111111000001111
0000011011000010
0000111010101101
0001010011100001
0001100010100110
0001100110001001
0001011101110000
0001001010011001
0000101110010101
0000001100110110
1111101001110110
1111001001011100
1110101111011010
1110011110110101
1110011001101001
1110100000011101
1110110010100000
1111001101101001
1111101110101101
0000010001110011
0000110010110100
0001001101110111
0001011111110000
0001100110011000
0001100000111101
0001010000000110
0000110101110011
0000010101001010
1111110010000010
1111010000100010
1110110100101000
1110100001100111
1110011001110000
1110011101111110
1110101101110010
1111000111010101
1111100111100101
0000001010101101
0000101100100110
0001001001001101
0001011101001001
0001100110000011
0001100010110110
0001010011111010
0000111011000001
0000011011000111
1111110111111111
1111010101110011
1110111000101000
1110100011111011
1110011010001100
1110011100100100
1110101010110010
1111000011001010
1111100010110010
0000000101111001
0000101000010100
0001000101111100
0001011011001101
0001100101100110
0001100011110111
0001010110001011
0000111110001100
0000011110110001
1111111011101010
1111011001000100
1110111011000111
1110100101011010
1110011010100100
1110011011111000
1110101001001101
1111000000111100
1111100000010000
0000000011011000
0000100110000111
0001000100010001
0001011010001110
0001100101010101
0001100100010000
0001010111000111
0000111111011110
0000100000001100
1111111101000001
1111011010001101
1110111011111100
1110100101111000
1110011010101100
1110011011101111
1110101000111001
1111000000100101
1111011111111100
0000000011001011
0000100110000010
0001000100010011
0001011010010100
0001100101011000
0001100100001011
0001010110110100
0000111110111011
0000011111011001
1111111100000100
1111011001001101
1110111011000010
1110100101010000
1110011010011111
1110011100000100
1110101001110100
1111000010000011
1111100001110101
0000000101010010
0000101000000111
0001000110000011
0001011011011101
0001100101101110
0001100011100100
0001010101010000
0000111100100001
0000011100011001
1111111000110011
1111010110000101
1110111000011110
1110100011100111
1110011010000100
1110011101000000
1110101100000100
1111000101011011
1111100101111110
0000001001101100
0000101100010000
0001001001011001
0001011101100001
0001100110001010
0001100010010000
0001010010010000
0000111000001001
0000010111000111
1111110011001111
1111010000111011
1110110100011010
1110100001001100
1110011001101011
1110011110110001
1110101111110111
1111001010110111
1111101100011010
0000010000011001
0000110010010111
0001001110000111
0001100000001101
0001100110011001
0001011111111010
0001001101100100
0000110001100110
0000001111011110
1111101011011100
1111001001111100
1110101111001001
1110011110011000
1110011001101110
1110100001110010
1110110101100011
1111010010100100
1111110101010000
0000011001010000
0000111010001001
0001010011110011
0001100011000001
0001100101111010
0001011100000110
0001000110110010
0000101000101010
0000000101011100
1111100001100011
1111000001011100
1110101001001001
1110011011101101
1110011010110011
1110100110100100
1110111101100000
1111011100110010
0000000000011110
0000100100000111
0001000011001111
0001011001111100
0001100101010111
0001100100000100
0001010110001101
0000111101100010
0000011101000111
1111111001000011
1111010101110101
1110110111111011
1110100011000100
1110011001111010
1110011101100111
1110101101101100
1111001000001010
1111101001101011
0000001101111111
0000110000100100
0001001101000001
0001011111110000
0001100110011001
0001100000000110
0001001101101010
0000110001011001
0000001110111000
1111101010011110
1111001000110010
1110101110000101
1110011101110000
1110011001111000
1110100010111100
1110110111110100
1111010101110111
1111111001010000
0000011101100000
0000111110000001
0001010110101010
0001100100010010
0001100101001010
0001011001001011
0001000001110100
0000100010000110
1111111110000001
1111011010001100
1110111011001011
1110100100111011
1110011010010010
1110011100101001
1110101011101011
1111000101011111
1111100110110010
0000001011010010
0000101110011000
0001001011100010
0001011111000010
0001100110011000
0001100000100110
0001001110011101
0000110010001111
0000001111100101
1111101010111100
1111001000111110
1110101110000100
1110011101101011
1110011001111011
1110100011010001
1110111000100011
1111010111000010
1111111010110010
0000011111001100
0000111111100111
0001010111110110
0001100100110001
0001100100101100
0001010111101001
0000111111010001
0000011110101111
1111111010010000
1111010110011110
1110111000000100
1110100010111100
1110011001110110
1110011101111110
1110101110110010
1111001010000111
1111101100011011
0000010001010000
0000110011111000
0001001111110010
0001100001010110
0001100110010010
0001011101111100
0001001001011001
0000101011010100
0000000111100111
1111100010111010
1111000001111110
1110101001000111
1110011011100011
1110011011000011
1110100111101110
1110111111111000
1111100000011010
0000000101000011
0000101001000011
0001000111101101
0001011101000000
0001100110001010
0001100001111110
0001010000111110
0000110101011001
0000010010110100
1111101101110011
1111001011001000
1110101111011001
1110011110001100
1110011001110100
1110100010110101
1110111000000100
1111010110110000
1111111010110110
0000011111100111
0001000000010000
0001011000011101
0001100101000010
0001100100010101
0001010110011011
0000111101001010
0000011011110101
1111110110110110
1111010011000011
1110110101001010
1110100001001001
1110011001101000
1110011111101000
1110110010010110
1111001111010100
1111110010101110
0000010111111000
0000111001111001
0001010100010001
0001100011100000
0001100101100100
0001011010001100
0001000010110111
0000100010101011
1111111101111001
1111011001011000
1110111001111111
1110100011110111
1110011001111111
1110011101101001
1110101110010111
1111001001111100
1111101100101101
0000010010000010
0000110100111111
0001010000111001
0001100010000010
0001100110000111
0001011100100110
0001000110101111
0000100111011100
0000000010111000
1111011101111100
1110111101100001
1110100101111111
1110011010011101
1110011100100000
1110101011110111
1111000110011110
1111101000110001
0000001110001100
0000110001101110
0001001110100110
0001100000111101
0001100110010100
0001011101111101
0001001001000000
0000101010001111
0000000101110011
1111100000100110
1110111111100110
1110100111001111
1110011010110011
1110011011111111
1110101010101000
1111000100110000
1111100110111000
0000001100010111
0000110000001101
0001001101100100
0001100000011110
0001100110010111
0001011110011100
0001001001110001
0000101011001000
0000000110101010
1111100001010011
1111000000000100
1110100111011111
1110011010110111
1110011011111100
1110101010100011
1111000100110000
1111100110111110
0000001100100110
0000110000100001
0001001101111000
0001100000101010
0001100110010101
0001011110000111
0001001001000110
0000101010001001
0000000101011110
1111100000000011
1110111110111101
1110100110101101
1110011010100111
1110011100010101
1110101011101000
1111000110011100
1111101001000110
0000001110110111
0000110010101001
0001001111100000
0001100001100000
0001100110001101
0001011100111011
0001000110111100
0000100111010001
0000000010001100
1111011100110110
1110111100010001
1110100100111111
1110011010001010
1110011101010010
1110101101111101
1111001001111001
1111101101010000
0000010011001011
0000110110011111
0001010010010100
0001100010110110
0001100101110010
0001011010101111
0001000011001100
0000100010011001
1111111100111000
1111010111110001
1110111000001100
1110100010100001
1110011001101110
1110011111000010
1110110001101111
1111001111001111
1111110011011111
0000011001011100
0000111011111011
0001010110000111
0001100100011010
0001100100110011
0001010111010000
0000111101101000
0000011011011101
1111110101011111
1111010000111101
1110110010111101
1110011111100111
1110011001101010
1110100001111010
1110110111001110
1111010110101001
1111111011110101
0000100001100101
0001000010101100
0001011010100001
0001100101110001
0001100010110110
0001010010001010
0000110110000001
0000010010010110
1111101100001000
1111001000101010
1110101100111010
1110011100110000
1110011010011100
1110100110010101
1110111110101111
1111100000010010
0000000110010000
0000101011010111
0001001010011011
0001011111000100
0001100110011001
0001011111011001
0001001011000000
0000101100000111
0000000111000010
1111100000111101
1110111111001111
1110100110100110
1110011010100000
1110011100101011
1110101100110011
1111001000101000
1111101100010001
0000010010101010
0000110110011100
0001010010100101
0001100011000101
0001100101101000
0001011001110110
0001000001011001
0000011111101110
1111111001100100
1111010100010100
1110110101001110
1110100000101011
1110011001100111
1110100001000001
1110110101110111
1111010101001100
1111111010100110
0000100000110000
0001000010010010
0001011010011100
0001100101110010
0001100010101100
0001010001100111
0000110100111100
0000010000110000
1111101010001100
1111000110101101
1110101011010111
1110011100000010
1110011010111100
1110101000001101
1111000001111110
1111100100100101
0000001011000101
0000110000000001
0001001110001000
0001100001000110
0001100110001110
0001011100110001
0001000110000101
0000100101011000
1111111111010110
1111011001011000
1110111000111100
1110100010101001
1110011001101101
1110011111011001
1110110010111011
1111010001011111
1111110110101110
0000011101010001
0000111111101010
0001011000111010
0001100101011011
0001100011011000
0001010011000101
0000110110110101
0000010010101110
1111101011111010
1111000111111110
1110101100000110
1110011100010001
1110011010110011
1110100111111010
1111000001101100
1111100100011110
0000001011001100
0000110000010101
0001001110100000
0001100001010111
0001100110001010
0001011100001110
0001000100111101
0000100011101110
1111111101010101
1111010111010100
1110110111001011
1110100001100100
1110011001101000
1110100000100000
1110110101001110
1111010100110001
1111111010100110
0000100001001101
0001000011000001
0001011011000111
0001100101111110
0001100010000010
0001001111110111
0000110010000100
0000001101000000
1111100110000011
1111000010110110
1110101000100011
1110011010111110
1110011100000110
1110101011110011
1111000111110000
1111101011111011
0000010011000001
0000110111010111
0001010011101000
0001100011101011
0001100101001100
0001010111111010
0000111101110010
0000011010100111
1111110011100100
1111001110010100
1110110000010101
1110011110000000
1110011010000010
1110100101000000
1110111101010100
1111011111011010
0000000110010001
0000101100001111
0001001011101110
0001100000000101
0001100110010110
0001011101100100
0001000111000010
0000100110000011
1111111111011110
1111011000111101
1110111000001100
1110100001111111
1110011001101000
1110100000010111
1110110101001100
1111010101000011
1111111011010001
0000100010001010
0001000100000010
0001011011111000
0001100110001001
0001100001010100
0001001110000110
0000101111010101
0000001001100100
1111100010011000
1110111111100100
1110100110010010
1110011010010011
1110011101011000
1110101111000101
1111001100110011
1111110010000111
0000011001011110
0000111101000101
0001010111101000
0001100101001010
0001100011101001
0001010011010101
0000110110100111
0000010001110001
1111101010010010
1111000110000000
1110101010011000
1110011011011111
1110011011100101
1110101010101010
1111000110011101
1111101010110110
0000010010011001
0000110111001101
0001010011110010
0001100011110110
0001100100111111
0001010111000010
0000111100000011
0000011000000101
1111110000100000
1111001011001111
1110101101111000
1110011100110011
1110011010100110
1110100111100111
1111000001111000
1111100101011110
0000001101000010
0000110010101011
0001010000101101
0001100010100111
0001100101101100
0001011001011111
0000111111110100
0000011100100010
1111110100111110
1111001111000011
1110110000011111
1110011101111010
1110011010000111
1110100101101100
1110111110111000
1111100001111010
0000001001011110
0000101111101000
0001001110100101
0001100001101011
0001100110000000
0001011010111010
0001000010000100
0000011111001101
1111110111101001
1111010001010100
1110110010000100
1110011110100111
1110011001111011
1110100100101110
1110111101010111
1111100000001000
0000000111101110
0000101110001010
0001001101100110
0001100001010000
0001100110000111
0001011011011101
0001000010111000
0000100000000111
1111111000011110
1111010001111110
1110110010011101
1110011110110001
1110011001111001
1110100100100110
1110111101001111
1111100000000101
0000000111110010
0000101110010101
0001001101110011
0001100001011000
0001100110000101
0001011011001010
0001000010010011
0000011111010010
1111110111100000
1111010000111111
1110110001101011
1110011110010111
1110011010000001
1110100101010011
1110111110100001
1111100001110010
0000001001101100
0000110000000111
0001001111001010
0001100010000011
0001100101110111
0001011010000000
0001000000010100
0000011100101101
1111110100101100
1111001110011001
1110101111101111
1110011101011101
1110011010010110
1110100110111011
1111000001010000
1111100101010001
0000001101011001
0000110011011110
0001010001100111
0001100011001001
0001100101010110
0001010111111000
0000111100110100
0000011000010101
1111110000000101
1111001010010010
1110101100110011
1110011100001110
1110011011000110
1110101001100111
1111000101100011
1111101010100100
0000010010111001
0000111000010011
0001010100111111
0001100100011101
0001100100010100
0001010100100100
0000110111101011
0000010010000110
1111101001101110
1111000100110010
1110101001000101
1110011010111010
1110011100100000
1110101101100111
1111001011100100
1111110001101110
0000011010000110
0000111110011011
0001011000111111
0001100101101010
0001100010011100
0001001111110101
0000110000101110
0000001001111111
1111100001101100
1110111110001000
1110100100111000
1110011001111001
1110011110111011
1110110011001011
1111010011011111
1111111010110010
0000100010111010
0001000101100011
0001011101010010
0001100110010111
0001011111010110
0001001001010110
0000100111110010
1111111111111111
1111011000001011
1110110110100111
1110100000101000
1110011001101001
1110100010110100
1110111010101011
1111011101011110
0000000101101101
0000101101000100
0001001101010100
0001100001010111
0001100110000001
0001011010100011
0001000000110001
0000011100101111
1111110100001010
1111001101011100
1110101110101110
1110011100111000
1110011010101110
1110101000101000
1111000100011001
1111101001101000
0000010010011001
0000111000010000
0001010101001101
0001100100100111
0001100100000011
0001010011100101
0000110101110100
0000001111011111
1111100110101101
1111000001111100
1110100111000010
1110011010010011
1110011101110001
1110110000111001
1111010000101000
1111110111111100
0000100000100001
0001000011111011
0001011100100000
0001100110010100
0001011111110001
0001001001111011
0000101000010000
0000000000001001
1111011000000001
1110110110010001
1110100000010100
1110011001101100
1110100011011100
1110111100000010
1111011111100010
0000001000001110
0000101111100111
0001001111011000
0001100010011001
0001100101101000
0001011000100001
0000111101001100
0000011000000010
1111101111000000
1111001000101101
1110101011010010
1110011011100000
1110011011111001
1110101100011011
1111001010011010
1111110001000011
0000011010000110
0000111110111100
0001011001101001
0001100101111000
0001100001101011
0001001101101100
0000101101001001
0000000101010011
1111011100100111
1110111001100111
1110100010000001
1110011001100111
1110100001110010
1110111001001110
1111011100001000
0000000100110110
0000101100110011
0001001101011111
0001100001100111
0001100101111001
0001011001101001
0000111110110101
0000011001110100
1111110000100110
1111001001111000
1110101011111100
1110011011101100
1110011011110000
1110101100001000
1111001010001011
1111110000111111
0000011010010000
0000111111010000
0001011001111100
0001100101111110
0001100001010111
0001001100110111
0000101011110011
0000000011100110
1111011010110011
1110111000000100
1110100001000110
1110011001101001
1110100010111011
1110111011011101
1111011111001101
0000001000010101
0000110000000110
0001010000000000
0001100010110010
0001100101011000
0001010111010101
0000111010111101
0000010100111010
1111101011011011
1111000101010011
1110101000110100
1110011010101010
1110011101001011
1110101111111100
1111001111111001
1111110111110000
0000100000111110
0001000100110010
0001011101010001
0001100110011000
0001011110100111
0001000111001111
0000100100000111
1111111011000001
1111010010101111
1110110001111011
1110011110000001
1110011010010010
1110100111011000
1111000011001000
1111101000111101
0000010010100110
0000111001001010
0001010110010010
0001100101000111
0001100011001011
0001010000110100
0000110001000010
0000001001001000
1111011111101101
1110111011101000
1110100010111001
1110011001101000
1110100001011000
1110111000110110
1111011100001010
0000000101011011
0000101101110011
0001001110100100
0001100010010000
0001100101100101
0001010111111111
0000111011101110
0000010101100000
1111101011101100
1111000101010000
1110101000101000
1110011010100100
1110011101011101
1110110000110011
1111010001011001
1111111001110001
0000100011001100
0001000110110000
0001011110011110
0001100110011000
0001011101001001
0001000100010100
0000100000000010
1111110110011000
1111001110010101
1110101110100110
1110011100100010
1110011011001001
1110101010101101
1111001000100101
1111101111110010
0000011001101101
0000111111010100
0001011010010011
0001100110000101
0001100000101100
0001001011000010
0000101000101110
1111111111100100
1111010110011101
1110110100010111
1110011111000000
1110011010000000
1110100110001110
1111000001100110
1111100111100000
0000010001100011
0000111000101001
0001010110001011
0001100101001001
0001100011000000
0001010000000111
0000101111101010
0000000111001000
1111011101011010
1110111001100001
1110100001100100
1110011001101000
1110100011000011
1110111100001111
1111100000111011
0000001010111001
0000110011000001
0001010010011111
0001100011111101
0001100100011011
0001010011110101
0000110100111101
0000001101000101
1111100010111111
1110111101110100
1110100011111001
1110011001101011
1110100000111001
1110111000010101
1111011011111111
0000000101110010
0000101110100111
0001001111011111
0001100010110011
0001100101001111
0001010110011000
0000111000101111
0000010001011010
1111100111000110
1111000001000010
1110100101101111
1110011001111001
1110011111100010
1110110101101101
1111011000101000
0000000010010001
0000101011100011
0001001101011000
0001100001111010
0001100101101010
0001010111111100
0000111011000111
0000010100001000
1111101001101100
1111000011000100
1110100110111011
1110011010000110
1110011110110100
1110110100010001
1111010110110001
0000000000010111
0000101001111011
0001001100010000
0001100001011100
0001100101110100
0001011000101000
0000111100001000
0000010101010000
1111101010101101
1111000011110100
1110100111010101
1110011010001011
1110011110101000
1110110011111011
1111010110011010
0000000000000100
0000101001110000
0001001100001101
0001100001011101
0001100101110011
0001011000100000
0000111011110110
0000010100110011
1111101010001010
1111000011010010
1110100110111100
1110011010000101
1110011110111100
1110110100101011
1111010111100000
0000000001011001
0000101011000011
0001001101001101
0001100001111100
0001100101100110
0001010111100100
0000111010010000
0000010010110010
1111101000000010
1111000001011101
1110100101110010
1110011001111000
1110011111110011
1110110110100010
1111011010000111
0000000100010100
0000101101110001
0001001111001111
0001100010110101
0001100101001000
0001010101101110
0000110111010010
0000001111001010
1111100100011000
1110111110011011
1110100011111110
1110011001101010
1110100001010100
1110111001100110
1111011110010000
0000001000110101
0000110001111000
0001010010001010
0001100011111111
0001100100001111
0001010010110110
0000110010110111
0000001001111010
1111011111001111
1110111010010011
1110100001101010
1110011001101001
1110100011101100
1110111110000001
1111100100000000
0000001110111011
0000110111001111
0001010101110010
0001100101001100
0001100010101100
0001001110110000
0000101100110111
0000000011000010
1111011000101011
1110110101010001
1110011111000101
1110011010000101
1110100111001001
1111000011111101
1111101011011011
0000010110100011
0000111101101100
0001011001111000
0001100110000111
0001100000001101
0001001001001100
0000100101001011
1111111010100011
1111010000111000
1110101111100101
1110011100100110
1110011011010100
1110101011111110
1111001011100110
1111110100100100
0000011111100100
0001000100111110
0001011110000100
0001100110011000
0001011100011010
0001000001111100
0000011011101100
1111110000100000
1111001000000100
1110101001100111
1110011010100111
1110011101110001
1110110010011111
1111010101000110
1111111111011001
0000101001110011
0001001100101111
0001100001111010
0001100101100010
0001010110111100
0000111000110000
0000010000010111
1111100101000011
1110111110100011
1110100011110100
1110011001101001
1110100001110111
1110111011000010
1111100000100111
0000001011110101
0000110100111100
0001010100100001
0001100100111000
0001100011000100
0001001111011001
0000101101011001
0000000011001101
1111011000011101
1110110100110100
1110011110101111
1110011010001111
1110101000000111
1111000101111000
1111101110001010
0000011001101010
0001000000100010
0001011011101111
0001100110010110
0001011110011011
0001000101011001
0000011111110010
1111110100011011
1111001011001001
1110101011011100
1110011011000101
1110011101000010
1110110000111101
1111010011001111
1111111101101001
0000101000011111
0001001011111111
0001100001101011
0001100101100110
0001010111000010
0000111000101001
0000001111111010
1111100100010100
1110111101101110
1110100011001101
1110011001100111
1110100010101100
1110111100110010
1111100011001001
0000001110110001
0000110111101110
0001010110100000
0001100101011110
0001100001111010
0001001100011100
0000101001000000
1111111110000011
1111010011011101
1110110001000000
1110011101000000
1110011011001001
1110101011110001
1111001011110101
1111110101011101
0000100001000001
0001000110100011
0001011111001000
0001100110010000
0001011010100110
0000111110010011
0000010110100011
1111101010101010
1111000010101011
1110100101111110
1110011001110100
1110100000011110
1110111000101110
1111011110000110
0000001001101101
0000110011100011
0001010011111010
0001100100110010
0001100011000101
0001001111000101
0000101100100000
0000000001101100
1111010110100100
1110110011000110
1110011101110100
1110011010101100
1110101010010011
1111001001110001
1111110011010010
0000011111001000
0001000101010000
0001011110100010
0001100110010100
0001011011001000
0000111111000011
0000010111010001
1111101011001100
1111000010111100
1110100110000010
1110011001110100
1110100000100101
1110111001000101
1111011110110001
0000001010101000
0000110100100001
0001010100101010
0001100101000011
0001100010101000
0001001101110101
0000101010100010
1111111111010101
1111010100001110
1110110001010010
1110011101000001
1110011011001101
1110101100001110
1111001100111000
1111110111000101
0000100010111100
0001001000010011
0001100000001010
0001100110000001
0001011000110100
0000111010111111
0000010010000111
1111100101110111
1110111110011110
1110100011010111
1110011001100111
1110100011000011
1110111101111011
1111100101001100
0000010001011111
0000111010100001
0001011000100100
0001100101111111
0001100000010000
0001001000011011
0000100010111110
1111110110111101
1111001100101000
1110101011111101
1110011011000110
1110011101001111
1110110001111110
1111010101011011
0000000000111001
0000101100001101
0001001111001100
0001100011001111
0001100100100100
0001010010111010
0000110001100110
0000000110111010
1111011010111011
1110110101111011
1110011110111011
1110011010010010
1110101000111000
1111000111111110
1111110001101010
0000011110000100
0001000100110011
0001011110100000
0001100110010011
0001011010101101
0000111101111001
0000010101010110
1111101000110000
1111000000100100
1110100100011001
1110011001101001
1110100010010101
1110111100110100
1111100100000110
0000010000101010
0000111010000101
0001011000011101
0001100110000000
0001100000000111
0001000111111011
0000100010000010
1111110101101010
1111001011001111
1110101010110111
1110011010101111
1110011101111100
1110110011110111
1111011000010100
0000000100010110
0000101111100101
0001010001101101
0001100100001111
0001100011100101
0001001111111000
0000101100111001
0000000001010011
1111010101011110
1110110001110001
1110011101000011
1110011011010011
1110101100110110
1111001110010111
1111111001011001
0000100101101100
0001001010110001
0001100001100000
0001100101100000
0001010110000000
0000110101111110
0000001011100011
1111011110111011
1110111000101001
1110100000000101
1110011001111111
1110100111100010
1111000110001000
1111101111111000
0000011100101110
0001000100000100
0001011110010010
0001100110010011
0001011010100110
0000111101011001
0000010100010101
1111100111010110
1110111111000111
1110100011011010
1110011001100111
1110100011100111
1110111111011111
1111100111110111
0000010100111001
0000111101111010
0001011010111011
0001100110010101
0001011101111010
0001000011010010
0000011011100110
1111101110100100
1111000100111001
1110100110101101
1110011001110110
1110100000110101
1110111010010011
1111100001010101
0000001110010100
0000111000100010
0001010111110001
0001100101111011
0001100000001111
0001000111110100
0000100001011001
1111110100011110
1111001001110010
1110101001101010
1110011010011000
1110011110111010
1110110110011001
1111011100010000
0000001001000101
0000110100001010
0001010101000011
0001100101010101
0001100001110010
0001001011001000
0000100101110001
1111111001000010
1111001101101000
1110101100000110
1110011010111111
1110011101101010
1110110011101000
1111011000100011
0000000101001110
0000110000111000
0001010010111101
0001100100110000
0001100010110001
0001001101011000
0000101000110011
1111111100001100
1111010000010101
1110101101110101
1110011011011111
1110011100111011
1110110001110111
1111010110001100
0000000010110000
0000101110110010
0001010001100110
0001100100010101
0001100011010010
0001001110101010
0000101010100000
1111111101111110
1111010001110100
1110101110110010
1110011011110010
1110011100100110
1110110001000011
1111010101001000
0000000001101011
0000101101111011
0001010001000100
0001100100001011
0001100011011101
0001001111000001
0000101010111011
1111111110010101
1111010010000011
1110101110111000
1110011011110011
1110011100100110
1110110001001001
1111010101010110
0000000010000001
0000101110010011
0001010001011001
0001100100010100
0001100011010001
0001001110011111
0000101010000101
1111111101010011
1111010001000010
1110101110001000
1110011011100010
1110011100111101
1110110010001000
1111010110110101
0000000011110000
0000101111111011
0001010010100011
0001100100101100
0001100010101110
0001001101000010
0000100111111100
1111111010110111
1111001110110011
1110101100100101
1110011011000010
1110011101101101
1110110100000100
1111011001101000
0000000110111000
0000110010110001
0001010100011111
0001100101010001
0001100001101111
0001001010100110
0000100100011110
1111110111000010
1111001011011001
1110101010010011
1110011010011100
1110011110111111
1110110111000010
1111011101110010
0000001011011001
0000110110101111
0001010111000100
0001100101110111
0001100000001001
0001000111000011
0000011111101000
1111110001110101
1111000110111000
1110100111011100
1110011001111000
1110100000111011
1110111011001011
1111100011010101
0000010001010010
0000111011110000
0001011010001001
0001100110010100
0001011101110010
0001000010010001
0000011001010110
1111101011010011
1111000001011010
1110100100001110
1110011001100111
1110100011110001
1111000000101000
1111101010010110
0000011000011101
0001000001101000
0001011101011110
0001100110010101
0001011010011010
0000111100000111
0000010001100101
1111100011011111
1110111011001011
1110100000110111
1110011001111010
1110100111101111
1111000111100011
1111110010110111
0000100000110110
0001001000001010
0001100000110001
0001100101101000
0001010101110001
0000110100011001
0000001000010100
1111011010100011
1110110100011011
1110011101101110
1110011011000111
1110101101001000
1111010000000110
1111111100111000
0000101010010010
0001001111000011
0001100011101001
0001100011110101
0001001111100100
0000101010111111
1111111101100110
1111010000101100
1110101101011111
1110011011001101
1110011101100111
1110110100001110
1111011010011001
0000001000010011
0000110100100000
0001010101111011
0001100101101100
0001100000100010
0001000111100001
0000011111110001
1111110001100000
1111000110001100
1110100110110010
1110011001110001
1110100001110100
1110111101010010
1111100110100001
0000010101000000
0000111111001011
0001011100010100
0001100110011001
0001011011010100
0000111101011000
0000010010110000
1111100100010000
1110111011011110
1110100000110111
1110011001111100
1110101000001001
1111001000100010
1111110100011011
0000100010101101
0001001001110100
0001100001101000
0001100101001101
0001010011110010
0000110000111111
0000000100000000
1111010110001101
1110110001000100
1110011100010101
1110011100010010
1110110000111110
1111010110000110
0000000011111011
0000110000111101
0001010011110100
0001100101001110
0001100001100011
0001001001100100
0000100010010000
1111110011110011
1111000111111000
1110100111101010
1110011001110111
1110100001010111
1110111100101000
1111100101111110
0000010100101111
0000111111001100
0001011100011100
0001100110011000
0001011010111010
0000111100011011
0000010001010010
1111100010100011
1110111001111100
1110100000000001
1110011010001100
1110101001101100
1111001011010010
1111110111111100
0000100110010010
0001001100100111
0001100010110111
0001100100011000
0001010000110011
0000101100010001
1111111110011100
1111010000111010
1110101101010010
1110011011000011
1110011110000010
1110110101101001
1111011100111010
0000001011100011
0000110111110010
0001011000010001
0001100110001010
0001011110100001
0001000010111100
0000011001010000
1111101010001111
1110111111110011
1110100010111010
1110011001101011
1110100110000011
1111000101011011
1111110001001100
0000100000000101
0001001000001101
0001100001000100
0001100101011001
0001010100010000
0000110001010010
0000000011110111
1111010101101000
1110110000010111
1110011011111110
1110011100110010
1110110010101001
1111011000111010
0000000111011110
0000110100011110
0001010110010101
0001100101110111
0001011111101111
0001000101010010
0000011100000101
1111101100111011
1111000001110100
1110100011111010
1110011001100111
1110100101001000
1111000011111110
1111101111101000
0000011110110001
0001000111010111
0001100000101111
0001100101100000
0001010100100110
0000110001101001
0000000100000110
1111010101101010
1110110000010001
1110011011111001
1110011100111011
1110110011001000
1111011001110001
0000001000100110
0000110101100110
0001010111001000
0001100110000001
0001011111000011
0001000011101111
0000011001111001
1111101010100000
1110111111101101
1110100010101101
1110011001101101
1110100110101010
1111000110110011
1111110011001110
0000100010011001
0001001010001011
0001100010000010
0001100100110101
0001010001111011
0000101101011010
1111111111001000
1111010001000000
1110101101000000
1110011010111000
1110011110100001
1110110111001011
1111011111100010
0000001110111001
0000111011000011
0001011010011110
0001100110011000
0001011100001100
0000111110000110
0000010010100101
1111100011000100
1110111001110010
1110011111101011
1110011010011001
1110101011000110
1111001110001011
1111111100000010
0000101010110000
0001010000001111
0001100100010110
0001100010101101
0001001011101011
0000100100001111
1111110100111101
1111001000000010
1110100111010001
1110011001110000
1110100010011100
1110111111011100
1111101010011111
0000011010001100
0001000100001110
0001011111011100
0001100101111000
0001010110001011
0000110011101101
0000000101111110
1111010110111101
1110110000110110
1110011011111111
1110011100111011
1110110011011110
1111011010101100
0000001010000100
0000110111010000
0001011000011000
0001100110001110
0001011101101111
0001000000110010
0000010101101010
1111100101110100
1110111011101011
1110100000011110
1110011010001010
1110101010001001
1111001100111011
1111111010111001
0000101001111110
0001001111111000
0001100100010010
0001100010101101
0001001011011111
0000100011101101
1111110100000110
1111000111000101
1110100110100100
1110011001101011
1110100011010001
1111000001001111
1111101101000000
0000011100111100
0001000110100010
0001100000101000
0001100101011100
0001010011111100
0000101111111101
0000000001011001
1111010010100010
1110101101101100
1110011010111110
1110011110100001
1110110111100101
1111100000101000
0000010000100101
0000111100111001
0001011011110001
0001100110011000
0001011010011000
0000111010011001
0000001101011111
1111011101100111
1110110101010101
1110011101100100
1110011011100101
1110101111110100
1111010101110101
0000000101001011
0000110011011000
0001010110001110
0001100101111100
0001011111000011
0001000011000101
0000011000001110
1111101000000000
1110111101000101
1110100001000001
1110011010000011
1110101001110000
1111001100100111
1111111010111010
0000101010010101
0001010000010111
0001100100100001
0001100010010010
0001001010001011
0000100001100011
1111110001011100
1111000100100100
1110100100111100
1110011001100111
1110100101001000
1111000100111010
1111110001111001
0000100010000001
0001001010100100
0001100010011110
0001100100010111
0001001111110101
0000101001011101
1111111001110100
1111001011100010
1110101000111111
1110011001111011
1110100001101101
1110111110100110
1111101010001010
0000011010100110
0001000101000111
0001100000000111
0001100101100101
0001010100010000
0000110000000001
0000000001000000
1111010001110001
1110101100111001
1110011010101100
1110011111010000
1110111001100100
1111100011101101
0000010100001110
0001000000001101
0001011101101111
0001100110001011
0001010111100111
0000110101010100
0000000110111111
1111010111000111
1110110000011011
1110011011101011
1110011101100011
1110110101101001
1111011110100010
0000001110111101
0000111100000001
0001011011100011
0001100110011000
0001011010000101
0000111001011011
0000001011110001
1111011011011101
1110110011011001
1110011100101011
1110011100011011
1110110010101111
1111011010100100
0000001010110110
0000111000101101
0001011001101101
0001100110010111
0001011011110100
0000111100011011
0000001111010100
1111011110101111
1110110101101100
1110011101100001
1110011011101111
1110110000101111
1111010111110001
0000000111111011
0000110110010100
0001011000010110
0001100110010001
0001011100111011
0000111110011001
0000010001101010
1111100000111001
1110110111001101
1110011110000111
1110011011010110
1110101111100010
1111010110000110
0000000110001101
0000110100111011
0001010111100100
0001100110001100
0001011101011110
0000111111011001
0000010010110011
1111100001111011
1110110111111010
1110011110011000
1110011011001101
1110101111000111
1111010101100011
0000000101101101
0000110100100100
0001010111011001
0001100110001011
0001011101100010
0000111111011011
0000010010110000
1111100001110010
1110110111101111
1110011110010010
1110011011010010
1110101111011011
1111010110000110
0000000110011001
0000110101010000
0001010111110110
0001100110001111
0001011101000110
0000111110100000
0000010001100001
1111100000100000
1110110110101110
1110011101110101
1110011011100101
1110110000011111
1111010111110000
0000001000010011
0000110110111100
0001011000111010
0001100110010101
0001011100001000
0000111100100111
0000001111000110
1111011110000101
1110110100111010
1110011101000110
1110011100001011
1110110010011000
1111011010100011
0000001011011001
0000111001100111
0001011010100000
0001100110011001
0001011010100011
0000111001101100
0000001011011101
1111011010100011
1110110010010101
1110011100001001
1110011101001010
1110110101001000
1111011110100001
0000001111101011
0000111101001101
0001011100100001
0001100110010011
0001011000010001
0000110101101011
0000000110100110
1111010101111110
1110101111001000
1110011011001000
1110011110101001
1110111000111000
1111100011101100
0000010101000111
0001000001101000
0001011110110100
0001100101111000
0001010101001000
0000110000011111
0000000000100000
1111010000011011
1110101011011100
1110011010001111
1110100000110110
1110111101101111
1111101010001001
0000011011101010
0001000110101110
0001100001001110
0001100100111011
0001010000111110
0000101010000010
1111111001001111
1111001010000000
1110100111011101
1110011001101011
1110100011111100
1111000011110101
1111110001110111
0000100011001110
0001001100010100
0001100011011101
0001100011001110
0001001011101000
0000100010001110
1111110000110010
1111000010111001
1110100011011010
1110011001101111
1110101000001010
1111001011010100
1111111010111001
0000101011101010
0001010010001010
0001100101010001
0001100000011101
0001000100111000
0000011001000001
1111100111010000
1110111011010101
1110011111101000
1110011010101101
1110101101110001
1111010100010010
0000000101001001
0000110100110011
0001010111111101
0001100110010010
0001011100011000
0000111100100101
0000001110011001
1111011100110100
1110110011100100
1110011100011100
1110011100111101
1110110100111111
1111011110110101
0000010000100011
0000111110010111
0001011101010110
0001100110001001
0001010110101010
0000110010100011
0000000010011010
1111010001101101
1110101100000000
1110011010010011
1110100000110100
1110111110000001
1111101010111101
0000011100111010
0001000111111111
0001100001111001
0001100100011100
0001001111000001
0000100110101111
1111110101001101
1111000110001111
1110100101000100
1110011001101000
1110100110101010
1111001001000100
1111111000101000
0000101001111100
0001010001001110
0001100101000101
0001100000101111
0001000101001101
0000011001000110
1111100110111111
1110111010110110
1110011111010010
1110011010111011
1110101110110100
1111010110001100
0000000111100111
0000110111001101
0001011001100011
0001100110011001
0001011010100111
0000111001000100
0000001001110001
1111011000001001
1110110000000101
1110011011010000
1110011110101011
1110111001100010
1111100101011000
0000010111100111
0001000100001100
0001100000010101
0001100101001111
0001010001101111
0000101010100000
1111111001000010
1111001001001110
1110100110101000
1110011001100111
1110100101010110
1111000110111111
1111110110011010
0000101000001010
0001010000001101
0001100100110110
0001100001000110
0001000101110101
0000011001101010
1111100111010010
1110111010111000
1110011111001101
1110011011000000
1110101111010010
1111010111001010
0000001000111011
0000111000100010
0001011010011100
0001100110011001
0001011001011110
0000110110110100
0000000110110101
1111010101001101
1110101101111101
1110011010101010
1110100000000001
1110111100101110
1111101001110100
0000011100010100
0001000111111011
0001100010000001
0001100100001111
0001001110000001
0000100100110010
1111110010100101
1111000011101000
1110100011011010
1110011001110010
1110101001000111
1111001101101010
1111111110100001
0000101111101110
0001010101010010
0001100110000000
0001011101110010
0000111110101000
0000010000001000
1111011101101101
1110110011101001
1110011100010010
1110011101010110
1110110110100101
1111100001110100
0000010100011100
0001000010000100
0001011111100000
0001100101100000
0001010010100110
0000101011011011
1111111001100101
1111001001010011
1110100110011101
1110011001100111
1110100101111100
1111001000011010
1111111000100100
0000101010100010
0001010010000100
0001100101011001
0001011111110001
0001000010100011
0000010100111100
1111100010001011
1110110110101111
1110011101010111
1110011100010100
1110110011110110
1111011110001100
0000010000110111
0000111111011001
0001011110010001
0001100101111000
0001010100010011
0000101101111001
1111111100001001
1111001011010101
1110100111100011
1110011001101001
1110100101000100
1111000111000001
1111110111000100
0000101001010101
0001010001011000
0001100101010000
0001100000000010
0001000011000000
0000010101010110
1111100010011010
1110110110110010
1110011101010101
1110011100011000
1110110100001011
1111011110110011
0000010001101011
0001000000001011
0001011110101111
0001100101101110
0001010011011010
0000101100010110
1111111010001111
1111001001100100
1110100110011011
1110011001100111
1110100110010011
1111001001010111
1111111010000010
0000101100001101
0001010011010111
0001100101101110
0001011110101101
0001000000000010
0000010001011000
1111011110011000
1110110011110001
1110011100001101
1110011101100110
1110110111100101
1111100011101100
0000010110111000
0001000100010111
0001100000101111
0001100100111001
0001001111110010
0000100110101011
1111110011111001
1111000100001000
1110100011010111
1110011001110101
1110101001111100
1111001111101000
0000000001011110
0000110010111101
0001010111101001
0001100110010101
0001011011010011
0000111001010100
0000001000111011
1111010110010011
1110101110001001
1110011010100101
1110100000100010
1110111110100010
1111101101000001
0000100000010010
0001001011011011
0001100011100101
0001100010101000
0001001000110011
0000011100100111
1111101001001110
1110111011100011
1110011111001010
1110011011001110
1110110000101111
1111011010010001
0000001101010110
0000111101000100
0001011101010110
0001100110000010
0001010100111001
0000101110010010
1111111011111110
1111001010101001
1110100110110110
1110011001100111
1110100110010101
1111001001110001
1111111010111110
0000101101011100
0001010100011010
0001100101111101
0001011101101001
0000111101100011
0000001101110100
1111011010100110
1110110000110110
1110011011001110
1110011111001101
1110111011110011
1111101001110000
0000011101010110
0001001001100000
0001100010111101
0001100011001101
0001001010001101
0000011110010010
1111101010101010
1110111100011101
1110011111011110
1110011011000110
1110110000011101
1111011010001000
0000001101011100
0000111101010111
0001011101100110
0001100101111100
0001010100001111
0000101101000000
1111111010010010
1111001000111111
1110100101110001
1110011001101000
1110100111101100
1111001100010110
1111111110010000
0000110000100101
0001010110100000
0001100110010000
0001011011110011
0000111001110100
0000001000111111
1111010101111000
1110101101100011
1110011010011000
1110100001010011
1111000000100010
1111110000000101
0000100011101110
0001001110001100
0001100100100100
0001100001000101
0001000100101001
0000010110100001
1111100010101000
1110110110010001
1110011100111001
1110011101000010
1110110110101011
1111100011001110
0000010111001011
0001000101001011
0001100001010101
0001100100011001
0001001101100011
0000100010101100
1111101110111000
1110111111011110
1110100000101110
1110011010100110
1110101110101011
1111010111110010
0000001011010001
0000111011111000
0001011100111111
0001100110000011
0001010100101100
0000101101011001
1111111010010111
1111001000110001
1110100101011111
1110011001101010
1110101000010111
1111001101110011
0000000000010000
0000110010101010
0001010111111011
0001100110010111
0001011010001111
0000110110101010
0000000100111000
1111010001110101
1110101010110010
1110011001111000
1110100011100010
1111000101010000
1111110110010000
0000101001110011
0001010010011110
0001100101101011
0001011110011001
0000111110100001
0000001110010101
1111011010011011
1110110000010011
1110011010111101
1110011111111110
1110111110000011
1111101101010111
0000100001100001
0001001100111101
0001100100010010
0001100001011010
0001000101000100
0000010110101011
1111100010010110
1110110101110001
1110011100100110
1110011101011101
1110111000000111
1111100101100110
0000011001111111
0001000111100110
0001100010011100
0001100011011111
0001001010011100
0000011101110111
1111101001011101
1110111010111101
1110011110100100
1110011011110001
1110110011010010
1111011110111110
0000010011010100
0001000010100111
0001100000011001
0001100100110101
0001001110110000
0000100011111100
1111101111101011
1110111111101100
1110100000101001
1110011010101101
1110101111011101
1111011001011100
0000001101100101
0000111110001010
0001011110010110
0001100101101010
0001010010001000
0000101000111011
1111110100111011
1111000011110101
1110100010101000
1110011010000110
1110101100011111
1111010100111110
0000001000110101
0000111010010111
0001011100011110
0001100110000110
0001010100101101
0000101100111000
1111111001001011
1111000111010001
1110100100011000
1110011001110010
1110101010010010
1111010001100001
0000000101000101
0000110111010100
0001011010110111
0001100110010011
0001010110100100
0000101111110110
1111111100011010
1111001001111010
1110100101110011
1110011001101010
1110101000101111
1111001111000010
0000000010010111
0000110101000101
0001011001101010
0001100110011000
0001010111110100
0000110001110111
1111111110101000
1111001011101111
1110100110110001
1110011001100111
1110100111110001
1111001101011111
0000000000101010
0000110011101100
0001011000111011
0001100110011001
0001011000100000
0000110010111101
1111111111110011
1111001100101011
1110100111010001
1110011001100111
1110100111010110
1111001100110101
0000000000000000
0000110011001100
0001011000101011
0001100110011001
